restaurant_id,restaurant_name,has_menu,method,valid_review_count,top1_menu,top1_count,top2_menu,top2_count,top3_menu,top3_count,top4_menu,top4_count,top5_menu,top5_count
catchtable_mLluihaWZljmgI-yGr7WXg,오젠,True,weighted_match,118,오마카세 코스,11,,,,,,,,
catchtable_dIfpwx_lvK64y14WLfzGdg,또보겠지떡볶이집 강남헬로몽키점,True,weighted_match,236,날치알 볶음밥,45,버터갈릭 감자튀김,41,또보겠지 즉석 떡볶이,2,,,,
catchtable_d3ulzHch1vuKN3909cOocg,빕스 부산서면점,True,weighted_match,334,안심&채끝 스테이크,37,안심 스테이크,35,그릴드 랍스터&채끝 스테이크,34,허브 갈릭 램&채끝 스테이크,34,채끝 스테이크,33
catchtable_GupivtIaBOh33ZBr_XiPlw,고기싸롱 왕십리점,True,weighted_match,232,무한리필 성인기준,24,,,,,,,,
catchtable_5TCiJVqyIdBjZyQs4mlCyw,7th Door,True,weighted_match,511,런치 와인 페어링,51,디너 와인 페어링,51,주말런치 코스,39,런치 코스,35,디너 코스,35
catchtable_hjYdMR_d0hIILpkDQY8JoA,한비,True,weighted_match,117,수비드 갈비 도삭면,11,트러플 감자전,8,묵은지 육토마끼,7,쑥 아이스&율무 크럼블,5,은대구 곤드레 솥밥,4
catchtable_lh4MgaiNxcYI-hv_lJynyQ,오부이용,True,weighted_match,1591,코스 1,112,코스 2,112,코스 3,109,점심메뉴,1,,
catchtable_jn5ISOcpWQ8ndd-fwX4v2Q,스시소라 정자점,True,weighted_match,3129,런치 스시오마카세,843,디너 스시오마카세,843,,,,,,
catchtable_JvcxPkSV5orH-2w4GKHbiQ,칸나칼국수,True,weighted_match,255,국내최초 닭구이 칸나칼국수,30,100% 국내산 손수 겉절이,19,12시간 이상 고아낸 닭육수,18,100% 국내산 수제 닭구이토핑,2,,
catchtable_15COiU7KwOQu5S2V8i9SZA,우진가 교대점,True,weighted_match,180,안심,8,안창살,5,새우살,2,채끝,2,제비추리,1
catchtable_luRtoD0mQVUsRKFnzgJV5Q,무쇠옥 종각본점,True,weighted_match,126,숯불고기+냉면,80,솔뚜껑 볶음밥,36,삼겹살 150g,3,된장찌개,2,돼지김치구이,2
catchtable_AzgbcNo2WSbtiRIq4oGsPg,일우담(구.우심 일산점),True,weighted_match,136,한우육회비빔밥,23,한우된장찌개,18,한우육회 (180g),17,1++ NO.9 안심 (150g),11,일우담 꽃등심 (150g),10
catchtable_H5agc4lxvloTah4vxPlMpw,콘피에르 셀렉션 롯데월드몰점,True,weighted_match,602,시금치 소스와 한치,6,블러드 오렌지 소르베,6,홍새우 미나리 비스큐 파스타,5,제주 흑돼지 안심 스테이크,3,봉화 오리 라구 파스타,1
catchtable_pZTYqizxB1mzOhdiTmQeFg,장 스테이크하우스,True,weighted_match,353,1++ 한우 스테이크 테이스팅 시그니처 세트,140,1++ 한우 스테이크 테이스팅 베이직 세트,140,1++ 한우 등심 스테이크 300g,27,활바닷가재 & 1++ 한우 스테이크 코스,26,활바닷가재 & 비스크 리조또,23
catchtable_D4HLcezzTC8fG38UcVUEZQ,스시키라쿠,True,weighted_match,1272,런치 오마카세,234,디너 오마카세,232,,,,,,
catchtable_jgsQqhXKJYjlP_r651Z7Hw,산로,True,weighted_match,478,런치 장어덮밥,123,산로 디너 가이세키,42,,,,,,
catchtable_lKYN4y9HPd7LIiSEdzqoWg,고메스퀘어 롯데마트 구리점,True,weighted_match,225,주말 및 공휴일,20,주말 및 공휴일 초등학생,20,주말 및 공휴일 미취학 아동,20,평일 런치,9,평일 디너,7
catchtable_j2HFwyGMr1giD-9-6ucLzg,스낵바세이지 어부bar,True,weighted_match,141,네기도로(참치) 김치낫또 마제소바,27,어부바오마카세 숙성회(소)2인,15,어부바오마카세 숙성회(중)2~3인,15,어부바오마카세 숙성회(대)3~4인,15,명란크림국물만땅파스타,8
catchtable_87yXNW4V59S7l8hZE2mxoA,익스첼,True,weighted_match,253,파히타,14,연어 토스타다,11,고구마 과카몰리,10,비리아 타코,6,까르니타스,4
catchtable_rHV3H4hEI0_uu_psZugQ_A,오동추야,True,weighted_match,337,A.특별한상차림)소왕양념갈비 한 상,55,(점심) A 소양념갈비 한 상,48,신메뉴) 소양념갈비,48,LA 양념갈비,48,한돈명품생갈비,35
catchtable_tZ2mCf6lxzWqSWW5oUGu7g,해쉬 전포점,True,weighted_match,151,목살 플레이트,5,알리오올리오,3,베이컨 포테이토 피자,2,반반피자,1,매콤크림봉골레,1
catchtable_px3JrTxl0fEMbouepmSPhg,탁식,True,weighted_match,163,양념갈비살,27,갈비살 모듬(150g),18,안창살(예약한정메뉴),17,탁면,8,펠앤콜 수제아이스크림(솔티 캬라멜),6
catchtable_dcXPJsgYPKcUVGtgTdX--A,황금콩밭 ,True,weighted_match,507,청국장,33,생두부,25,두부전,21,두부짜글이,11,두부완자,7
catchtable_ps6q8InNSTg7Vwd8YNz2KA,프리미엄 두부 온유담,True,weighted_match,363,눈꽃콩국수 미식면상(시즌한정메뉴-종료),76,눈꽃콩국수 (시즌한정메뉴-종료),57,들깨순두부,42,두부장어미식한상-평일하루20인한정,38,온유담 콩국수 (시즌한정메뉴-종료),32
catchtable_PNubg-qQ0RzwKo8pvR4tHQ,오블리비언 Oblivion,True,weighted_match,212,판나코타,14,브리오슈,12,이베리코 등심,6,태국식 항정살,6,아스파라거스,4
catchtable_k6tCBtnKjHPxhBO7mxyH8Q,은상,True,weighted_match,175,카이센동,13,생새우 덮밥,4,연어 덮밥,2,혼마구로연어 덮밥,1,새우장 덮밥,1
catchtable_imgDPz7zLLYuedJjyPzAlQ,소곤면옥 마곡직영점,True,weighted_match,173,안심,10,평양냉면,5,안창살,2,들기름냉면,1,골동면,1
catchtable_yjwlih1Cp9Q-Bq696zR9Tg,니키,True,weighted_match,123,은대구 유안야끼,7,오늘의 사시미,6,치킨난반,5,렌콘산도,5,마파도후,2
catchtable_O8Sl2bnBiCHDtbzU-RCBvw,네스트호텔 플라츠,True,weighted_match,210,조식 뷔페,62,런치 뷔페 (주중),23,"런치 뷔페 (주말, 공휴일)",23,디너 뷔페 (월~목),23,"디너 뷔페 (금,토,일, 공휴일)",23
catchtable_62mRFKvdtQ0jpJAEfxyEuA,광안리 다이치,True,weighted_match,581,양갈비 1인분 (150g),32,양등심 1인분(120g),22,점심 특선 set 1인,1,,,,
catchtable_7Jb62LUkWCzdrMi3OH0_pQ,삼진포차,True,weighted_match,282,떡볶이,20,순대,11,백화수복,5,청하,2,굴찜,2
catchtable_03IDEfjQD4IIKCHG9EpFww,용각산,True,weighted_match,208,마라갈비,11,멘보샤,11,유린기,6,팔보채,5,양장피,5
catchtable_RFy2rMEFX5X5IY6-Tgr-1A,오롯,True,weighted_match,124,카이센동,7,우니삼합,3,스테이크동,3,전복크림파스타,2,창코나베,1
catchtable_7QW_wOw6LuXeTlGgz-lEqw,우판등심 수원점,True,weighted_match,276,한우 생등심 1인분(150g),46,우판 볶음밥,41,우판 한우된장죽,21,우판 열무국수,3,런치스페셜 1인분(120g),2
catchtable_kMXlVTeSwxzj-QUqeUw9ug,스시타,True,weighted_match,176,런치,7,디너,6,,,,,,
catchtable_FM2aYtrIzVLaL7kVD1fPHg,샤브올데이 일산풍동점,True,weighted_match,130,주말 및 공휴일(고기무제한),13,다양한 샐러드바 무제한 제공,13,리버스탭 맥주 무제한 제공,3,평일점심(고기무제한),2,평일저녁(고기무제한),2
catchtable_9gvYmXOQ7-Pc1Yc6YFpAcg,고향연화,True,weighted_match,989,전복 리조또,222,고향 중화파스타,143,스페셜 화로 파히타 카츠,86,스페셜 안심카츠,18,,
catchtable_BSWersZcMABtH064vRXJOQ,다로베,True,weighted_match,962,DAROBE,2,ALLA NORMA,1,BOLOGNESE,1,PORCINI,1,MARINARA,1
catchtable_1N_NpaYgyHhCXeq00Za50w,쿠촐로 테라짜,True,weighted_match,940,수비드 조리한 양고기+모스카토 다스티 와인으로 조리한 당근,174,쿠촐로 시그니쳐 화이트 라구 파스타,81,어란+드라이 토마토의 오일 링귀니 파스타,74,조개 듬뿍 봉골레 파스타,73,"로마의 맛있는 전통 난장판 로제 소스, ’쪼쪼나 펜네 파스타‘",71
catchtable_YLXzsBY-KHcM2DdSv7Kilg,오스테리아 오르조,True,weighted_match,5302,Sous-vide Pork Dewlap,4,1++ Beef Carpaccio,1,"Shrimp, Ravioli (fresh)",1,Today's Dessert,1,Polpo n Mussels,1
catchtable_GblsekoMxVadmgPzF29gCQ,도산대로,True,weighted_match,102,파김치볶음밥,5,꽃갈비 500g,5,목갈비 450g,5,함흥 물/비빔 냉면,5,삼겹살 200g,5
catchtable_FAkK1hawf5u_5rkp87Qccg,스시미타,True,weighted_match,220,스시 오마카세(런치),64,스시 오마카세(디너),64,,,,,,
catchtable_EbJYv7h4UBj5GJmSpM1R9A,온리고 별내점,True,weighted_match,131,항정살 깻잎 파스타,6,살치살 스테이크,5,라구파스타,1,연어 스테이크,1,청양 베이컨 까르보나라,1
catchtable_xjvHaZ_-zQOKsd6qRYgn8g,비노바인,True,weighted_match,242,와인페어링 3.5,52,비노바인 5.5 코스메뉴,33,비노바인 6.5 코스메뉴,33,런치코스 3.5,25,,
catchtable_n1kEMDST4nL3cee05tO-IQ,청담돈블랑,True,weighted_match,170,아랫고기(生삼겹살),43,윗고기(生목등심),42,돈블랑 국수,13,된장찌개,10,돼지 제육볶음,10
catchtable_qP3qYea0tR0KjNH0M46zdw,우아라 광화문,True,weighted_match,1427,런치 스페셜 코스 (110g/140g),295,우아라 시그니처 코스 (140g),293,런치 A 코스,281,런치 B 코스(80g/110g/140g),281,런치 C 코스(80g/110g/140g),281
catchtable_XLgS-LCjhmIqtVQDvxSe3A,스시선명,True,weighted_match,493,스시 오마카세,135,,,,,,,,
catchtable_T4JI3hAMKw1VMzdEcUVs6Q,oiljang,True,weighted_match,466,들기름 미나리 장아찌 국수,65,양배추 초리조크림,25,된장가자미&마드라스 커리 버터소스,23,10일 건조 참나무 훈연 오리스테이크,18,제주 말차 빙수 & 막걸리연유,13
catchtable_1tqx1qp_NgJrIFsA9IrLjA,안안 보정점,True,weighted_match,136,반쎄오,29,월남쌈,5,분짜,3,소고기 쌀국수,3,분보후에,3
catchtable_lDDcqIpynbYIAYiW23Eftg,타루키,True,weighted_match,141,디너코스 1인,6,디너코스 1인 (2인 사케1병 주문시),6,주류메뉴(니혼슈 소츄 바틀필수),3,,,,
catchtable_Mq4lmQ9uSjMr2BiBU3iMog,양키스그릴 문래점,True,weighted_match,220,뉴욕 스테이크 250g,51,립엔드스테이크 230g,46,트러플 화이트 라구 파스타,23,치즈 그레이브 파스타,17,매쉬드 포테이토,16
catchtable_2pQvdPGE-AkiD6GJgHJeXQ,파이프그라운드 한남,True,weighted_match,1351,옥수수 피자,154,페퍼로니 피자,22,화이트 라구 파스타,20,시저 샐러드,8,레드 라구 파스타,7
catchtable_zZ4Zc0UIXiq3MXstak4xTA,홈수끼 방이본점,True,weighted_match,286,고급그린채소,13,런치A코스(평일),10,런치B코스(평일),10,런치D코스(평일),10,디너A코스(평일/주말),10
catchtable_ncoEozbpQQEGOU0VNZyHBg,오우칸,True,weighted_match,268,전복 게우 크림파스타,43,사시미 모리아와세(12 ~ 14종),34,스키야끼,9,후토마끼,9,오늘의 덴뿌라,3
catchtable_y79VmbKnWje_znOOnFZ59A,ETF베이커리 ,True,weighted_match,399,트러플 소금빵 미듐,91,솔티드 버터 바게트,32,리코타 단호박 오픈 샌드위치,24,파스트라미 당근 라페 오픈 샌드위치,24,★시그니처★ 두바이초코 딸기 케이크 미듐,22
catchtable_ZhkMwQWQH8y3lAPsl16aMw,Steakist 스테이키스트,True,weighted_match,1435,GLC 기념일차림 *2인코스가격,568,Fabulous 한우 명품차림 *2인코스가격,185,MeatLover 한우차림 *2인코스가격,141,수제 갈릭버터 올브 브레드 2pc,40,그라바드 락스 캐비어,9
catchtable_VNNcX6NTZbtkZk3rbIXWhA,우시야 남포점,True,weighted_match,133,솥밥,13,안심,4,채끝,3,업진살,2,늑간살,2
catchtable_KMbAoclChKAslkAy9u_tZw,비플리끄,True,weighted_match,289,,,,,,,,,,
catchtable_u0Yj_Jy1Y_s0l9WSZxcBxA,파파라구,True,weighted_match,302,화이트 크림 파스타,79,써니피자(시그니쳐),52,크림&머쉬룸 라자냐(하루25개 한정),49,라구 라자냐(시그니쳐/하루30개한정),47,라구 파스타(국내최초 데체코마팔디네),47
catchtable_gG7d8iKm79RpBLzq-ltnow,상수 냉장고,True,weighted_match,223,목살 (150g),50,삼겹살 (150g),29,명란 계란찜,12,된장/김치찌개,10,항정살 (150g),9
catchtable_5AKtgdh4fud7Fhc_8e6cvg,단미그린비,True,weighted_match,754,자연정찬,43,귀연정찬,20,미소정찬,4,현보정찬,3,해연정찬,2
catchtable_5GjXdqILgJjobJejIa4aYw,틴서울 tiiin seoul,True,weighted_match,1078,,,,,,,,,,
catchtable_N73wBAr_ciYbpJ0CL2eZOw,우마담 문래,True,weighted_match,393,우마담 문래 오마카세,47,우마담 문래 런치 오마카세,47,,,,,,
catchtable_F3ToYMIDIC4vKwUrCtd49A,SOUPER 마포점,True,weighted_match,104,클래식 프로슈토 샌드위치,2,닭고기 야채 수프,2,송이송이 트러플 비스크,2,토마토 바질 크림,1,샌드위치 콤보,1
catchtable_mrmO9nbasY-k6xlSId7aWA,고메스퀘어 민락점,True,weighted_match,113,미취학 아동,2,런치,1,,,,,,
catchtable_HY9_gO7Ebps6qC3E_YxuUA,대장장이 화덕피자 종로 본점,True,weighted_match,208,마르게리따,6,루꼴라,6,리코타 치즈 샐러드,3,깔조네,2,버섯 샐러드,1
catchtable_Cp2sBN6sW5xPC1Sc2uDZHg,카루,True,weighted_match,385,저녁 코스,14,,,,,,,,
catchtable_3cQaZUYgiELVKzm5m-DPsw,플러그인,True,weighted_match,169,에그베네딕트,4,에그인헬,4,토마토 리코타 샐러드,1,프렌치 토스트,1,김치볶음밥,1
catchtable_KtLB40vkDlQEUgYNawXPeg,그래니살룬,True,weighted_match,170,미트볼 딥 디쉬 피자,49,미트볼과 버섯리조또(소스선택 1),27,미트볼과 소스(소스선택1),20,트러플새우 오일파스타,10,스파이시 꽃게 로제 파스타,9
catchtable_Oa6-RjUg4bGI5lj6A4aAqA,미야비 하나레,True,weighted_match,218,장어구이,2,옥돔구이,2,대게 비스크 파스타,2,고등어 봉초밥,2,가지튀김,1
catchtable_G7WwXaJFaAzIMGlhc2BbvQ,울루울루,True,weighted_match,778,"브레브 볼, 바질 크림 파스타",55,트러플 차돌 풍기 볶음밥,40,모타델라 샐러드 파스타,33,청양 갈릭 국물 파스타,30,키조개 관자 치오피노,30
catchtable_BarmTkNuPNY50qoIiOd_EA,마테르 (mater),True,weighted_match,1091,,,,,,,,,,
catchtable_SLyVoUwGLpWcCIC9t413IA,스시진원,True,weighted_match,138,스시오마카세,35,,,,,,,,
catchtable_Kt-zLqtLYu33m8c6JjPxMA,샤브올데이 서울 구파발점,True,weighted_match,125,다양한 샐러드바 무제한 제공!,27,신선한 월남쌈 무제한 제공!,6,품질 좋은 소고기 무제한 제공!,5,리버스탭 무제한 제공!,4,주말 및 공휴일(고기무제한),4
catchtable_z2MfLdnKpSZxKC_ssPZE1w,이소,True,weighted_match,163,슈토파스타,4,마구로치즈아에,2,우나기 시오야끼,1,고등어 보우스시,1,세비체,1
catchtable_BugFepO0wAZpkposwgudlA,함루 본점,True,weighted_match,222,장어 계란말이,62,히츠마부시 바다장어,9,히츠마부시 (1마리),7,히츠마부시 (1.5마리),7,히츠마부시 (0.5마리),7
catchtable_LqXIuRgfdL5-y9Z9QKkwBA,83해치 동래점,True,weighted_match,378,된장술밥,46,해치 돌판 볶음밥,20,돼지껍데기,15,생목살,10,촌된장찌개,7
catchtable_4KpHBkVKr1gH6AFRYodcJg,봄담아 신풍역점,True,weighted_match,164,고기완자,33,평일LUNCH 샤브샤브 대인,12,평일LUNCH 샤브샤브 소인,12,평일DINNER 샤브샤브 대인,12,평일DINNER 샤브샤브 소인,12
catchtable_WgsrWRcE8EOpoYVDzuBveA,유용욱 바베큐 연구소,True,weighted_match,212,런치 코스,22,디너 코스,22,,,,,,
catchtable_eUSrtbYmrcxFjU4lLxLHjg,월래순교자관,True,weighted_match,582,군만두,179,계란볶음밥,48,소룡포,40,가지튀김볶음,19,고기완자,9
catchtable_ghpCBDZtpsG7TYAzGPxLPA,장어타운,True,weighted_match,110,잔치국수,7,싱싱 야채 한접시(무료),3,동글 밤호박&고구마 샐러드(무료),2,명품 풍천민물장어,2,우렁된장찌개,1
catchtable_VMWnPTLaYcxkeDop__E_3A,한와담 서울스테이션,True,weighted_match,135,한우깍두기볶음밥,10,해물 된장찌개,7,한와담 특안심 (130g),5,런치 특안심 세트,5,공기밥,4
catchtable_oRV_4CtNV3Yjplg55MzyFA,김명주뜰안채밥상,True,weighted_match,404,보리굴비,42,간장게장정식 (1인),33,보리굴비정식 (1인),28,고등어구이,22,간장게장 ( 국내산 황게 ),22
catchtable_yvFjku1VzR6awlV4OoEXvQ,서관면옥 교대본점,True,weighted_match,824,평양냉면,145,어복쟁반,29,골동냉면,24,선비냉면,5,한우수육,4
catchtable_29splOHUt7QOaiYDlD2EQA,잘빠진메밀 서촌본점,True,weighted_match,614,순메밀 막국수,138,유자수육,108,메밀새싹 감자전,38,메밀전병,30,잘빠진 술상,24
catchtable_t4g7M2-4JOXwXQaNNBZxmQ,관호 여의도본점,True,weighted_match,128,프렌치 랙(할랄),25,양념 쪽갈비(할랄 일일10인분 한정판매),23,양갈비된장전골(중),16,양갈비 백 전골(중),16,양갈비 된장 전골(소),16
catchtable__bwrZ1Uy4dxAuZsGA_wyRA,강민주의들밥 직영점,True,weighted_match,845,금실 보리굴비,82,불범벅 제육,44,어서기 고등어,40,해선 간장게장,25,강민주의 들밥,7
catchtable_5O9_Wd_CsgQM_EGcl2l3Tg,비채나,True,weighted_match,694,산천코스 (주말/공휴일 점심),79,구학코스 (저녁),76,런치 와인 페어링 5 Glasses,28,디너 와인 페어링 3 Glasses,28,디너 와인 페어링 5 Glasses,28
catchtable_RqR7jBcBSf3OZACxm0qRpw,더블디,True,weighted_match,108,돌 문어 감바스,8,어향 가지튀김,5,관자 오일 파스타,5,클램차우더,4,화이트 라구 파스타,4
catchtable_LxoUIOG-KrtL3YcPXA5uTw,한와담블랙 센트로폴리스점,True,weighted_match,178,성게알 한우육회,10,후식 냉면(물/비빔),9,한우 육회,8,차돌 꺽뚜기 볶음밥,7,한우 해장라면,5
catchtable_EuadiC8aIBMgXPsSes7FJg,리애,True,weighted_match,251,생선까스,65,등심까스,50,프리미엄 등심 + 안심 돈까스,11,프리미엄 등심 + 등심 돈까스,9,안심까스,6
catchtable_e3dMYV8Nh_j7koA6k7Fatg,아마노 AMANO,True,weighted_match,577,,,,,,,,,,
catchtable_-mbo_1apYSC0L2q16Ddo9w,셀라도어,True,weighted_match,541,,,,,,,,,,
catchtable_2guKzmyRwLQ9EmmGnCwfig,몽중헌 방이점,True,weighted_match,1459,유린기,20,구채교,11,양장피,10,하교,8,팔보채,8
catchtable_bkjKO8H9yRRePp-x6zrLTQ,피오레,True,weighted_match,219,스테이크 샐러드,20,포르치니 & 블랙 트러플 안심 크림 리조또,20,뚝배기 해산물 토마토 파스타,19,명란 크림 파스타,17,엔초비 & 케이퍼 오일 파스타,16
catchtable_clyxAotIIvHeTsQ7SecaEA,크레이지카츠,True,weighted_match,1124,로스카츠,65,특로스카츠,27,카츠산도,13,특상로스카츠,11,치즈카츠,8
catchtable_8gFUDzdtq16um_2XqV3OFQ,탭샵바 도산대로점,True,weighted_match,236,루꼴라 치즈 떡볶이,9,그릴드 오이스터,3,순대 튀김,3,무화과 크림치즈 바게트,3,항정살 구이와 알배추쌈,3
catchtable_1i8lssN-161skT6mTBLBkw,지즈,True,weighted_match,1237,카레,155,카츠산도,27,에비산도,12,로스카츠 정식,2,상로스카츠 정식,2
catchtable_9HalP46utxBIIq9BpLvl8A,이정태 본참치,True,weighted_match,302,7번방코스 - 1인 기준,41,퀄리티 골드 참치 - 1인 기준,19,퀄리티 스페셜 참치 - 1인 기준,18,퀄리티 프리미엄 참치 - 1인 기준,15,새우튀김덮밥,6
catchtable_MJdyW9FH83IcqL3UFVHy8A,가토스(GATOS),True,weighted_match,413,스페인 꿀대구,3,씨푸드 빠에야,1,제철 생선 세비체,1,구운 닭,1,칼솟스프,1
catchtable_mmYDRBkQ7Ley0SLgPTBZlw,도원스타일 압구정점,True,weighted_match,258,돈마호크 탕수육,1,동파육,1,칠리 새우,1,프리미엄 짬뽕,1,셰프 셀렉션,1
catchtable_nUwMQiFcxAw0YWNVrWsFiw,서울다이닝,True,weighted_match,1196,런치,75,디너,39,,,,,,
catchtable_chj6XWeZyY-iLd5YQs2AxQ,갓포우오 종각점,True,weighted_match,1761,제철 사시미 모리아와세,99,전복 게우소스 비빔면,40,카니미소 코라야키,31,참치등살 와라야키,4,,
catchtable_qS6U2yO2LxKbPjMo0GAdpw,용가회전훠궈 강남점,True,weighted_match,1383,평일점심 (~15:00),39,평일 저녁 (15:00~),39,주말 및 공휴일,31,,,,
catchtable_w1fVeb4kmyYqmWv9BPDsMg,미카도스시 인천루원시티점,True,weighted_match,133,간장새우초밥,37,간장새우 모둠초밥(10P),36,광어초밥,27,장어초밥,23,연어양파초밥,23
catchtable_i2e5g3_hQSaO-fEGghoPjg,스시쿠마쿤,True,weighted_match,145,스시 오마카세,56,,,,,,,,
catchtable_qBanULIyYfOh1HiQkYCavw,두끼 떡볶이 NC가든파이브점,True,weighted_match,280,학생(중/고등학생),13,성인,4,36개월 미만,2,초등학생,2,미취학아동,2
catchtable_sI-fNHFg_DNummtftWta8A,창고43 잠실점,True,weighted_match,149,육회,12,특안심,9,새우살,6,육사시미,6,양념갈비석박지볶음밥,6
catchtable_3RQvE7i8X7oQzjRVQlEtOw,자갈치횟집,True,weighted_match,1893,매운탕,157,알밥,75,메로조림,62,날치알,14,물회,10
catchtable_y9m4KVINyP0luE_Prjydcg,야키토리 스미,True,weighted_match,225,야키토리 스미 코스 메뉴,33,,,,,,,,
catchtable__ONXpAJe1zJjRggOfkLrDw,스미스앤월렌스키(Smith and Wollensky),True,weighted_match,1000,월렌스키 샐러드,88,마켓 프레쉬 그린 샐러드,41,드라이에이징-본 인 립아이,32,자이언틱 당근 케이크,28,어니언 스프,26
catchtable_6FH0wDibmWq2HmPGcNTIIg,이속우화,True,weighted_match,1315,성게알 & 트러플 (1人),88,한우맡김차림(홀코스),74,한우맡김차림(룸코스),74,등심 (100g),45,안심 (100g),42
catchtable_jlHYJURHmYGgQcOGN_ON0Q,고트델리 서촌,True,weighted_match,231,잠봉뵈르,29,애플베이컨,11,코울슬로,4,스모키베이컨피자,4,루벤,3
catchtable_oSEyVq8Sgv0ThZYB8GtV_g,코튼클럽 사운즈한남 ,True,weighted_match,205,라이브 재즈 공연비 & 공연 시간,122,트러플 뇨끼,9,와인 콜키지 (Wine Corkage),4,수크레 크레이프 케익,2,코튼하우스 샐러드,1
catchtable_cVRGrtqOsE4An87U9mgdLA,마리포사 페어몬트 앰배서더 서울,True,weighted_match,264,,,,,,,,,,
catchtable_J5jBq4IqqgWDU0MnLWRqQQ,이테르 명동,True,weighted_match,244,KOREAN SEASONAL FISH 한국 제철 생선,26,KOREAN-ITALIAN WOODEN PLATER 코리안 이탈리안 우든 플래터,21,"TRUFFLE GOSARI 트러플 “고사리""",20,"DUCK DURUP 오리 ""봄 두릅""",14,"PERILLA BOTTARGA 들기름 ""어란""",12
catchtable_w5bwOvpZilKKD7HIexKEEQ,퀴진케이프로젝트 ,True,weighted_match,344,시즌2 : 오감으로 즐기는 모던 강원도 9코스,83,,,,,,,,
catchtable_87sTlLGIlxTlmNTani5xlQ,The Round 청담점,True,weighted_match,166,북경오리,11,샥스핀찜,1,흑초탕수육,1,돼지감자 탕수육,1,동파육,1
catchtable_daj9mrSmpjgV5X8cdbJQPA,더플레이스다이닝,True,weighted_match,892,비스테카 알라 피오렌티나(메뉴 예약 필수),147,피자 세트,52,레몬 소르베,19,비스테카 립아이,18,이탈리안 시저 샐러드,15
catchtable_XZZw-iTJHG51Y46FwK7GdA,Truffle di Alba (트러플 디 알바),True,weighted_match,2527,,,,,,,,,,
catchtable_CPD6Nd5_3GEZjjaJBKhTcw,테판야키 소고,True,weighted_match,167,테판야키 소고 샥스핀 코스,31,테판야키 소고 대게구이 코스,29,소고 시그니처 코스,28,테판야키 소고 스페셜 코스,26,테판야키소고 킹크랩 코스구이,12
catchtable_T2KL8LZ35yCpKAQ9bkXdvw,누데이크 티 하우스 | NUDAKE TEAHOUSE,True,weighted_match,246,MUSH-RAGU,1,BEAUTY & BEAST,1,,,,,,
catchtable_JR_EtqRmhL4XLBOLM6eZHA,데판야끼 다케시,True,weighted_match,103,"오마카세코스A(런치,디너동일)",30,가리비 관자 철판구이 버터소스,11,"오마카세B(1인)(런치,디너동일)",8,왕새우 철판구이,5,수제함박스테이크,2
catchtable_GI-tm5rNedvPni7STELZCQ,오월의곤드레,True,weighted_match,772,[추가메뉴] 시래기 코다리조림,62,간장새우장추가,38,[추가메뉴] 직화 쭈꾸미볶음,37,직접만든 왕새우튀김,23,오월밥상(1인),21
catchtable_ruWidTL139T-Wti13RuJgw,LAB 24 by KUmuda,True,weighted_match,2884,Wine Pairing,2,Lunch,1,Dinner,1,,,,
catchtable_SKC28FTVL2hh_GIWY8Z-EA,에페리,True,weighted_match,423,뇨끼,81,티라미수,30,문어 스테이크,11,전복내장파스타,9,가리비,4
catchtable_aJ5SW9fYLyFNLKXcsULbEg,쎄오,True,weighted_match,896,시메사바,101,광어 스테이크,35,트러플 크림 파스타,25,화이트라구,9,오리 가슴살 스테이크,9
catchtable_o8x-KqV4ukWmo18ykx0H7g,고청담 여의도점,True,weighted_match,1746,안심,15,새우살,9,등심,7,우설,5,살치살,5
catchtable_X03FWk6kjKi5gbOMku7fUw,서래미소 광화문점,True,weighted_match,153,한우 된장술밥,13,한우 육회 비빔밥,12,한우 된장라면,12,미소 롤,12,한우 불고기 2인분 + 된장찌개세트,10
catchtable_uaZllw7fe3f4nt49wn9DsA,탄코,True,weighted_match,110,마구로 슈토 크림 파스타,4,양배추와 미소소스,4,전복 게우 파스타,3,완자 버섯 나베,3,스지 오뎅나베,3
catchtable_amJ2poF4LBE-bcl5-SB31g,로마옥 도곡,True,weighted_match,102,티라미쑥,3,트러플 크림 파스타,2,잣 카프레제 샐러드,1,전복 게우 파스타,1,광어 카르파치오,1
catchtable_4KBUXy8t7wMArwk5drLEEA,신사꽃등심 Sinsa cote,True,weighted_match,337,안심,28,꽃등심,25,채끝,15,소고기라면,12,된장밥,9
catchtable_w6I9kOBV13YqAS6G6lx1CA,금죽헌 금정산성점,True,weighted_match,261,솥밥,43,감자사리,19,음료,5,당면사리,2,금정산성 막걸리,1
catchtable_pCoPI3mhIYPJ3sz2BEQNnw,우직 경복궁점,True,weighted_match,1219,우직코스 A 1인,127,우직코스 B 1인,127,오늘의 특수부위(100g),81,한우 1++ 채끝등심(100g),55,한우 마늘 간장양념(130g),45
catchtable_JQGDVyKPyZgXX6Y3uCPghw,고도식,True,weighted_match,543,알등심,162,날치알 철판 볶음밥,67,얼큰 순두부찌개,64,된장술밥,22,청어알 한우육회 100g,17
catchtable_FpH0QohoxjoazsQ24XFGPg,풀몬티,True,weighted_match,920,로스트 비프,19,치킨 티카 마살라,9,선데이 로스트,4,비프 스트로가노프,2,가드너 볼 샐러드,1
catchtable_MaWwI67Hv8MmoP3xgPcBiw,피제리아 호키포키,True,weighted_match,103,치즈,14,버팔로 윙,4,부라타,3,카치오 에 페페,2,소시지와 버섯,1
catchtable_atzIbQPWH50Re77SBLRjow,닥터로빈 광화문점,True,weighted_match,157,통단호박콩크림스프,39,트러플오일머쉬룸리조또,4,매콤새우콩크림파스타,4,아보카도& 오렌지 샐러드,4,봉골레 국물 파스타,4
catchtable_1b6HAOqaDhCwjqeV7ureQA,올드빅,True,weighted_match,223,브로컬리 크림파스타,34,문어,30,양배추,19,미소 항정살 스테이크,9,베이컨 아보카도 오픈토스트,9
catchtable_EalgEM7E86RDFnVbDIP0Ww,올드나이브스 (인 버뮤다),True,weighted_match,144,"위스키, 와인 안주로 훌륭한, 고수 오징어 볶음",23,"통베이컨 파스타와의 라이벌, 꾸덕 명란 크림 파스타",23,스테이크 찍먹용 부라타 바질 샐러드(with 치아바타),21,채끝 스테이크 300g,14,"치아바타 도우를 사용해 더욱 바삭한, 페페로니 피자",9
catchtable_clMXnvnxghIgJUUe7kLfdw,문화식당 성북동점,True,weighted_match,187,삼합,26,토마토,4,살치살 스테이크,2,까르보나라,2,비스큐,1
catchtable_gCO4NHNZhh9NeUbPjz2WfA,케아,True,weighted_match,174,시그니처 디너 코스,33,,,,,,,,
catchtable_JLlPrgcJau79ypLFjJ1k-w,마실마실,True,weighted_match,130,라따뚜이 x 버터 문어,14,시즌 파스타,4,양배추 구이,3,버섯 구이,3,레몬 버터 파스타,3
catchtable_yp4HucQxXiY5nwp2Mlthaw,스시 호월,True,weighted_match,1463,런치오마카세,369,디너오마카세,369,<take out>후토마끼 (당일포장전화문의),34,<take out> 사시미 (당일포장전화문의),17,,
catchtable_Rr_caJIy6YkMVgg8COvl-g,이비스 스타일 앰배서더 서울 명동/Le Style Restaurant & Bar,True,weighted_match,124,,,,,,,,,,
catchtable_weu-YxlgmndSpAJI7WHTAg,굽돌집 잠실방이 직영점,True,weighted_match,109,비법인 바람으로 24시간 건조숙성한 시그니처 삼겹살.,16,숙성 목살,8,굽돌깍두기볶음밥,5,명태회비빔냉면,5,강원도 한우된장,5
catchtable_3fQRjMKCeDUw1eRRw0uojA,작은따옴표 도림천점,True,weighted_match,265,시그니처 와인 페어링 세트,19,(Premium) 와인을 품은 위스키 3종,17,(Basic) 와인을 품은 위스키 3종,17,시그니처 와인 바틀 세트,16,쉐익스 피어's 코티지 파이,12
catchtable_682odpwCaWd906aex1DfhA,공간양   空間•羊,True,weighted_match,185,공간•마늘밥,16,공간•등심(약150g),8,가지•표고버섯탕수,8,청향 토마토 샐러드,1,,
catchtable_3SUJH91ibblx4f-5uZoDIQ,아카리 청담,True,weighted_match,262,런치 오마카세,29,디너 오마카세,29,,,,,,
catchtable_zEddIUQsTi5l1YSVtRPyVw,원기옥 광화문점,True,weighted_match,295,삼품냉채,5,곰탕,4,갈비찜,3,통낙지 미나리전,2,3품냉채,1
catchtable_drlqMwGxn1ggGSBKZAVI5w,섭생정식 창동본점,True,weighted_match,450,바다를 담은 돌문어 신선 해물탕,88,낙지 한 마리 해물파전,48,전복 돌문어 비빔밥,27,하이엔드 풀코스 섭생 해산물 20품 한상,14,시그니처 섭생 해산물 18품 한상,14
catchtable_XUxNokcxAPfJwuQHAWNs0w,치즈룸 안다즈,True,weighted_match,1330,그라나파다노 치즈 토페 파스타,146,Gouda 고다 산 세바스찬 치즈케잌,135,브리치즈 케일 누룽지 샐러드 (Brie),124,그릴드 고트 치즈 샐러드,122,포모도로 부라타 치즈 (Burrata),118
catchtable_MDX1myLVHVwOv0-EDeSxvg,유화 (송파),True,weighted_match,220,스텔라마리스 스페셜 오이스터 6Pcs,34,(이벤트가)돼지곰탕,5,유화 ‘초봄‘,2,,,,
catchtable_DEfepjqMv_56SjUGSoj9wQ,몽도 (Mòndo) ,True,weighted_match,536,Mondo Egg,1,Burrata,1,Cannelloni,1,Ravioli,1,,
catchtable_cD9lQEaXDvJsFD2NPjsfEA,스시츠루,True,weighted_match,220,디너스시오마카세,62,디너사시미오마카세,27,런치오마카세,25,,,,
catchtable_MSDFsUzfuyuzBYpjYdB8Bw,중앙가속기,True,weighted_match,374,토마토리탕,15,분자요리 육회,8,항정갈비,6,마약옥수수전,2,가속기홍면,2
catchtable_ACGjAHeNHlDKqN6QU644mA,갓포쿠모 양재,True,weighted_match,329,갓포쿠모 디너코스,20,사시미 모리아와세,14,"우니, 토로, 단새우, 관자 사시미",13,이나니와 우니크림 우동,13,우니 반판 사시미,12
catchtable_-C7eF06eDbfVaijUxuAaqg,동래정 검단신도시점,True,weighted_match,108,동래목살(180g),10,애호박 고추장찌개,7,제주산방 비빔밀면,3,계란찜,2,차돌 뚝배기된장,2
catchtable_3loftxLOtmmnGFbgeb_spA,일식 다이닝바 다호,True,weighted_match,166,"🎀디너 코스 1인🎀👉( 2인이상 주문 가능) 트러플육회, 사시미, 소프트쉘크랩튀김 후토마끼 3pcs, 이나니와우동으로 구성됩니다^^",29,고등어봉초밥,12,아나고튀김,8,"한우스지,조개,오뎅나베",7,사시미 모리아와세(2인구성),6
catchtable_jiVUptWkZ0X9fbch-JoYUA,르봉구떼,True,weighted_match,224,라자냐,5,머쉬룸 소테 갈레트,3,레몬 파스타,2,잠봉 치즈 갈레트,1,스모크 살몬 갈레트,1
catchtable_mg8VstlXlg4qcT5mD_-1FQ,민정식당 서울숲직영점,True,weighted_match,112,수육전골,7,갈비찜,4,수제돈까스,2,설렁탕,1,소머리곰탕,1
catchtable_88pU_OYfZAHGTPi8Xlg3Pw,청염,True,weighted_match,326,한우 무제한 오마카세,70,오마카세(한우구이 150g),48,,,,,,
catchtable_sD8J6JmG_Vj6xZa7TNAQrA,스시료마,True,weighted_match,355,디너 오마카세,36,,,,,,,,
catchtable_Lu2HUu2RuTZiYKGhCo80SQ,긴스시,True,weighted_match,312,런치 스시 오마카세,105,디너 오마카세,30,,,,,,
catchtable_ZPCR4wAPF8IrOFX5No77mQ,핫쵸 성수,True,weighted_match,554,토오가라시(고추) 야끼소바,59,소유(간장) 야끼소바,55,"하이볼(산토리, 짐빔, 메이커스마크)",52,네기 히로시마 오코노미야끼,33,핫쵸 히로시마 오코노미야끼,32
catchtable_PP4j-WNxSkOEeuFTCbvOvg,하얀스시,True,weighted_match,527,저녁 오마카세 A코스,97,저녁 오마카세 B코스,97,점심 스시오마카세,66,사시미 2인,12,아나고 간장 구이 1마리,2
catchtable_5eCjaGAIJ1bAfxgAPTucFg,도취 하녹식당,True,weighted_match,507,"(룸)점심, 저녁 사랑채 맡김차림 예약",53,도취식 만월 맡김차림(저녁),5,도취식 상현달 맡김차림(점심),5,,,,
catchtable_rCZ0zUIX8MFNuFJkxfVJPg,헤키,True,weighted_match,2560,냉우동,183,레몬 냉우동,28,들기름 냉우동,23,멘치카츠,16,히레카츠정식,6
catchtable_GLE9cw-FitTFZEhOEdUT_g,올선데이 광안점,True,weighted_match,279,소금베이글,181,바질베이글,164,플레인베이글,157,감자치즈베이글,4,,
catchtable_4OMjG63MYbVsqzuDLxzdlA,금수복국 압구정점 3층 코스요리 전문점,True,weighted_match,111,점심정식 ( 복사시미 정식 / 복국 정식 ),9,금코스,1,,,,,,
catchtable_3WbrzFcb9y5rdafzPtCweA,거북이동네 인천검단신도시점,True,weighted_match,115,가족세트 (800g),13,숙성 삼겹살 100g,8,대왕 매콤야채쫄면,7,샤브미나리&버섯,5,숙성 목살 100g,3
catchtable_u6muwzJByYIoHYSiU9JEQw,광안다찌,True,weighted_match,428,다찌한상(1인/6월1일~),31,生전복죽(특),25,,,,,,
catchtable_RajyXkAQfjQx4DB4_m298w,스시바 시쿠,True,weighted_match,589,런치특선,21,추천스시10종+사시미5p,6,,,,,,
catchtable_rL5WMsfEndSlXqhtREJ0tQ,맛있는초밥 검단신도시점,True,weighted_match,124,모든접시 1890원,5,,,,,,,,
catchtable_OXAdrHdSWRzQgjS2D37lYg,스시사이,True,weighted_match,624,디너 오마카세,84,스페셜오마카세(런치),84,후또마끼 포장,2,스시 포장 점심,2,스시포장 디너,2
catchtable_Sd_zfodFU3zrJWZ_NfvypA,모와 MOWa 한식 bar&shop,True,weighted_match,597,게 내장 파스타,21,제육 라구 파스타,20,묵은지 육회말이,12,제철나물 삼치 리조또,10,유자 샐러드,9
catchtable_ilDyONNj3lajVeE-r_MFDg,숙성회장,True,weighted_match,482,숙성모듬 + 손질간장게장 + 초밥 밥,78,간장게장 정식,57,사시미 정식,16,고등어 초절임 반마리,12,오징어볶음 정식,10
catchtable_D6ULGthV46mQdum62y9zRQ,산펠리체,True,weighted_match,381,티라미수,2,시칠리안 생선 스파게티,2,작은 훈제 청어 스파게티,1,풍기 포르치니 탈리아텔레,1,화이트 트러플 라구 탈리아텔레,1
catchtable_7CLYaSONbUKBAZdsCul2Lw,h315 현대백화점 미아점,True,weighted_match,159,(KIDS)미트볼 토마토&크림 파스타,22,트러플 머쉬룸 피자,11,하몽 루꼴라 피자,8,마르게리타 피자,8,고르곤졸라 피자,8
catchtable_Tavw220yLxWyFKmzkBhXSQ,샤브올데이 광명 철산점,True,weighted_match,125,다양한 샐러드바 무제한 제공!,21,주말 및 공휴일(고기무제한),14,신선한 월남쌈 무제한 제공!,8,평일점심(고기무제한),4,평일저녁(고기무제한),4
catchtable_rgnBJyd-eZ-XakgmlV_28A,고메드 용산,True,weighted_match,358,고등어 봉초밥,7,소주,5,맥주,3,레몬유자하이볼,2,전복리조또,2
catchtable_h3HVTQ88iuMMgFhtKSXYgg,시홍쓰,True,weighted_match,477,토마토계란덮밥,161,고기튀김,89,마파두부밥(면 으로 변경 가능),21,20번의 탄탄면,17,새우완탕,10
catchtable_hb6xY_K3hza8PerbK9C1Ig,스시야 도산대로점,True,weighted_match,369,런치,38,디너,18,,,,,,
catchtable_Bmo0t_bBkLDAFALz7cYG6Q,권숙수,True,weighted_match,1357,미식상,44,숙수상,8,점심상,4,주말 및 공휴일 점심,4,저녁상,2
catchtable_wIerjj6YXY9XpaKQBJKCUg,주신당 홍대입구역 홍대점,True,weighted_match,151,말,32,양,23,용,22,소,20,개,10
catchtable_05m6RhTrjWbzxKI9nCND3A,스시사인조,True,weighted_match,222,디너 오마카세 1부,15,디너 오마카세 2부,15,,,,,,
catchtable_GKZu3SYbvJaAAGX0CYn-nQ,다이닝마,True,weighted_match,155,후난식 흑초 한우 안심,2,부추 깐풍 아귀,1,마늘간장소스 가리비찜,1,전가복,1,와인 페어링,1
catchtable_1SwX9F8IHVOplse_Zs8QiQ,더 키친 일뽀르노 광화문점,True,weighted_match,548,평일/주말 런치 (키즈),38,평일/주말 디너,38,평일/주말 디너 (키즈),38,주말 런치,23,평일 런치,19
catchtable_3w4dqf9pP33gXbq05-P-Jw,인덕원긴자,True,weighted_match,378,주말 가족 코스,84,주말 가족 정식,67,주말 가족 스페셜,60,사시미 코스,20,봄 도다리 스페셜 코스,20
catchtable_NG9fdHGbJ6_nngLofklwgw,우오보 레스토랑 도곡,True,weighted_match,1569,토마토,160,아이스크림,69,아뇰로띠,37,트리빠,34,티라미수,23
catchtable_kkAK5PZH7cJr65pbfmdzSw,빌라드블루 villa de bleu,True,weighted_match,393,뽈뽀 맘보,6,뇨끼 프릿츠,4,알리고 치즈 라자냐,3,아페롤 스프릿츠,3,아말피 씨푸드 프라이즈,2
catchtable_eGlOQCNjr8p4oEcs4wJAhw,텐바,True,weighted_match,632,토리나베,10,안키모,7,우니크림 김파스타,5,도미 카르파치오,4,슈토아에,4
catchtable_T46xFrdlBEOucmd-zZdWFg,MIP,True,weighted_match,139,시금치 우삼겹 리조또,2,맥주,2,스테이크 크림 파스타,1,라임 모히또,1,투움바 파스타,1
catchtable_RpUUOOjLjN4Bvjt4atN6oA,마담풍천 보라매,True,weighted_match,104,마담풍천 장어덮밥 정식,26,특 마담풍천 장어덮밥 정식,26,장어덮밥 정식(포장),26,전복 장어탕 정식,19,특선 코스 1人,14
catchtable_ao3oVhgcIx5cvw7gXXDzpA,정동 파주점,True,weighted_match,143,숯불 규카츠,37,하나야마 냉우동,10,백미 냉우동,10,온우동,10,로투스 우유푸딩,8
catchtable_7KBcLKWwMzYAOtDTXHpW3A,본보야지,True,weighted_match,168,봉골레,2,티본 스테이크,1,전복 리조또,1,까르보나라,1,마르게리따 피자,1
catchtable_EviTalhvLbvNDP_UD8cpzg,올리페페 광화문점,True,weighted_match,300,에스프레소,8,티라미수,5,카치오 올리페페,4,클램 비앙카,2,베르데 뇨끼,2
catchtable_g4-yl4LRWbyqkx19ZBTZjA,송정호 일식,True,weighted_match,2734,송정호 오마카세 태 <15>,393,송정호 오마카세 극<12>,393,송정호 코스요리 기<8.5>,369,송정호 점심특선(예약제),109,,
catchtable_83EVoD0Hg1MdIzyXgw5LsA,하루 판교,True,weighted_match,390,런치 오마카세,2,디너 오마카세,2,자루 소바,2,계절 야채,2,토로로 소바,1
catchtable_SIhgHarPR4qECNnjNexPMA,다반 성수,True,weighted_match,365,묵은지 감태김밥,6,궁중 라구 떡볶이,1,도원결의,1,막걸리 아이스크림,1,성게 메밀 국수,1
catchtable_4BYss6P6aGIvHjNo96dDNw,막스,True,weighted_match,114,오리스테이크,6,에스카르고,4,라구 파스타,2,등심스테이크,2,젤라또,1
catchtable_57mw0AVw_4l13s2UPlX2dw,웨스틴조선부산 셔블,True,weighted_match,247,셔블,24,온새미로,2,메로구이,2,양념갈비,2,갈비탕,1
catchtable_0Rd5XxYE1VRBcsQzOUamPg,와인바 피헨,True,weighted_match,126,까수엘라 감바스 알 아히요,8,베이컨 버섯 펜네 크림 파스타,7,베이컨 버섯 토마토 스튜,4,치즈 스몰 플레이트,4,과일플레이트,3
catchtable_ZPE2P_o9yTOr7AW_CQm2CA,아그네,True,weighted_match,274,"채소생활 계절채소, 마카다미아 소스",41,"브리오슈 프렌치 토스트와 제철 과일 콩포트, 마스카포네 휩",32,"죽순과 완두콩, 백합조개 파스타",20,"오리 가슴살 스테이크, 히비스커스에 졸인 비트",14,"치즈 플레이트와 통밀 크래커, 곶감 잼",4
catchtable_O0HXf77RFN_zkcyzjUokgg,이속우화天空,True,weighted_match,1691,한우 맡김차림,141,성게알 & 트러플 (1人),136,등심(100g),38,안심(100g),25,채끝살(100g),13
catchtable_LIGqF5aiGxGl5FIzzEM7Cg,더 테이블,True,weighted_match,284,피칸테,4,볼로네제,2,이탈리안 샌드위치,1,양갈비 스테이크,1,애플 브리,1
catchtable_FbrKDvJTeY8-C1D0Ji9Reg,ATTA,True,weighted_match,1813,JAMBON,3,CHORIZO,1,BOTTARGA,1,,,,
catchtable_wCcBn0zPs1_q7Qwmk9Tm-A,중앙감속기,True,weighted_match,2416,발사믹 꿔바로우,91,볼로냐 두부,41,마파 양갈비,33,봉골레울면,26,봉골레 파스타,25
catchtable_zjwzuUeus8k3WbdPhedt-g,민락스카이 레스토랑,True,weighted_match,106,한우 안심 스테이크,7,한우 채끝 스테이크,6,시저 샐러드,6,클램 차우더 스프,5,연어 파스타,4
catchtable_yYR3r3kVm0ZeUr35ps16vw,페페네로,True,weighted_match,182,뇨끼,9,마르게리따,5,화이트 라구,3,부라타 카프레제,1,해산물 오일 링귀니,1
catchtable_qSIuv8cMpCX87ntnYAxJMw,베르브 다이닝,True,weighted_match,197,베르브 디너 코스 요리,39,"베르브 런치 코스 59,0",39,"베르브 런치 코스 39,0",39,,,,
catchtable_JT4hpUxdMKDLZ2W-elHAyg,아브뉴듀방,True,weighted_match,390,와인/비버리지 페어링,153,시즌4: 라따뚜이,49,,,,,,
catchtable_P0iuZ8aQVXvFPSmohtaZKA,마루 바이 쿠시마사,True,weighted_match,237,쿠시아게 오마카세 A,26,쿠시아게 오마카세 B,26,쿠시아게 단품,16,점심 오마카세,7,,
catchtable_Vksxp64q1xoew_KLYLg4Ew,황인용뮤직스페이스카메라타,True,weighted_match,120,,,,,,,,,,
catchtable_dlc5hhBjumVwDVhP4YNqqQ,민규,True,weighted_match,1234,Signature 1++ 한우 & 랍스타 코스,226,Special 1++ 한우 코스,225,Standard 1++ 한우 코스,225,Lunch 1++ 한우 관서풍 스키야키,115,Lunch 1++ 한우구이,61
catchtable_ieJY1SBg2oPQdmsX69p2JA,동녘,True,weighted_match,629,모듬전,14,트러플 감자채전,3,갑오징어 김치전,3,모시조개탕,2,아롱사태 수육전골,2
catchtable_p0kqhbUTTYvwt1VmZq6AbQ,Five Dining,True,weighted_match,177,봉골레파스타,3,쉬림프 올리브오일 파스타,2,하몽샐러드,2,치아바타,2,스테이크 가지 샐러드,1
catchtable_C4mQ4ppa1xbKZXbRqUmJoA,와인웍스 무역센터점,True,weighted_match,185,비스큐 떡볶이,28,묵은지 초리조 파스타,12,와인웍스 브런치,10,토마토 치즈 파스타,6,천일고다 로제소스 감자 뇨끼,6
catchtable_8jEv3M4nTw_-hCz-0V5lYg,스미스씨네 농장,True,weighted_match,573,알배추 샐러드,12,단호박 고구마 뇨끼,3,마르게리따 피자,3,바나나 브륄레,2,볼로네제 파스타,2
catchtable_M5-uYiGVgbL2twIWs0M3uQ,고와정,True,weighted_match,241,등심,8,치마살,3,뚝배기 불고기,2,차돌짜파게티,2,안창살,1
catchtable_B0t6ti033DHyThpwDV979w,스테이564 하남미사아일랜드점,True,weighted_match,113,루꼴라 피자,1,리코타 샐러드,1,마르게리따 피자,1,시저샐러드,1,케이준 샐러드,1
catchtable_WOZSYABnzNsLJaskowAIhg,하니칼국수,True,weighted_match,335,새우칼국수,44,하니보쌈,31,새우전,23,알곤이칼국수,20,명태회무침,12
catchtable_4Pm2SF1vqhkGP6pOtrGXEw,코메,True,weighted_match,743,히야시토마토,60,후토마끼,54,디저트,54,히야시 토마토,40,안키모,9
catchtable_yHww_-RIg2jEidAOHKoH2Q,더 플라자 세븐스퀘어,True,weighted_match,782,주말 및 공휴일 중식 & 석식,74,주중 중식,65,주중 석식,4,조식,3,,
catchtable_U5AL9d_LxSJhGYcfjzNG9w,은평정육식당,True,weighted_match,330,된장찌개,5,가마솥밥,5,공기밥,4,살치살,3,진꽃살,3
catchtable_zBHt8oYETkmN3PV6zUn1Fg,스시이마,True,weighted_match,416,디너,29,런치,21,,,,,,
catchtable_1pE_2hl3vjLdnFYCkRmKcQ,동래정 선릉직영점,True,weighted_match,235,정가브리,16,동래목살,16,제주산방 비빔밀면,7,차돌 뚝배기된장,4,애호박 고추장찌개,4
catchtable_p97ky4j5OMYKmBrwjOtvCQ,더블트리 바이 힐튼 서울 판교 데메테르,True,weighted_match,222,(토-일) 한우 라이브 스테이션 무제한 런치 10%할인,18,(토) 한우 라이브 스테이션 무제한 디너 10%할인,18,(일) 한우 라이브 스테이션 무제한 디너 10%할인,18,(금) 랍스터 무제한 디너 10%할인,16,(화) 차이니즈 나이트&생맥주 무제한 디너 15%할인,15
catchtable_8pUxXSAUEetrFoi8CI0q6A,라틀리에 드 오르조,True,weighted_match,481,,,,,,,,,,
catchtable_-jm5gPyh6cNjQUbBS19tmw,미식공감,True,weighted_match,450,라자냐,6,뽈뽀,4,까르파치오,2,화이트라구,1,푸타네스카,1
catchtable_SdcSrFM7-GtKp4aORIoElg,으뜸스시 평택송탄점,True,weighted_match,223,육회,14,으뜸스시,9,연어,9,광어,6,육회초밥,5
catchtable_bMFVtypgYWFQ2RX0WJNqNw,간빠맥주(간빠진새) 광안점,True,weighted_match,500,삿포로 생맥주,75,에비스 생맥주,75,정통일본 나폴리탄,62,닭껍질튀김,38,고기듬뿍 야끼소바,11
catchtable_LOEm8P7nDYC6vU3x8svGhA,한월관,True,weighted_match,151,맑은 곰탕 (보통),49,뽀얀 곰탕 (보통),49,어린이 맑은 곰탕,49,어린이 뽀얀 곰탕,49,얼큰 한우 스지 전골,18
catchtable_zxuXRRQ6t8uPDgO52rNMrw,윤 서래,True,weighted_match,187,,,,,,,,,,
catchtable_2TlwSB8gSDMaheve7-vd0w,봉래헌,True,weighted_match,212,봉래,12,진연,3,어연,2,수연,2,금강,2
catchtable_ukj5eb-439pKi4J5TWgpqw,오아시스 한남점,True,weighted_match,301,치킨 아보카도 샌드위치,2,에그 베네딕트 훈제연어,1,라테,1,그릴드 바나나 프렌치 토스트,1,런치 파스타,1
catchtable_h0h0AO528taiVDjKGwYBEA,레드문 red moon,True,weighted_match,424,마라샹궈,8,마라탕,7,군만두,5,멘보샤,5,칠리새우,4
catchtable_78BsfHF56kppWxBumGpLtQ,몽밀,True,weighted_match,321,냉모밀,48,단새우장 덮밥,3,성게알 덮밥,3,성게알 냉모밀,2,명란 덮밥,1
catchtable_8IspIa2iUuY4RqNM_y7W8w,레귬(Legume),True,weighted_match,617,디너 코스,78,런치 코스,77,,,,,,
catchtable_O5XWnBlWMY7T0mLB-Sjl2g,만가타,True,weighted_match,741,쉐프 테이스팅 스칸디나비안 6코스,179,,,,,,,,
catchtable_8lVEqOSx2HZ_6GWh0AoI4w,1982성북동왕돈까스,True,weighted_match,248,왕돈까스,11,냉모밀,9,생선까스,8,치즈돈까스,4,음료,3
catchtable_kqz1OaSfFnn6zFYMkXcM1g,킨카라멘,True,weighted_match,271,시오,75,쇼유,54,아부라 소바,5,,,,
catchtable_C2UcACxMp8zChuhmI3-uVQ,신사고집 압구정점,True,weighted_match,135,날치알철판볶음밥,7,차돌된장 술밥,7,차돌된장 찌개,6,흑돼지 오겹살 200g,6,목살 200g,4
catchtable_EcqfX3v0oYAWLraS80XK7g,두사라 청담점,True,weighted_match,154,와인,18,한우 오뎅 나베,10,우니카니,6,채끝등심 성게알,5,위스키,4
catchtable_eErtFoDtU1eEICtbzJwexw,오스테리아 라디치,True,weighted_match,210,트러플 파스타,13,봉골레,12,보타르가,7,프로슈토,3,마르게리타,3
catchtable_i1-OlSooadBk-h5NxrcMUg,명문어가,True,weighted_match,310,문어튀김,11,문어숙회,7,해물라면,3,먹물 칼국수,2,피문어파전,1
catchtable_nG5BPkxJFPeC08E9txdk3w,TocToc,True,weighted_match,1059,주말/공휴일 런치 코스,148,런치코스,139,디너코스,136,,,,
catchtable_K-15GZ0nO87DSa0D8cO53Q,식선,True,weighted_match,1013,디너 코스,220,런치 코스,214,고등어 봉초밥(예약주문시 가능),98,추가사시미 1인,49,추가사시미 2인,49
catchtable_Ic4B99Lvz45LPCce6C9EOw,안초,True,weighted_match,122,뽈뽀,19,먹물빠에야,4,글라스,3,츄로스,3,에델바이스 생맥주,2
catchtable_Bt00XD0MFLHDjZFUtEBMlg,샤브20 동탄능동점,True,weighted_match,133,"샤브20의 시그니처닭강정(양념,간장)",7,"평일디너, 주말공휴일(고기무제한)",6,최고급 소고기 무제한/돼지고기 무제한,3,맛있고 신선한 월남쌈 무제한!,2,,
catchtable_x06NczT4RRCXRust6apQlg,하카타 호르몬,True,weighted_match,189,부채살,9,갈비살,7,살치살,6,타마고야끼,2,한우 대창,2
catchtable_dejXG48Det2U4xSoHb3pGA,남도보쌈파전,True,weighted_match,261,굴전,8,해물파전,6,공기밥,3,보쌈 소,3,보쌈 중,2
catchtable_wGzdLniBXFyL6UeqU2MURA,따빠마드레,True,weighted_match,159,해산물 빠에야,18,먹물 빠에야,11,이베리코 갈비 구이 (280g),7,새우 오일 파스타,7,안달루아식 갑오징어 튀김,6
catchtable_PwAzLJgqWav9jT-UMIWGbg,앙젤리제 사당/방배,True,weighted_match,322,민어스테이크와 냉이 봄골레 파스타,77,아마스트리치아나 토마토 파스타,21,샤프란 리조또와 비프 부르기뇽,19,포르치니크림과 리가토니 파스타,16,"트러플 비프 타르타르, 아브루가캐비어",12
catchtable_DnCvwjXfj9nHqG1EAesZLg,윌로뜨 (DINING ROOM BY HULOTTE),True,weighted_match,760,윌로뜨 쉐프‘s 시그니처 디너코스,142,윌로뜨 런치코스,88,윌로뜨 코스(런치&디너),88,,,,
catchtable_UPSUKUfZTufZkM5KkgdA4g,갓포아키 삼성점,True,weighted_match,1425,후토마키,39,마라도미,2,우나쥬 정식,2,카이센동 정식,2,마구로슈토아에,2
catchtable_tJSYyW2s5FP-1la8DtLd5w,멍군집,True,weighted_match,108,껍데기(600g),9,삼겹살(600g),4,,,,,,
catchtable_vFhGELu0llsHck40ZdcSgg,유진,True,weighted_match,183,위스키/와인/하이볼/칵테일,62,고사리 오일 파스타,9,한우 된장 크림 파스타,5,상위4% 블랙라벨 베요타 하몽 20g,4,한우 트러플 크림 파스타,4
catchtable_v5j7zlgRxDRaUt927zQ4AA,요코스카쓰나미 상수점,True,weighted_match,291,규동,13,도로카츠,7,카레크림새우,6,스끼야끼,3,모둠사시미,2
catchtable_rc2i2vi_bmzCkD_LLfAKRQ,207다이닝,True,weighted_match,506,로메인 샐러드,30,,,,,,,,
catchtable_tvs8tL_luzNk_rcAj_UasQ,홍고박,True,weighted_match,176,방아된장찌개,2,쌀물냉면,2,소주,2,쌀비빔냉면,1,음료,1
catchtable_Olm4RJkQR7c4bpwD0X1omA,우몽블랙 판교점,True,weighted_match,619,특안심,25,꽃새우등심,9,채끝등심,8,살치살,6,양념 업진살,5
catchtable_kqJlgZUtog3nPMrbjCPPYA,콩카세 안국,True,weighted_match,679,라자냐,116,간장게장 파스타,47,토마토 샐러드,25,웰링턴 스테이크,18,와사비 파스타,13
catchtable_La6hiUOvaPyInnsqaas2kw,이요이요 용강4호점,True,weighted_match,1459,DINNER 사시미&스시,221,포장스시,197,LUNCH 스시,194,포장 사시미,13,후또마키 포장,2
catchtable_ppixpgAPrFxMFwD5SrSOdw,멜로즈,True,weighted_match,207,수비드한 문어 & 완도산 전복 오일 파스타,40,에브리데이 프렌치 토스트,17,훈제연어크림파스타,15,토마토 라구 파스타,12,바질페스토 파스타,12
catchtable_N-gR7hbA-yk0S_CDzevnIQ,이타마에스시 잠실롯데월드몰,True,weighted_match,131,사시미,7,혼마구로 세트,4,바라치라시,1,상 니기리 세트,1,니기리 세트,1
catchtable_psxEYOXejZhnQdVWiWNYTA,143 / 일사삼,True,weighted_match,274,고구마튀김,22,화이트 라구 파스타,7,레몬 버섯 파스타,4,하우스 와인,4,카프레제,3
catchtable_f9yUFjWSZ4_gCoogUitbvA,스시미토,True,weighted_match,342,스페셜 오마카세,51,런치 오마카세,51,디너 오마카세,48,,,,
catchtable_-G954okJyimnHe4km_-xDg,무학 2호점,True,weighted_match,433,청국장,170,(포장)청국장,67,양념게장,58,(포장)양념게장 1kg,46,양념돼지갈비 200g,37
catchtable_cxnIhgL45YcfigiAIpV1JA,미에뜨,True,weighted_match,1110,문어,32,트러플 리조또,15,부라타 샐러드,9,단호박 시금치 피자,8,티본,7
catchtable_ArIbTP17_0qBFh160e2mpg,우텐더 정자점,True,weighted_match,1400,안심,129,특안심,82,꽃등심,28,채끝,22,누룽지,5
catchtable_YIjjWk4Ml5-wo66bErasaA,고청담 광화문 디타워점,True,weighted_match,1146,트러플 한우 육회,2,스테이크 솥밥,2,매쉬드 포테이토,2,한우 안심,1,한우 된장찌개,1
catchtable_QMRt0LX4uyZeu7n1DJIVCw,테라스꾸까,True,weighted_match,235,새우 시가롤 로제파스타,31,"올리브, 와인 세트 [해피아워☀️]",23,한우 채끝 스테이크 (230g) (Dinner Only),13,리코타 잠봉 샐러드,7,먹물 리조또,5
catchtable_51D0FPSObdS9ucV6_gVGPA,사케리아잇콘,True,weighted_match,274,고등어 봉초밥,32,오징어 다리 튀김,10,미소에 재운 금태 데마키,10,구운가지 아이스크림,8,제주 갈치버섯말이 숯불구이,8
catchtable_xMIjMePGHxGSNPNe3jik7g,우시야 역삼점,True,weighted_match,345,우시야 C코스,54,우시야 A코스(best),53,우시야 B코스(best),53,아사히 수퍼 드라이 생맥주,5,,
catchtable_qfs2-sP6ne_Y7dbUD7qicA,계절공기,True,weighted_match,293,버섯 들깨 파스타,30,초당옥수수 미음,15,계절 샐러드,10,생선구이 반상,8,한입거리 맞이음식,6
catchtable_mlUutpcg6VCmg0sA9W23tQ,동경밥상 본점,True,weighted_match,564,우나쥬(민물장어덮밥-동경식),56,히츠마부시(민물장어덮밥-나고야식),38,우나돈(민물장어덮밥) 小,2,,,,
catchtable_peDPfEUT28FzLzoTK7FLjw,설마중,True,weighted_match,960,양념갈비,77,일심동체,60,생갈비,24,우정을 위하여,4,즐거운 우리집,3
catchtable_MBBYyYi27S5L-ZW1a9aEJQ,밀밭칼국수 고암점,True,weighted_match,1091,칼국수,314,만두,55,무채비빔밥,41,공기밥,7,매운칼국수,5
catchtable_21NvfXymvooguu4DgsUGAA,난포 성수,True,weighted_match,1377,강된장쌈밥,108,새우감자전,93,제철회묵은지말이,47,돌문어간장국수,39,곰국,28
catchtable_ax8dsNx8eI7pyQ-lgg9mxA,신사꽃게당 압구정로데오점,True,weighted_match,166,간장게장 (중),74,간장게장 (대),74,암꽃게찌개 (대),11,암꽃게찌개 (중),11,간장새우,9
catchtable_jES7gNr5XL25QpTrsWuCUA,제이드앤워터 서울역점,True,weighted_match,223,라자냐,10,오렌지치킨,5,유자 티라미수,4,초리조 라구 파스타,1,핫치킨 몬테크리스토,1
catchtable_1mQOJBJk8zSapF2TFeQ3-g,더멜란지,True,weighted_match,157,토마토 미트볼 파스타,22,참나물 봉골레 쉬림프 파스타,22,투움바 파스타,22,멜란지 레드 와인 세트,17,치킨 스테이크 버거,17
catchtable_OeAltlEulNXXWFaNPzjU7w,정철황소곱창,True,weighted_match,174,곱창구이,94,깍두기볶음밥,16,대창구이,13,막창구이,7,얼큰라면,3
catchtable_F0MPtQP0rHR_ogxDNVreRg,우시야 문정점,True,weighted_match,319,꼬리,15,우설,13,채끝,9,솥밥,9,대창,5
catchtable_tSnDX-XshVP81s78rdL6Mg,나마사케 본점(수영점),True,weighted_match,150,오마카세 1인,18,해산물 모둠,10,광어 고노와다,6,심해고동,4,무늬오징어,4
catchtable_t3BkwmzbFzyZ1_cl-qGIPw,적토발효구이,True,weighted_match,728,토장찌개,142,젓삼겹 260g,141,발효목살 180g,81,生비빔메밀,44,젓밥,23
catchtable_mmirDcj186kpnYWq126SvA,파브란트,True,weighted_match,545,아이스크림,4,채끝 스테이크,3,투움바 크림 파스타,3,안심 스테이크,3,티라미수,2
catchtable_tTXCVPiKj5JnMnJCLIyRsA,창고43 삼성점,True,weighted_match,116,육회,6,창고스페셜,3,특안심,3,새우살,3,육사시미,2
catchtable_XV6PfL4fAgfJ7Q6EDOn0hA,미카도스시 부평시장역점,True,weighted_match,162,간장새우 모둠초밥(10P),27,간장새우초밥,27,연어양파초밥,24,연어초밥,24,육사시미초밥,24
catchtable_fk4GXXvT87pjEkLN414rmQ,무안회관 청담점,True,weighted_match,169,낙지 탕탕이,7,미나리 육전,4,육회비빔밥,4,한우 수육,4,낙지덮밥,3
catchtable_EpCXEjP86fnj1YgZ8umMUQ,기노,True,weighted_match,306,네기도로동,17,전복내장파스타,15,후토마키,11,금태스시,5,우설탕,3
catchtable_OX31g5tn8bydbihXH119CA,남영동양문 본점,True,weighted_match,250,즉석 양념소갈비,45,생소갈비,39,백골라면,32,한우 육회,10,칡냉면,9
catchtable_EM-B4XOgZBKO1IMC3KAGew,야키토리묵 신사점,True,weighted_match,2035,야키토리 안주 오마카세,456,야키토리 오마카세,387,히비키 산토리 위스키,16,백년의 고독,2,,
catchtable_1Nfj86UI1hHJ7G_5eEq-aQ,사철국화,True,weighted_match,590,스시 오마카세,142,,,,,,,,
catchtable_E8W1dAGttTv1N3KOEV49yw,신라스테이 삼성 Cafe,True,weighted_match,1164,"주말 및 공휴일 런치, 디너 뷔페 (성인)",98,"주말 및 공휴일 런치, 디너 뷔페 (어린이)",98,주중 브런치 뷔페 (어린이),79,주중 디너 뷔페 (성인),76,주중 런치 뷔페 (성인),76
catchtable_FUm8STCDLfViRpoFB6NPNw,갓포토리,True,weighted_match,181,,,,,,,,,,
catchtable_XkEn_PABvJWS9Wrs82ky8w,텍사스 데 브라질 압구정점,True,weighted_match,791,,,,,,,,,,
catchtable_soNwguViS6dwm5JOHRw9LA,야키토리 마나츠,True,weighted_match,171,츠쿠네,8,염통,7,목살,6,안심,5,떡구이,5
catchtable_TmcLOhOhpWswkRgioxBM5Q,중식당 청 한남점,True,weighted_match,181,청 특선코스,24,피라미드동파육_보탑육,10,청 시그니처세트,4,A세트,2,B세트,2
catchtable_OKdG_VUcDJWkK5LlAuVsLw,갤러리카페 봄,True,weighted_match,826,마르게리따,10,봉골레 파스타,7,더블 스테이크 호기,5,트러플풍기,5,양갈비 스테이크,4
catchtable_r6ReMGNssLAjwjeE644puA,켄싱턴호텔 뉴욕뉴욕,True,weighted_match,400,[기념일코스]뉴욕 시그니처 코스,80,뉴욕 스테이크 코스,33,프라이빗 조찬,16,[평일디너] 위크데이 인 뉴욕,11,애프터눈 티 (2인 기준),7
catchtable_kaCBluBxTRyw2vM2WsQeww,간빠맥주(간빠진새) 을지로3가점,True,weighted_match,167,에비스 생맥주🍺,23,삿포로 생맥주🍺,17,간빠특제테바사키 + 삿포로 생맥주 2잔,17,간빠닭껍질튀김 + 삿포로 생맥주 2잔,17,매콤달콤교자중독 + 삿포로 생맥주 2잔,17
catchtable_pVHwx5FVFBJPfaI21g-Vcw,스케줄 동탄,True,weighted_match,310,블랙 트러플 화이트 라구,6,살치살 스테이크,4,마르게리타,3,해산물 아라비아따,1,감베리 로제,1
catchtable_kEtPgx96akskNCVibuFuzQ,빕스 아주대점,True,weighted_match,124,샐러드바(런치),9,샐러드바(디너/주말),9,,,,,,
catchtable_s6Z36P1VnMH-ZFC4YBV6gg,코듀로이 펠라즈,True,weighted_match,115,,,,,,,,,,
catchtable_WvwaJh0ucDQLidbtomy-Hg,비놀릭 스위트,True,weighted_match,385,프리미어 코스,36,심플코스,35,베이직 코스,31,컬랙터스 코스 A,29,컬랙터스 코스 B,29
catchtable_IL46DlOQTIjUtB-lGHh6hA,신림춘천집 구로디지털직영점,True,weighted_match,294,치즈사리,4,우동사리,4,고구마사리,3,맥주,3,쫄면사리,2
catchtable_FUzxE0VJ3-2buzuuOuqRhA,연남제비,True,weighted_match,168,이베리코 베요타 목살(150g),25,된장찌개,24,간장계란찜,12,비빔국수,8,갓 김치찌개,8
catchtable_1nbDvxOxMjdMtwzAKPfd5Q,제스트,True,weighted_match,203,,,,,,,,,,
catchtable_pcWUTtFK2LEv41iqFwlnFQ,포레디,True,weighted_match,643,팟타이,69,나시고랭,36,푸팟퐁커리,32,똠양꿍,31,아이스크림튀김,12
catchtable_FuE6Tj1L4k8UUO2LvEJ0QQ,보틀러,True,weighted_match,544,채끝 스테이크,4,게살 리조또,2,알리오 올리오와 아부르가 캐비어,1,포크 벨리 스테이크,1,타바스코 치킨 스틱,1
catchtable_ZOvB6rP5cOFpb2xz7eqTtg,외백,True,weighted_match,171,어향동고,3,전가복,2,매화,1,삼선짬뽕,1,등심탕수육,1
catchtable_s34sZtUwJY5GtqJcFp0qjQ,키고,True,weighted_match,480,계절코스요리,82,디너코스,30,,,,,,
catchtable_Ckz-IsF7DlE2mj1Mh2YDgA,소요리한상,True,weighted_match,218,가지 함바그 튀김,16,광어사시미와 묵은지김밥,10,고등어봉초밥,9,오늘사시미,6,장어계란말이,5
catchtable_SDfZoNUuWuUG0C1U8l2d7Q,자늑 zaneuk,True,weighted_match,414,눗덩이,4,주류,4,부침개,3,손들찬,2,버무리,2
catchtable_gbQbDGM5K4gfG6xv_5ZVmw,다크앤라이트,True,weighted_match,702,뽈뽀,61,비스크 리조또,5,바질 파스타,3,보따르가 파스타,3,비프 토마토 파스타,2
catchtable_SSWEuHezp6hg3R1X6z8ozA,팔당샤브손칼국수,True,weighted_match,624,칼국수면사리 / 수제비면사리,189,볶음밥 / 볶음죽,46,고기 + 야채 추가,40,굴림김치만두,20,고기 추가,13
catchtable_mA3mSeeGx5Ump8QqHE728w,라루치아 본점,True,weighted_match,472,뇨끼,321,스테이크샐러드,96,파스타 세트,91,꽃등심 스테이크,22,,
catchtable_izHpnhuYFRQdCgfJajaLJA,쿠마 여의도,True,weighted_match,746,쿠마 특 오마카세,45,,,,,,,,
catchtable_Yz1Zsit3luTO0w09MOeuOA,바이탈바이브,True,weighted_match,126,비스크 새우 파스타 Bisque,10,포도잎밥 Foglie di Vite,7,한우 채끝 스테이크 Bistecca,5,스테이크 샐러드,5,한우 1++ 안심 스테이크,4
catchtable_4CebPv5pkJhskXd4djWenw,칠암만장 영도점,True,weighted_match,209,바다장어 숯불구이 정식(1인),64,민물장어 숯불구이 정식(1인),6,전복 해초 솥밥 정찬,4,가지소보루 솥밥 정찬,2,명란 버터 솥밥 정찬,2
catchtable_FJOdjLpvMaZB9b7dnKr6yQ,우미당 다산역점,True,weighted_match,152,양념 갈비살,23,소고기 된장찌개,17,꽃 갈비살,8,비빔냉면,7,한우 육회(한정),6
catchtable__Z21fqIry8teFfFdVMFP4g,제미,True,weighted_match,748,,,,,,,,,,
catchtable_QOgN8TbLhRBYX83PfEKR3g,오르조 르브텀,True,weighted_match,936,,,,,,,,,,
catchtable_cFYgulfR6n4It0B5fFC-vg,판교 긴자,True,weighted_match,466,주말 가족 코스,95,주말 가족 정식,76,주말 가족 스페셜,61,사시미 코스,33,점심 코스,24
catchtable_dNA0uJz0SpKuaVX-6UFG4g,쥬에,True,weighted_match,2028,새우창펀,45,자작,36,탄탄면,18,후작,15,흑초 탕수육,12
catchtable_cMmPNdC7opgNUJUZURQjHw,올디스 타코,True,weighted_match,2827,비리아 타코,282,타코 라이스,165,올디스 타코,96,메가 밤 스낵,84,메가 포테이토밤,3
catchtable_lNciKu9vZBrE5ZHVczYDCw,감성화로 우메인 합정,True,weighted_match,311,A코스,49,B코스,49,,,,,,
catchtable_G7jOBMGo4_jwBiM1dQC7Lw,야반,True,weighted_match,354,황금보리 굴비 정식,56,간장게장+양념게장,45,고등어구이 정식,40,제육볶음 정식,25,한우 소불고기 정식(2인 이상),19
catchtable_Ev7Xv6J1Hoj-8yvZ16LlmQ,버터플라이 스테이크하우스,True,weighted_match,233,,,,,,,,,,
catchtable_qXvT2xgKom_ApGguglMz3w,키타미,True,weighted_match,259,치킨난반,81,가츠산도,29,등심까스,19,댄디 나폴리탄,16,디럭스 야키소바 (소스),9
catchtable_nuG5swEqGiyPZ2ruGe0OZA,마그넷 서촌,True,weighted_match,835,토하젓 크림 뇨끼,94,한우 육회 타르타르와 시금치 샐러드,48,항정살 오일 파스타,45,트러플 프라이,31,한우 채끝 스테이크,27
catchtable_xsCfFo2EPzwcP8NriVDXUA,부우이 성수,True,weighted_match,143,문어 먹물 리조또,16,화이트 라구 파스타,12,엔초비 알리오 파스타,12,버터 봉골레 파스타,11,비스큐 먹물 파스타,11
catchtable_5GbtgpXqygp22xg_n6pAzQ,논베,True,weighted_match,598,레바파테,22,오늘의 사시미,12,치킨남방,4,키리모찌,3,낫토 시오곤부 파스타,2
catchtable_ic0rgTyPGWGBBnAy0itQqQ,동아리 정동본점,True,weighted_match,759,야끼소바,8,장어덮밥,7,호르몬 나베,4,굴튀김,3,명란 계란말이,2
catchtable_55vvziDjpxLM5Ig52FPTyA,루미노 다이닝 바,True,weighted_match,178,버섯크림파스타,7,라자냐,6,비프 타르타르,5,광어 세비체,3,비스크 오일파스타,1
catchtable_B3UyfkPqRD815HLRzzEl7w,운멜로 타임빌라스 수원점,True,weighted_match,128,풍기크레마,16,,,,,,,,
catchtable_z1cCM7ZLLRUlaAaoWwvCDQ,쇼쿠,True,weighted_match,181,샤돈브리앙 가츠,1,조개와인술찜,1,고등어봉초밥,1,고등어 파스타,1,토마토샐러드,1
catchtable_nMqsCzSVwFw2RJWSaX2_ow,계열사,True,weighted_match,653,후라이드 치킨,365,골뱅이국수,153,닭목살 바베큐,5,부산에서 온 오뎅탕,4,닭도리탕,3
catchtable_i3p8I09tKz9IBDRldeeqAw,다이닝오은 OEUN,True,weighted_match,123,오리 디너 코스,26,한우 디너 코스,23,,,,,,
catchtable_DuUaWNBHuF2K3pIYETv5NQ,그집뱃살 서면점,True,weighted_match,151,연어,71,참치,15,대방어,6,명란계란탕,2,명란크림파스타,1
catchtable_lnYe4W4kfQKjIZfIRVvNew,리틀 올리브,True,weighted_match,608,지중해 삼합 샐러드,38,TRUFFLE CREAM CASARECCIA 트러플 크림 카사레치아,30,SAFFRON RISOTTO 사프론 리조또,22,PULPO CON PATATAS 문어와 감자,16,참피뇬 꼰 까르네 Champinon Con Carne,8
catchtable_-nvxWMyQwGjP1kEh1-W5XQ,모도우 여의도점,True,weighted_match,838,한우 샤브샤브 코스,199,한우 샤브샤브 스페셜 코스,199,한우 구이 코스,180,모도우 시그니처코스,126,런치 시그니처코스,125
catchtable_by_LHdAvqw8KtwSFLIMqmw,기린1인용회전훠궈,True,weighted_match,160,주말/공휴일무한리필훠궈,41,평일점심무한리필훠궈,40,평일저녁무한리필훠궈,40,,,,
catchtable_e_l0Mh8y-K-Ucs2CmbePfA,스미스미,True,weighted_match,150,1인 오마카세,47,2인 오마카세,47,3인 오마카세,47,,,,
catchtable_rL4R7AK4QMhWaGOaKtILKQ,민스키친 연희점,True,weighted_match,112,육전,6,A코스,5,C코스,3,B코스,2,불갈비샐러드,2
catchtable_-yBFe6o9kQgirjHZy3MCBQ,뼈탄집 서촌본점,True,weighted_match,260,계탄밥,19,숙성 삼겹살,4,곰취냉면,2,숙성 뼈탄삼겹살,1,삼겹목살세트,1
catchtable_GGcnUlOZ7UAg_et2piC-Bw,온화다이닝 도산점,True,weighted_match,526,2026 런치코스,50,2026 디너코스,50,이베리코 솥밥 반상,35,스테이크 덮밥,29,육회비빔밥 반상,17
catchtable_G_GM1VLg04F2BSgOIFx-tQ,테이스팅뮤지엄,True,weighted_match,178,스테이크 비프 칠리 파스타 (spicy),20,올리브 오일 감베리 파스타,20,송화버섯 오일 파스타,20,만조 머쉬룸 크림 파스타,16,토마토 감베리 파스타,14
catchtable_9EiimEmz10vL7hDs7IApEQ,우블리,True,weighted_match,745,한우육사시미/육회,86,햄버거(2psc),19,비빔면,14,파스타,7,,
catchtable_4AJWVfuyVfICnlF45NYrEg,팔각동 ,True,weighted_match,366,동파육,29,흑초탕수육,6,탄탄시루나시,3,사천마파두부면,2,보리된장오이,2
catchtable_enO0RxdZqJsXQYy6rL48aA,송계옥 광안리점,True,weighted_match,116,하이볼 얼그레이,11,송계옥 비빔면,11,염통 (150g),5,봄나물 퉁퉁장 된장찌개,4,목살 (180g),4
catchtable_8SRZmw6y2etEKhoNswkXSQ,거북이동네 부산영도점,True,weighted_match,109,숙성 삼겹살 100g,5,숙성 목살 100g,4,숙성 항정살 100g,4,가족세트 800g,4,대왕 매콤야채쫄면,4
catchtable_lZm3t5eMwvw0kVal0dk9PQ,단칸,True,weighted_match,364,나폴리탄,9,후레쉬머쉬룸,3,이즈니버터바,2,감태아이스크림,2,해쉬타워,2
catchtable_PagHiXJtEF4GLA8SomEtvA,hyggeso 휘게소,True,weighted_match,172,숙성방어회,4,,,,,,,,
catchtable_ItJdsD-z1Z32XYH7qn7j4g,금수복국 서초점,True,weighted_match,152,복국,13,모둠튀김,9,금수복탕수,4,복회무침,2,,
catchtable_6-D7EYMHWBSFnpfkUcebtw,로마옥 리버사이드,True,weighted_match,261,트러플 크림 파스타,3,전복 게우 파스타,2,잣 카프레제 샐러드,1,발사믹 글레이즈 연어 스테이크,1,티라미쑥,1
catchtable_GrgK5HOkuOj5ZSXKFQaL8g,고급오복수산,True,weighted_match,732,카이센동,77,백합탕,5,특선 카이센동,3,사케동,3,우니 도로 이쿠라 관자 에비,2
catchtable_beXRwore1eolQfxiSFujCg,스시소라 광화문점,True,weighted_match,5275,런치 카운터 오마카세,893,디너 오마카세,865,,,,,,
catchtable_29jYZ5C_0DdShQ7RUQvOGA,칠월,True,weighted_match,175,닭껍질,4,재첩라멘,3,쯔꾸네,1,모찌리도후,1,명란구이,1
catchtable_gXMLXAjcMGO-yXsb4q0iqg,스미스가좋아하는한옥,True,weighted_match,538,봉골레,15,부라타,11,까르보나라,8,뽈뽀,6,풍기,4
catchtable_hq_C32l4NsqZM797Arg8RQ,삼동소바 죽전점,True,weighted_match,224,삼동냉소바,30,삼동떡볶이,29,돈까스 double,24,대게튀김 (3p),15,짬뽕우동,14
catchtable_WFSJPG45luHGtN1GyCZwMQ,살팀보카,True,weighted_match,857,5. INSALATA DI POLPO 문어 샐러드,117,1. LASAGNA BOLOGNESE 볼로냐식 라자냐,88,2.POLPO ALLA GRIGLIA 그릴에구운 문어요리,42,1.FORMAGGI & ITALIAN SALUMI 치즈와 이태리 햄류,39,4. INSLATA DI POMODORINI 토마토샐러드,34
catchtable_-CoYK0k9e2U2_7GJEw8INg,숙성시대 롯데월드몰점,True,weighted_match,208,우판 LA양념갈비 반상,28,듬뿍우거지탕,14,얼큰 차돌순두부,12,한우 육회비빔밥,12,뚝배기 된장 찌개,9
catchtable_oRMj4PAOW6Ophka9L7o8Nw,미카사행궁,True,weighted_match,211,하이볼,3,얼그레이 하이볼,2,포모도로 파스타,1,우렁살 로제 리조또,1,아메리카노,1
catchtable_S5LZ42wn8O4aIn1YYgi2Bw,엄마의 봄날,True,weighted_match,1213,동강정식,65,영월정식,9,,,,,,
catchtable_c9F12i3RR5pyl-_JdmlABQ,마사키,True,weighted_match,658,런치 카운터 스시오마카세,210,디너 카운터 스시오마카세,210,디너 카운터 사시미 오마카세,103,런치 룸 스시코스,94,디너 룸 스시코스,94
catchtable_MI55zFxIw7xZOp7iOg_01g,소플러스 의정부점,True,weighted_match,112,냉면,14,특급생갈비,12,돼지생갈비,11,소생갈비살,10,갈비살정식,9
catchtable_0FjXep4PcMfMx8jGI__Krg,미카도스시 둔촌파크포레온점,True,weighted_match,147,연어초밥,33,간장새우초밥,33,간장새우 모둠초밥(10P),33,연어양파초밥,31,광어초밥,30
catchtable_6EByL65CWig-E6SU8df9FQ,호르몬치치 부평점,True,weighted_match,119,호르몬치치 무한리필 메뉴,26,호르몬치치 사이드 및 주류,23,와규등심추리 80g,4,소 염통 80g,2,소 곱창 80g,1
catchtable_8ZJ3G1SrNcCNuNB4gHNCAA,선명,True,weighted_match,204,제철 사시미 모둠,29,한우 육사시미 한접시,29,미소 두부 튀김,23,항정살 수육과 절임 나물,7,난코츠 가라아게,4
catchtable_ah70fnl2upl6voHats_2GQ,오복수산 판교점,True,weighted_match,830,카이센동,123,사케동,8,특선 카이센동,7,백합우동,7,카니미소구이,5
catchtable_-pME74JUh3vQU42clhbdrQ,꿉당 잠실방이점,True,weighted_match,413,삼겹살,25,꿉살,22,항정살,8,가브리살,7,신라면 투움바,6
catchtable_f_cz24AMGC-b8yTXx-6mzw,달마시안 스타필드 수원점,True,weighted_match,591,봉골레,7,빠네 파스타,5,까르보나라,2,트러플 스테이크 리조또,1,멍찹스테이크,1
catchtable_xioMUGwm2A4DyAcYZr4mcQ,파스티피쵸,True,weighted_match,1064,등심스테이크,4,비프 타르타르,4,버섯크림 구운뇨끼,2,토마토 치즈 샐러드,1,볼로네제 생면라자냐,1
catchtable_d5fKGat5Whoygv8CmRLdBg,오몬자,True,weighted_match,557,모찌리도후,2,명란모찌몬자야끼,2,청양숙주샐러드,1,돼지김치몬자야끼,1,유자오이타다끼,1
catchtable_BOt8NmOOdwGBbW2th_yxEw,산골농원,True,weighted_match,398,솥뚜껑닭볶음탕,46,,,,,,,,
catchtable_pSvrI-LtSAMIp2KDj-3mUg,리호,True,weighted_match,366,닭가슴살,34,양배추 구이,17,우니 메밀 파스타,5,닭다리살 타코,4,토마토 인살라따,3
catchtable_xOwMxky7hOv6E5d_0tk0vA,스시사카바 산원,True,weighted_match,246,성게알,5,후토마키,2,안키모 모나카,2,이소베마키,2,포테토 사라다,1
catchtable_iN8eW9KtXloH52zLJn9T-w,주상,True,weighted_match,143,들기름 묵은지 광어,5,한우 2+ 차돌 육사시미,4,한우육회와 안키모 소금김밥,4,한돈 숙성 냉제육,3,주상 닭백숙전골,3
catchtable_KR9OCk9sbTYn2oMQcsWn2g,송추가마골 인어반 강남점,True,weighted_match,143,송추갈비,22,송추갈비 정식,22,가마골갈비 정식,9,가마골갈비,7,부채살양념구이 정식,6
catchtable_bfSO5D5ADY7NZng-rlz0Og,파다노,True,weighted_match,132,뽈뽀,17,바질크림,8,감자뇨끼,4,해산물오일,2,아마트리치아나,2
catchtable_hrWPEJO1JSI3NkY0tOnMag,와서울 (WWAHSEOUL),True,weighted_match,1403,엔다이브,31,이베리코 베요타,13,아이스크림,8,구운 양배추,2,잠봉&감자구이,1
catchtable_kLpJffjSUmOSnRat3z9PYw,여의도돈블랑,True,weighted_match,101,아랫고기(生삼겹살),30,윗고기(生목등심),30,돈블랑 국수,9,된장죽 (2인분),5,특수부위모둠,2
catchtable_PBbAHB4xSbl1JvUtZeMfoQ,이와자루,True,weighted_match,230,오차즈케,5,명란 김 파스타,2,제철 생선구이,2,감자사라다,1,토마토절임,1
catchtable_BV-0jRO2S6pIIAllf-TwYA,디저트시네마,True,weighted_match,360,애플파이,58,시네마 페스츄리,5,블루베리파이,5,초코 스틱,3,초코 뺑 오,1
catchtable_n9vLs5srTVtPBeMmZnrJSQ,리꼬 피자 하남미사 본점,True,weighted_match,577,해신 뚝배기 누룽지,10,벌집 콰트로 포르마지,9,트러플 머쉬룸,2,무화과 고르곤졸라,2,리꼬 마르게리따,1
catchtable_rxn6V_iRa8O-p4t2FjVryQ,라보 스테이크하우스 `더 가든`,True,weighted_match,683,아스파라거스,6,스피나치,4,라보 샐러드,4,카우보이 스테이크,2,크랩 케이크,2
catchtable_9lB3ck3EBtTGopDzUAaHgA,김수사 신세계 본점 (명동),True,weighted_match,761,지라시스시,108,김수사 특상 초밥,96,김수사 사시미,87,생대구탕(지리)코스,67,장어덮밥(히쯔마부시),44
catchtable_nSn7tandULvO_oXW5gIEFw,고우가 여의도점,True,weighted_match,3640,고우가 A코스(90g/120g/150g),750,고우가 B코스(90g/120g/150g),750,고우가 C코스(130g/160g),750,런치 스페셜코스 (120g/150g),478,고우가 시그니처 코스 (140g),409
catchtable_G9Rn4TVT71n5SOehr0rqAA,샤브원 부산명지점,True,weighted_match,10532,"주말,공휴일 할인가(이벤트 참여시)",539,평일런치 할인가(이벤트 참여시),249,평일디너 할인가(이벤트 참여시),249,초등학생 할인가(이벤트 참여시),85,미취학어린이(36개월 이상),17
catchtable_CO_avAgaF7ijOYexd5t6gA,삼동소바 광명직영점,True,weighted_match,104,우동정식,16,얼큰우동정식,14,얼큰우동,11,우육우동,11,삼동떡볶이,11
catchtable_kw1FTHVyc7DnkBaijMBEjA,브리즈 양재,True,weighted_match,296,뽈뽀,3,트러플크림,2,티본스테이크,1,스칼렛 요한슨,1,부라타 샐러드,1
catchtable_9XQN3MvMt9U8HwBL__6Kgg,스즈란,True,weighted_match,283,런치 스시오마카세,70,디너 스시 오마카세,70,,,,,,
catchtable_qdt7bqpWVXRcbam5z-56_Q,마테오견문록,True,weighted_match,561,트러플,34,가지구이,18,아란치니,8,티라미수,8,새우비스크,7
catchtable_9Rtxsa4uJC5jZkR4Ow49sw,화달구연탄쭈꾸미,True,weighted_match,179,연탄쭈꾸미 양념구이,48,눈꽃치즈 양념 쭈꾸미,46,연탄쭈꾸미 소금구이,42,폭탄계란찜,17,공기밥,10
catchtable_o2c2cXFyMk8TLm_nv3jASA,보또비노(bottovino),True,weighted_match,112,토마토 파스타,3,비프 타르타르,2,해산물 튀김,1,엔다이브,1,콩피 문어,1
catchtable_cojUmefuc6n_RqESmzenUg,마초스테이크 송도직영점,True,weighted_match,778,마초 립아이 스테이크,177,마초 한우 등심 스테이크,112,마초 치즈 스테이크,107,1 파운드 추성훈 스테이크,102,마초 함박스테이크,95
catchtable_kHdqbHlPv7a7FZIyRPACiw,스시유 삼성본점,True,weighted_match,755,올데이 스시 코스,227,스시 정식,119,올데이 A코스,77,시그니처 코스,66,"런치 스페셜 코스A, B",60
catchtable_fuySSbT5Cx9NhW3Wxd5_MA,꼬따 송파나루역 본점,True,weighted_match,124,마르게리따,7,프리마베라,2,깔라마리,1,콰트로포르마지,1,카프레제꼬따,1
catchtable_TE7_LiNQLiQIchqAqHlEwg,조앤도슨 광화문,True,weighted_match,526,,,,,,,,,,
catchtable_QvsCj-3kAjauKcHQxNjH5Q,마시타야,True,weighted_match,338,블랙라멘,145,미니차슈덮밥,55,시오라멘,45,곤부스이 츠케멘,42,,
catchtable_CtPycilZB9omHxqteTuUhA,소주물 미사본점,True,weighted_match,340,소금특생갈비,4,대접밥,2,얼큰순두부,2,소주물냉면,1,폭탄계란찜,1
catchtable_sN4p1cUVaBPBQebrTBlmDg,미가키,True,weighted_match,280,런치 가이세키 오마카세,52,디너 미가키 코스,20,,,,,,
catchtable_K4qM_EBDaqXAkshwpvRpwQ,해운대 속씨원한대구탕 미포본점,True,weighted_match,114,대구찜,43,대구곤 추가,43,대구탕,31,알말이,15,,
catchtable_WpOs0EAPQ53H7PjpGDEngQ,쯔루하시 후게츠 명동점,True,weighted_match,1748,프리미엄 세트,18,돈뻬이야끼,12,후게츠 야끼소바,11,숙주나물롤,11,후게츠 세트,9
catchtable_59NcSvPt9d6jVNPl6ZYMFQ,치즈룸X멜팅샵 코엑스 파르나스몰,True,weighted_match,872,트러플 파케리 파스타,5,발사믹 관자,5,전복 솥밥 리조또,4,피스타치오 크림 파스타,4,딱새우 비스크 링귀니,2
catchtable_YWqQmBKNNIt2cxs0kizEyw,늘잇,True,weighted_match,160,무늬오징어,3,고등어 봉초밥,3,게 내장 파스타,1,오이김밥,1,옥돔튀김,1
catchtable_hU7Ud1Ssw9F46yXngHsOzQ,샤브올데이 고양화정점,True,weighted_match,121,다양한 샐러드바 무제한 제공!,22,주말 및 공휴일(고기무제한),5,리버스탭 맥주 무제한 제공!,3,신선한 월남쌈 무제한 제공!,1,품질 좋은 소고기 무제한 제공!,1
catchtable_Wk4a6OmUA3ekUhrCxyYdcA,윰드,True,weighted_match,284,Warm Green,1,,,,,,,,
catchtable_FqH5SRkgT0vTDSYe_xLaZg,빛날빈,True,weighted_match,184,B코스,54,A코스,54,비장탄 숯불장어덮밥 (런치),4,,,,
catchtable_ERy5tP8wHbN_3vlFOZpzNQ,안목(安木) 서면점,True,weighted_match,626,돼지국밥,106,새로,7,섞어국밥,6,고기추가,4,수육백반,4
catchtable_2epeJBAFehAhcpXk6WmL0w,미토,True,weighted_match,658,후토마끼,23,고등어봉초밥,20,한우모츠나베,8,스키야키,7,꽃게리조또,6
catchtable_Ftl3SBXnYH09fQGRKYnddg,을왕리 양자강,True,weighted_match,1228,왕갈비짬뽕,163,간짜장,144,해물볶음밥,9,중국냉면,5,차돌박이짬뽕,1
catchtable_5F-S-VQ88cvyFfITiwLEQw,데이릿 성수,True,weighted_match,576,잠봉 크림 누들,8,직화 족발 누들,7,데이릿 하이볼,4,모짜렐라 김춘권,3,마리모 라이스,2
catchtable_nqRe0GiJClShLipuodZzbw,풍원장 집밥 오시리아,True,weighted_match,153,한식뷔페,21,37개월~초등학교 3학년,1,,,,,,
catchtable_pxmOBYtdUIvVn2zHDziLIg,콘유,True,weighted_match,132,모찌리도후,4,염통,3,츠쿠네,2,껍질,2,피망츠쿠네,1
catchtable_Hql4cSdN_unw_MaWOtK_Vw,온랭,True,weighted_match,314,곰탕,54,평양냉면,36,녹두전,29,막국수,21,스지곰탕,7
catchtable_d4r57G4S6uniG5iSO462mw,우감만족 청담,True,weighted_match,1149,오마카세 코스A,134,오마카세 코스B,134,우대갈비세트 (2인),46,안심 100g,27,등심양념구이 100g,16
catchtable_22ozs2nbV53_S7gwNedPcg,물랑,True,weighted_match,683,디너 코스,83,런치 코스,80,,,,,,
catchtable_5XdpLCaPVBQVOkB9D-0Jmw,랑트 연남,True,weighted_match,182,비스,22,몬터레이 고추장 크림 뇨끼,13,홍게 비스크 리조또,13,수비드 삼겹 스테이크,11,차돌 멜초비 파스타,8
catchtable_kO_yymqyNx_tudsfM4acSQ,ONL(퍼멘츠),True,weighted_match,926,후무스,246,말차,6,알감자,1,호지차,1,작두콩차,1
catchtable_YWtJSe5yjNwAGPD0Id3faw,PEEPS 핍스,True,weighted_match,885,화이트 라구,39,홍새우 비스큐,24,세미프레도,10,보타르가,9,구운문어 샐러리악 퓨레,7
catchtable_BogYbooVE5lB1c7kAh9Weg,베리키친,True,weighted_match,272,제주 | 고등어 오일 파스타,38,만리동 | 토마토 김치찜,26,피렌체 | 시금치 우삼겹 리조또,24,디종 | 구운 양배추 샐러드,5,태안 | 소고기 들깨 크림 파케리,4
catchtable_SaP9vDSJyouNcBANHC5fQg,삼동소바 남양주 왕숙점,True,weighted_match,233,유부초밥,5,대게튀김,3,비빔소바,2,카레우동,1,온소바,1
catchtable_bS1M4vV4EKP5WxI-ZSy-aQ,따롱이훠궈 강남점,True,weighted_match,143,토마토탕,12,소고기,3,새우,3,배추,2,양고기,2
catchtable_aQFqSgf1iDAZCeibrNs9AA,트리아농 [Treeanon]  청담,True,weighted_match,252,스콘,56,[standard] 애프터눈 티 세트 (1인),47,[Special Free] 애프터눈 티 세트 (1인),47,로얄 밀크티,41,홍차 파운드 케이크,24
catchtable_5jtsYwzRVJiAkFH7BSRtkg,스시언,True,weighted_match,740,디너오마카세,97,런치오마카세,96,니혼슈,2,주류 및 음료,1,,
catchtable_SzIOCuL1pRVZ_YtsNqq19Q,에스쿱,True,weighted_match,230,비스큐 파스타,4,어니언스프,3,새우 라비올리,1,라구 리가토니,1,꿀대구와 아이올리,1
catchtable_Sv65fGlHlbzUIzIyvckUUg,소보키 강남점,True,weighted_match,509,낙지 카펠리니,3,차돌 떡볶이,2,미나리 육전,1,닭목살무침,1,미나리 누룽지 닭전골,1
catchtable_jOgMgE57vfFMbtnwi2lLpQ,떡도리탕 강남본점,True,weighted_match,1384,감자전,292,평일 점심메뉴,39,,,,,,
catchtable_499_rNVCeKrn37fPEK7FAw,김숙성 합정역점,True,weighted_match,113,양념게장밥,9,김숙성 투뿔 손차돌,6,미나리/미나리 무침 추가,6,김숙성 특목살,6,김숙성 삼겹살,5
catchtable_kRqwIVBZY--jALf9C8MRIg,신길리,True,weighted_match,132,문어 짬뽕라면,12,문어숙회와 한방보쌈,10,서해안 방게탕,3,바싹 베이콘 감자채전,3,계란에 빠진 육전,2
catchtable_hLecyf0ymbvwVXmdo78SoQ,투뿔 코리안 스테이크하우스,True,weighted_match,199,불고기,4,한우 육회,1,치즈버거 스프링롤,1,LA갈비구이,1,LA갈비,1
catchtable_TBzdVzGytduPJ9wWYBntSg,心淵韓牛 심연한우,True,weighted_match,354,한우 육회,94,한우 육전,92,한우 된징말이 죽,88,심연 스페셜 600g,12,심연 스페셜 400g,12
catchtable_MDcWeBslzjQTtmpAo7WGLA,풀뜯는돼지,True,weighted_match,440,미나리전,88,미나리삼겹살,20,미나리라면,13,된장찌개,13,하이볼,6
catchtable_C9OiOZYUFxyZFj3rrQV7ww,애일 aeil,True,weighted_match,571,무화과 버터와 바게뜨 1pcs,36,시래기 프랑스 소볼살찜,29,가난한자의 푸아그라 본매로우 타르타르,15,단새우와 아보카도딥,14,밀크젤라또와 아일레이 위스키 초코딥,12
catchtable_b4DFXA51ib5Wm-DzoyA5oA,마나오,True,weighted_match,1507,커무 양 / 숯에 구운 태국식 항정살 구이,309,커무양 / 숯에 구운 태국식 항정살 구이,307,타이 밀크티 빙수,128,솜땀 타이 / 그린 파파야 샐러드 솜땀,101,느아 뚠 / 오랜 시간 끓여 낸 소고기 보양 핫팟,85
catchtable_SZRNy315xtbRMofpcffGSA,익스퀴진,True,weighted_match,1709,점심,38,저녁,33,,,,,,
catchtable_Ow9JvkiEZaAdsvAaeFLFKg,에피세리 꼴라쥬(Epicerie Collage),True,weighted_match,281,,,,,,,,,,
catchtable_G64-ATLWKxdBT_PcPG_B2w,정미스시,True,weighted_match,425,,,,,,,,,,
catchtable_sUVvq1s2oDK60fgeYneqFA,정양집 신논현본점,True,weighted_match,421,2인 세트,6,열무국수,2,전통주 샘플러,2,4인 세트,1,해주교반 솥밥,1
catchtable_JAyEVLIZvJqvwbL4fKXcMQ,마츠자키,True,weighted_match,218,1人 가이세키코스 + 사케3종페어링,44,1人 가이세키코스 + 사케5종페어링,44,1人 가이세키코스,40,,,,
catchtable_NRNMa7Nfuw2I_eikcSwD3A,샤브올데이 부산명륜점,True,weighted_match,230,다양한 샐러드바 무제한 제공!,42,주말 및 공휴일(고기무제한),18,리버스탭 맥주 무제한 제공!,13,신선한 월남쌈 무제한 제공!,5,품질 좋은 소고기 무제한 제공!,5
catchtable_ezTHYYYFwRRdh-0R-_ol9g,효탄,True,weighted_match,751,계절사시미 모리아와세,47,카이센플레터,7,,,,,,
catchtable_gT1bffVnuiQHfWAHCDZYMw,슌사이쿠보,True,weighted_match,529,1마리,20,시메사바,8,어린이 장어덮밥,3,생연어덮밥,2,치킨난방,2
catchtable_ioyxlr8pMEXxcKmlqL4q_Q,디핀 옥수(Fresh Pasta&Wine),True,weighted_match,4000,참치타르트,139,올리브 아이스크림,133,코코넛 아이스크림,41,먹물 키타라,30,옥수수 뇨끼,13
catchtable_1JYUieFRgsNwTAAgWPNwEg,스시온정,True,weighted_match,490,점심 사케 페어링 코스,23,저녁 사케 페어링 코스,23,점심 코스,11,저녁 코스,11,콜키지,4
catchtable_mH6cy4RM2OB4PysKbyG28A,아메리칸 브런치 카페,True,weighted_match,241,에그 베네딕트,10,프렌치 토스트,5,럼버잭,5,토마토 오믈렛,3,콥 샐러드,1
catchtable_-H_yyQC6wnwUIQTvi5Ro9g,솔직한우 방이점,True,weighted_match,339,(런치메뉴)한우 고기 곰탕,204,(런치 메뉴)한우 육회 비빔 냉면,101,(런치 메뉴)한우 대창 된장찌개,92,한우 육회 타르,79,한우 육회 클래식,76
catchtable_6FhpbRwUzSZmeljvfLpJnA,산들해 양재점,True,weighted_match,179,한정식,16,해물파전,2,낙지볶음,2,,,,
catchtable_SNs6KCtKom_CQV4fCE0q0A,아메리칸빌리지,True,weighted_match,496,크림스피니치,4,2인 플래터,4,로메인,2,4인 플래터,2,3인 플래터,1
catchtable_wiklMSjgUkyCUskg5AU-IQ,정돈 도마수육 순대국 본점,True,weighted_match,137,순대국,66,도마수육정식,32,순대전골,3,머리수육,1,,
catchtable_tsD4CTAr4BfhXzgU6t4VOg,호박꽃 영등포점,True,weighted_match,435,소고기 매운 라면,64,된장 찌개,27,우니 & 단새우,23,김쌈,16,호박 모리 아와세(2인),11
catchtable_Q1bsLYjPep2ZyCGsIzVR2g,이속우화 구우몽,True,weighted_match,3540,한우 맡김차림,292,우니 & 트러플 (1人),224,채끝살(100g),61,부채살(100g),60,등심(100g),59
catchtable_cs8ijnGGibCfx5QN6cPi7A,누아,True,weighted_match,139,레몬 버터 파스타,35,파리지앵 뇨끼,17,서양식 대구,10,미니코스 샐러드,9,세 번 조리된 감자,7
catchtable_nm14J81MLOT6Y08AedQwiQ,미암미암,True,weighted_match,214,가리비관자 파르팔레 오일파스타,37,레어스테이크샌드위치,20,소갈비 브루기뇽,19,쉬림프크림 링귀니파스타,13,소이소스 그릴드삼겹,12
catchtable_i9W5Ksco1EibFFLOHWSxgw,아카사카 크라부(akasaka club),True,weighted_match,309,우설,79,하이볼,39,특상우설,12,야끼니꾸 3종,11,주먹밥,7
catchtable_bRkEdBLvNvIN1wvHQIW7Pw,원할머니 본점(本 1975) ,True,weighted_match,146,한돈 반반 실비&보쌈김치 보쌈,31,보쌈과 족발(모둠보쌈+족발1/2),13,가마솥 해물순두부반상,6,부드러운 족발(한족),6,족발 한접시(반족),6
catchtable_SNQmwzOj36Tb8M7tx6uY9w,신수로,True,weighted_match,112,336숙성 통목살 160g,8,도끼살 스페셜 3-4인,8,도끼살 스페셜 2인,8,336숙성 통삼겹 160g,7,DRY 한우채끝등심,6
catchtable_SYIYxqHoG9cmFKVEe_NLrA,그랜드 머큐어 임피리얼 팰리스 서울 강남 중식당 천산,True,weighted_match,140,오룡해삼,4,북경오리,3,군만두,2,패밀리 초이스 코스,1,전가복,1
catchtable_G8RFRBqNGdE3UNbXirgrag,우미남 서면점,True,weighted_match,120,한우 1++ 상위 1% 웻에이징 티본(100g),16,특안심(100g),5,한우 육회,4,새우살(100g),3,한우 1+ 드라이에이징 티본(100g),3
catchtable__NpeuVIWwXECbT5n1qwhvQ,포시즌스 호텔 서울 더 마켓 키친,True,weighted_match,322,[~6/30] 뷔페 메뉴,47,[프로모션] 평일 소프트 드링크 프리플로우,9,[프로모션] 주류 무제한 프리플로우,5,,,,
catchtable_lJ_XyeeFiMdyInaP2_ydNQ,신세계오뎅 본점,True,weighted_match,154,스지오뎅탕,3,후토마끼,2,고등어 봉초밥,2,모듬초밥,1,모듬튀김,1
catchtable_vcHU_8mQclFROAcKT5LWkg,올바릇식당 영도점,True,weighted_match,308,꼬막육전대판,58,꼬막 1인상,56,,,,,,
catchtable_5lBK53XA0ufDIoHUZMI2Ag,운멜로키친 3호점,True,weighted_match,159,운멜로 뇨끼 크레마,42,상하이 가리비 파스타,20,포크 안심 스테이크,12,알리오 올리오,7,토마토 핫칠리 파스타,7
catchtable_jDczplWWbuvKQ9uFN47iwg,야키토리 로만 잠실새내 본점,True,weighted_match,104,츠쿠네,18,고등어솥밥,7,내장탕,2,다리살,1,대동맥,1
catchtable_sK_vqzOlXv7NuX3GyhD-9w,도트블랭킷 삼청한옥점,True,weighted_match,429,한 끼 든든 아보카도 샐러드,82,아보카도 베이컨 블랭킷,28,오늘의 스프,15,과콰몰리 쉬림프 블랭킷,10,고기듬뿍 롤링치즈 블랭킷,9
catchtable_ss-rxyrGejygrmtuMF8R2A,필앳홈 스테이크하우스 잠실점,True,weighted_match,213,트러플 관자 크림 파스타,43,라구 볼로네제 파스타,15,츄러스 프렌치토스트,11,문어 바질 리조또,9,에그 인 굴라쉬,6
catchtable_z2C_OQuUbze0WIrLNr106w,MELT,True,weighted_match,238,,,,,,,,,,
catchtable_0bmz_whLdG6j0otZgvXGUg,네기스키야키 압구정점,True,weighted_match,1470,런치 토마토 스키야키 코스(한우 1++),293,런치 토마토 스키야키 코스(미국산),293,토마토 스키야키 A코스(한우 1++),293,토마토 스키야키 B코스(한우 1++),293,토마토 스키야키 A코스(미국산),293
catchtable_hijp-vPNNJ3yt1_FLmvG7w,코메 벤또,True,weighted_match,126,네기도로동,27,들기름 소바 정식,19,냉소바 정식(여름 한정),17,사케동,15,우나기동,14
catchtable_ZfJrEgnAk08UNHM-1m5KjQ,hen,True,weighted_match,136,한우 고기국수,28,커리치킨도리아,27,네모집 된장라면,6,수이 하이볼,6,하이볼 세트,5
catchtable_4rJyDCFI-cb7hAbTWUS3UQ,OSTERIA BEVINO,True,weighted_match,200,"리보르노 항, 붉은 바다 - 링귀니 비스큐 [Toscana · Livorno]",24,"소스탄자에서 만난 기적, 로렌조 치킨 [Toscana · Firenze]",22,바람과 빛 사이에 머문 시간 - 보따르가,16,"바다의 시간을 담은, 모스카르디니 - 쭈꾸미 아쿠아 파짜",15,"수확의 순간, 마테오 쉐프의 선택 - 살시차 베이비 로메인",7
catchtable_sPq9p2kA4wSvuoqduYkqnQ,지칸 삼성1호점,True,weighted_match,485,스페셜디너오마카세,57,디너단품예약,55,디너하프오마카세,55,런치오마카세(6코스),55,런치스키야키정식,18
catchtable_-SOM650B0d0lycw49BJ6gg,Chai797 여의도점,True,weighted_match,219,탕수육,16,유린기,6,유산슬,5,금상,3,깐풍기,2
catchtable_8FDpjuErBETCr7AdZnrM8Q,스시미야비,True,weighted_match,1052,사케 오마카세,195,런치 오마카세,173,디너 오마카세,172,디너 오마카세 특,170,런치 오마카세 특,169
catchtable_JTkn6AairR-R7r2ktS7r0Q,서울로인 여의도점,True,weighted_match,838,(런치)반가 한우 소 불고기 코스,258,(런치/디너)진연 한우 코스,250,(런치/디너)선화 한우 코스,249,(런치)종가 한우 코스,246,(런치/디너)수라 한우 코스,246
catchtable_p8Ox7h9_Y_T7sexjp6FHJQ,566라멘,True,weighted_match,1125,小 시루나시,50,大 시루나시,50,小 라멘,1,,,,
catchtable_oZ6PLCNCHtR_gJQpDdVdIg,335kitchen 광교아브뉴프랑점,True,weighted_match,118,소고기 샤브샤브(평일 점심),22,소고기 샤브샤브(저녁ㆍ휴일),22,어린이(7세~초등학생),1,,,,
catchtable_v25xFMF4zdzVf14fFFpS-A,툴롱 Toulon,True,weighted_match,1250,툴롱샐러드,57,오리가슴살 스테이크,31,달고기 뫼니에르,21,전복에스카르고,16,양파스프,13
catchtable_PuwHFDph2YHjIUMmZJ1spw,페피트(PEPITE),True,weighted_match,187,우니파스타,12,홍새우 파스타,4,전복 아에모노,4,대구스테이크,3,한우 비프 타르타르,2
catchtable_6lq-EkKysuq3ouPZBKHFag,카쿠스시,True,weighted_match,509,포장스시,91,런치 오마카세,67,디너 오마카세,64,교쿠포장(반판),5,,
catchtable_GkjTXHs4fbyFvfQ_Z3frkg,키즈나스시 고양,True,weighted_match,685,스시오마카세 특선디너,138,lunch 오마카세,137,,,,,,
catchtable_H-YGwuP6wtRGKZ8APWgz4Q,백일평냉,True,weighted_match,657,평양냉면,103,제육,53,이북만두,40,비빔,36,편육,25
catchtable_9IcgmiokH0TPS2pkfIVYBw,봄담아 등촌점,True,weighted_match,1101,평일 LUNCH 소인,16,평일 LUNCH 대인,15,평일 DINNER(주말/공휴일),15,삼겹살 120g,1,,
catchtable_7FLJupVvFNcK4XzUAJ14Og,디핀 을지로3가(점입가경),True,weighted_match,922,와인,30,양고기 마파두부,7,오이 탕탕이,7,디핀 아이스크림,3,디핀 라이스,3
catchtable_Udn3VODHnLllj7uBBsfunw,다솥맛집 김포현대아울렛점,True,weighted_match,127,통문어 솥밥,11,와규스테이크 솥밥,10,갈치구이 흰솥밥,9,낙지 솥밥,3,갈치조림 흰솥밥,3
catchtable_TWHIajAj8fXne_N2Ef2MFw,더바냐,True,weighted_match,100,오리다리살 콩피 스테이크,9,허니레몬 젤리 샐러드,8,NO.9 ++1 한우 채끝등심 스테이크,3,한우 채끝 카프파치오 & 루꼴라,2,- 디너 주류 필수입니다.,2
catchtable_vZ1ZYH1w_slzVoA37doYpw,도산정육블랙 청담본점,True,weighted_match,279,항정살,6,한우물회,2,김치볶음밥,2,젓갈볶음밥,1,비빔냉면,1
catchtable_1j4qqnnPDEDH74GSm2FWlQ,코야마,True,weighted_match,622,스시오마카세(런치),168,스시오마카세(디너),168,,,,,,
catchtable_saLbwt0OgTBHM_SzPys-bA,꼬미다 큐큐큐,True,weighted_match,1072,뽈뽀,197,감바스 샐러드,9,단호박 수프,5,미트볼 파스타,5,버섯 크림 파스타,4
catchtable_rm0Ztnsdg3FtguvWSgRIRQ,비볼리 합정,True,weighted_match,218,새우 알리오올리오 파스타,63,하프&하프 로마식 피자,51,크림버섯 리조또,31,카프레제 샐러드,11,카치오 & 페페 행거 치프 비볼리 시그니처,11
catchtable_3JBIcbW7WwEaSUHFXCmkEg,브라이리퍼블릭 이태원점,True,weighted_match,111,미트 플래터,24,양고기 포이키,18,파이와 사이드(1),14,말바 푸딩,4,버니 차우,1
catchtable_r-h-N5QyjFItF65QxEV7BQ,이요이요스시 공덕1호점,True,weighted_match,1373,스시 포장,186,LUNCH 스시 (카운터),170,LUNCH 스시 (테이블),170,DINNER 스시 (카운터),170,DINNER 스시 (테이블),170
catchtable_72i-c6KluaGvrp1SzlhCtA,신사고집 신논현점,True,weighted_match,314,삼겹살,20,목살,13,가브리살,4,항정살,3,야채모듬,1
catchtable_8ZeiFU3jXtTGr_9p3LGvwA,대장장어,True,weighted_match,258,[시그니처] 대장장어,23,장어솥밥,21,장어라면,12,장어보양탕,6,계절 된장찌깨,2
catchtable_IHfd5v3orTEkFy9T_zaQJA,엘릿,True,weighted_match,393,육회김밥,71,티라미수,5,메로구이 갓김치 리조또,3,샹그리아,2,트러플 크림 뇨끼,1
catchtable_XOaEM5gkjHSQ5-vVUeHcRw,톰루이 반더 앨리슨,True,weighted_match,131,트러플 살사 감자튀김,3,감바스,2,나쵸,2,떡볶이,2,카프레제,2
catchtable_tt5SkjmeJXpEg83fUyrhow,신독,True,weighted_match,474,우니,8,사바 보우즈시,2,마구로 치즈아에,2,제철 사시미 모리아와세,1,토리 가라아게,1
catchtable_8so2Px7gPeV18McqN36I8A,대물섬,True,weighted_match,1441,소금김밥,374,해물 돌판 짜파게티,6,대물 뽈락구이,3,오징어 김치 수제비,2,포항 복튀김,1
catchtable_HtUf0-hdkmaRUhCHBeEF1g,무탄 코엑스점,True,weighted_match,1220,고추유린기,75,스테이크 트러플 자장면,8,대파 유린기,5,마파두부+볶음밥,2,뚝배기 마파두부,2
catchtable_vHbVBGmqUiq7QPhmcti8tA,바리에가타 신논현,True,weighted_match,1235,단새우 로제 딸리아딸레 파스타,5,바리에이드,4,블랙트러플 화이트크림라구 파스타,3,초리조 아이올리 비프타르타르,3,봄날의 햇살,2
catchtable_V6OLeuXdVhd1rX_FylLCig,진지아,True,weighted_match,251,망고 크림새우,2,마장면,2,가리비 멘보샤,2,철판 마라샹궈,1,마파 산수두부,1
catchtable_4MxFdxuJmhxhgA_FJ-ESIg,윤슬,True,weighted_match,385,전복 리조또,5,부채살 스테이크,4,게 내장 크림 파스타,3,수비드 항정살,3,오겹살 두루치기,2
catchtable_xDIcVtHRn3Ksa2jBWT03LA,엘 꾸비또,True,weighted_match,208,꿀대구,3,해산물 빠에야,2,이베리코 프레사,2,오징어 튀김,2,스테이크 샐러드,1
catchtable_VEw3MpRPyZ-Jo6ftR6QI1Q,오늘초밥 범계점,True,weighted_match,1381,한 접시 당 균일가,61,,,,,,,,
catchtable_ttkVnX4GYimtaYPfeyvs1g,파스타 트리오,True,weighted_match,123,시그니처 쉬림프 오일 파스타,12,트러플 포르치니 크림 파케리,8,꾸덕 까르보나라,3,리코타치즈 샐러드,3,우대갈비 스테이크,3
catchtable_4qnlM9k4K_JUhKH3MiRMBQ,카이퍼 청담,True,weighted_match,229,로제 파스타,4,라구 파스타,4,시저샐러드,4,라자냐,3,꿀대구 스테이크,3
catchtable_KaZkZzCmXExeNCnaZvI02Q,어라우즈 arouz,True,weighted_match,383,타파스 오마카세 1인,67,,,,,,,,
catchtable_QJtuoMEyDKrm2tn_PE1Tvg,한와담블랙 강남 [All Room Dining],True,weighted_match,392,[프라이빗룸] 4~20명 룸 예약가능,135,[한우메뉴] 숙성 한우등심,28,[한우메뉴] 숙성 한우 꽃등심,28,[주류] 하우스와인(레드와인),24,[한우메뉴] 한와담 특안심,22
catchtable_kUwwtX0yE_0ky0t7P--MsA,산도스 성수 (SANDOS),True,weighted_match,193,보드카 산도 1인 세트,77,OG 산도 1인세트,54,OG 산도 2인 세트,54,유자 당근 라페 (S),20,화이트 차이브 1인 세트,13
catchtable_GhZewIO5kPxeGvw6PTqwKA,지우 스시,True,weighted_match,253,디너 A,1,디너 B,1,,,,,,
catchtable__FM2mUgUuJFpLueBat_enw,아난티 앳 강남 비앙드,True,weighted_match,139,오늘의 메인,12,굴라쉬 스튜 & 푸실리,12,채끝 등심,10,오늘의 샤퀴테리 플레이트,10,아스파라거스 샐러드,8
catchtable_I3PlQCiM0D0g6U-wLgPHRA,어가 가이텐스시 남천점,True,weighted_match,205,빨간접시,14,검은색접시,12,,,,,,
catchtable_gkGp4CafAeYre8hLuKcr6g,와쇼쿠예인,True,weighted_match,824,디너 미니코스 (20:00),73,"룸 코스 (18:30, 19:00)",71,"런치코스(12:00, 12:30)",71,"평일/주말 (18:30, 19:00)",6,,
catchtable_HlLrs6wd6hLEG-Dkc9B2OA,테루아,True,weighted_match,745,,,,,,,,,,
catchtable_FhE-mAKsD1nq2UlCdF0urA,일월카츠,True,weighted_match,1496,히레카츠,66,로스카츠,40,모듬카츠,13,목살카츠,7,상 로스카츠,4
catchtable_9ddsp88yFM0h2St-ZomrTA,첨벙,True,weighted_match,631,숙성회 모듬 1번,60,숙성회 모듬 2번,60,숙성회 모듬 3번,60,연어김밥,57,겨울시즌 ★ 대방어 작은 사이즈,32
catchtable_gmbdIOomfEC9-7zeyb8BPA,빈 투 파리스,True,weighted_match,148,커피 페어링 (1인),62,와인 페어링 (1인),53,빈 투 파리스 6 코스 (1인),15,디카페인 페어링 (1인),4,,
catchtable_oFTjjp2q-kPcvRQLdmHnZA,센트럴 윤잇 국립극장점,True,weighted_match,167,연어 스테이크와 허브 요거트 소스,12,쉬림프 먹물 파스타,9,플라워 허브 버터 & 브레드,5,그릴드 머쉬룸 치킨 샐러드,4,윤잇팜 바질 페스토 스파게티니,4
catchtable_LQ9SeFCAS5qCt_R_UvoqAw,버터램,True,weighted_match,239,양갈비,37,프렌치렉,23,양카레,15,양등심,6,간장새우,5
catchtable_61JymI8eb-0MgpSx3cqYVQ,가야밀냉면해물칼국수 본점,True,weighted_match,698,감자전,59,콩밀면,59,비빔밀면,54,해물파전,44,물밀면,43
catchtable_CspLoaFiIN-oF368hrq6pQ,빕스 마곡 원그로브점,True,weighted_match,129,샐러드바(런치),12,샐러드바(디너/주말),12,취학 샐러드바,12,미취학 샐러드바,12,,
catchtable_Ip4ocXDWDcQ4UmDpbKDa0w,스시사카바 압구정,True,weighted_match,144,煮魚 - にざかな / 생선조림(한정),9,기린 생 맥주 / キリン 生 ビル,5,· 鯖 / さば - 고등어,5,콜키지,4,· どろ - 도로,2
catchtable_3AKc5GBrzbo3lBVh33zsqg,스시이카리,True,weighted_match,837,런치 오마카세,108,디너 오마카세,108,디너 사케페어링 코스,61,,,,
catchtable_7YDg2g4TxcuMPb-Eds2nKQ,쿠촐로 서울,True,weighted_match,3440,버터치킨,106,레몬 파스타,39,화이트 라구,23,티라미수,12,로스트치킨,10
catchtable_4NiKChI8p9KB6LvprFNkkQ,샤브올데이 서울 화곡점,True,weighted_match,151,다양한 샐러드바 무제한 제공!,20,주말 및 공휴일(고기무제한),11,신선한 월남쌈 무제한 제공!,8,품질 좋은 소고기 무제한 제공!,7,리버스탭 무제한 제공!,4
catchtable_53g862EI4EYK_zTT5iMLjw,니하오 중식뷔페,True,weighted_match,450,중식뷔페,15,,,,,,,,
catchtable_zToPZ1RRb1vq_CaLqIQhSA,그랜드 머큐어 임피리얼 팰리스 카페 델마르,True,weighted_match,164,골든 망고 하이티 세트,12,델마르 하이티세트,11,,,,,,
catchtable_j-kIZ1Z9ASo1UxxRrYZnMw,야키토리 온정,True,weighted_match,828,닭곰탕,18,츠쿠네,14,염통,13,등살,9,껍질,8
catchtable_A1Hzpvi8j4Vlv63-IEIWOw,화이트와인개러지,True,weighted_match,295,세비체,21,아롱사태 쌀국수,18,본 매로우와 라구소스 파스타,16,통항정살과 고사리구이,11,수제 뇨끼,6
catchtable_dN2HdyoZHiFKpTWY6IpV2A,어물전 청 한남점,True,weighted_match,1021,고성 단새우,52,"성게알 아이스크림, 멸치막장",43,통영 한치,14,한우 떡갈비 한상,13,제철 모듬회,4
catchtable_ruL2_qlhBWD4WDDFNDBgdA,MOTT 32 SEOUL,True,weighted_match,1248,군만두,6,블랙 트러플 메추리알 샤오마이,6,사천식 교자,4,해산물 산라 소룡포,4,불도장,4
catchtable_B-XWqNBQr5aXCZV8z5YOVQ,스시호우,True,weighted_match,1187,디너 오마카세,246,런치 오마카세,244,,,,,,
catchtable_mvpdjrNRB_DUtqE0FMdGwQ,상록회관 새솔점,True,weighted_match,101,삼겹살,8,,,,,,,,
catchtable_dxiwBELP4QEFlpZtOXLlMw,까사델비노,True,weighted_match,193,돌문어 & 고추피클 파스타 (Octopus & Pepper pickles),10,엔쵸비 & 토마토 오일 파스타 (Anchovy & Cherry Tomato Oil Pasta (Dry Linguine) ),10,살시차 토마토 파스타 (Italian Salsiccia & Sea Greens Tomato Pasta (Dry Spaghettini) ),9,버팔로 모짜렐라 & 토마토 샐러드 (Buffalo Mozzarella Caprese with Garlic-Mustard Vinaigrette),2,버팔로윙 (Buffalo Wings with Salad),2
catchtable_5A18qHgvhdshYxR9HepvHQ,야키토리 쇼몽,True,weighted_match,221,안심,11,야키토리 쇼몽 3종 코스,10,야키토리 쇼몽 6종 코스,10,야키토리 쇼몽 9종 코스,10,트러플 다리살,7
catchtable_PLUatO7ez0muHxsBA_bSrg,와인쉬어리,True,weighted_match,185,묵은지 해산물 파스타,7,가리비 관자와 까펠리니,4,해산물 토마토 스튜,3,가지와 라구소스,3,루꼴라 샐러드,3
catchtable_mHAHmXVAJDgAJpWantykww,파씨오네,True,weighted_match,1182,런치코스,150,디너코스,146,,,,,,
catchtable_TOWMOCpfNvwalD4DMiZ5_g,피쇽(piishock),True,weighted_match,1006,우렁이,107,비지 파스타,65,새우 파스타,25,라구 파스타,19,바질 파스타,10
catchtable_SchQAsI9ut_beOcqBp1BfA,로바타아키,True,weighted_match,378,라멘,16,가리비,7,삼치,5,감자사라다,4,오차츠케,3
catchtable_3kP5PnvT5oQakTLWkE-h0g,몽중헌 공덕점,True,weighted_match,1370,유린기,16,깐풍기,10,구채교,9,하교,8,춘권,6
catchtable_SDiK2ExwV3swGmrkBrirtw,소문난닭갈비,True,weighted_match,120,치즈볶음밥,11,들기름막국수,7,소금 - 숯불,3,메밀막국수(비),3,간장 - 숯불,2
catchtable_1FY80FKA2sAKwVPukUeVCA,우미집(牛尾集),True,weighted_match,169,전통주,12,김치전,11,마늘볶음밥,10,감자채전,9,꼬리수육,5
catchtable_dWgABEocIf3JO_vZX0xpUg,조무락닭갈비,True,weighted_match,159,소금닭갈비(1인분 230g),38,들기름막국수(사이드메뉴),35,간장닭갈비(1인분 230g),32,고추장닭갈비(1인분 230g),20,비조리용 포장 닭갈비 (1팩 450g),19
catchtable_6ZR22rCyxkGHcRzL3M8YmA,한식 다이닝 이음,True,weighted_match,137,,,,,,,,,,
catchtable_edJc-ivkV0d-t9rhufUh8g,진주식당,True,weighted_match,702,해물라면,11,모듬튀김,6,알탕,3,서더리탕,3,전복죽,3
catchtable_W-JL7V-06dyMFCRwhZTQLg,테이블보,True,weighted_match,134,후추 파스타,4,당근라페,4,부라타 페스토 투게더,2,바질 까사레체,2,올리브,1
catchtable_NkBF3yMq_npy6QEA0uPvbQ,Ember Amber 엠버앰버,True,weighted_match,430,[Oak] Pork Wellington 돼지 안심 웰링턴,48,[Oak] 4 Different Kinds of Mushroom 4가지 버섯,24,[Grape] Uni pasta 성게알 파스타,19,[Apple]Sour Dough Bread & Kelp Butter 사워도우 브레드 & 스모크 다시마 버터,13,[Hay] Fish & Burnt Leek 반건조 생선 & 구운대파크림,8
catchtable_oTHOgQmQtLLPMUdjei6WHA,페코리노,True,weighted_match,1416,1. Prosciutto - 프로슈또 산다니엘레 <이탈리아> 주문즉시 슬라이스,78,Tiramisu 티라미수 with 쿠키크럼,52,Baci Di Dama (2pcs) 바치디다마 with 누텔라 이탈리아 오리지널 쿠키,40,6. Tartare - 한우 타르타르,27,5. Trippa - 트리빠,21
catchtable_kiILacBZH5ML3w50Za2dEg,소류,True,weighted_match,242,런치정식,4,,,,,,,,
catchtable_14eFjV-E4qZqXQXtUqmayw,uptempo,True,weighted_match,211,페퍼 치즈 파스타,25,새우 로제 파스타,20,업템포 스테이크,18,쉬림프 레몬 파스타,14,업템포 바스크 치즈케이크 - 미니 홀 케이크,8
catchtable_NIHYnBOmANBnR4KHhvnWSQ,로바타 탄요,True,weighted_match,423,우설,38,오돌갈비,16,우설스테이크,11,소꼬리,7,토종닭구이,2
catchtable_SPK5O9uTWVjmY27iYCOHMQ,한남동 마구로센 참치,True,weighted_match,189,B 코스,14,A 코스,13,C 코스,13,스페셜코스,13,오토로초밥,2
catchtable_rabjb3CglshUzGIxy9VFMg,솔솥 청담점,True,weighted_match,138,도미관자솥밥,4,유린기,2,삼계솥밥,2,스테이크솥밥,1,갈치솥밥,1
catchtable_pY7xy8ZNVmtBi0k-zzZQFg,마노디셰프 명동점,True,weighted_match,397,스테이크 피자,34,봉골레 알리올리오 파스타,23,참송이 크림 뇨끼,23,프리미엄 토마토 씨푸드 파스타,22,감태 페스토 & 문어 뇨끼,22
catchtable__YQ3ApdZPUpnxprlCC4rkw,오드하우스,True,weighted_match,1500,고사리 파스타,50,뽈뽀,37,라구 파스타,16,오늘의 스프,12,감태 파스타,12
catchtable_47jHT01fp_nCI0cT-mo03Q,온6.5,True,weighted_match,1283,김치튀김,129,배추쌈,38,성게 김 국수,4,김치떡볶이,3,오리구이,2
catchtable_UBhNkTv3x8dinXvCVf4ECw,성수 신데렐라,True,weighted_match,206,6가지의 시그니쳐 구두 칵테일,70,흰살 생선 스테이크,6,화이트 머쉬룸 크림 뇨끼,5,뽈뽀 with 오렌지 당근 퓨레,5,쉬림프 바질 크림 파스타,5
catchtable_xTOdHDDwsh767F-1YYnNsg,본 인 브라질,True,weighted_match,105,슈하스코 무한리필+양갈비스테이크,34,슈하스코 무한리필(주중 런치),23,슈하스코 무한리필,23,슈하스코 한바퀴,16,슈하스코 한바퀴(주중 런치),13
catchtable_zttmpLw8vBkuWYIJnBH60A,시스트로,True,weighted_match,106,한우 큐브 스테이크(300g),7,바칼라(이태리식대구감자),6,풍기리가토니,5,앉은뱅이밀 리조또(샤프란),5,앉은뱅이밀 리조또(토마토),5
catchtable_zp_khze4V3KR-hlykqPUvg,야키토리 타쿠야,True,weighted_match,257,야키토리,61,*메인코스,33,*하프코스 (디너 2부 부터 가능),33,야채,10,특수부위,2
catchtable_t2i7D-r-3lkCM94oxpjCcA,두어마리 삼성점,True,weighted_match,109,바다장어구이 (1인분),42,장어회,40,장어탕,39,우니 장어회,28,장어덮밥,27
catchtable_NmPKZ5RUOmO2SNRA4cfyjQ,그라치에,True,weighted_match,299,감자뇨끼,41,통오징어먹물리조또,6,채끝스테이크,3,리코타치즈샐러드,2,토마토 뽈로 파스타,1
catchtable_1eqDr0AAmPHztAnpxyzy0A,쿄우미,True,weighted_match,900,디너오마카세,263,런치,51,,,,,,
catchtable_PSxf9uYEduQagJ_0AgAsJg,모도우 삼성점,True,weighted_match,993,한우 샤브샤브 스페셜 코스,237,한우 샤브샤브 코스,235,한우 구이 코스,213,디너 시그니처 수라 코스,179,런치 시그니처 미식 코스,174
catchtable_ocNKi_XIEeYV6aDTdFnIvQ,진작카키,True,weighted_match,981,후토마끼,71,단호박,49,굴튀김,46,장어,24,항정살,23
catchtable_0g1lhmCikhWgEd0BkGIRlQ,녹지 여의도점,True,weighted_match,228,명란파밥,7,2인 세트,2,김부각육회,1,생메밀막국수,1,소고기장터국,1
catchtable_Npy0RTdIPne_O07EtAZVfA,라무라 합정점,True,weighted_match,502,녹,50,계피교자,21,적 병아리,3,한입맥주,3,콜라,3
catchtable_gK-Git1G7DSWkDrn3j8xZA,야키니쿠 진야,True,weighted_match,978,육회,41,노미호다이,40,안심,35,우설갈비,6,특상우설,2
catchtable_KfBxlNDQtr6NiwAu_1xafQ,꽁티드툴레아,True,weighted_match,841,김치볶음밥,150,떡볶이,26,아보카도 토스트,6,부라타 샐러드,2,비프 부르기뇽,1
catchtable_r0X5SB3LCR8yZjHQDEyJ_g,마제 스키야키,True,weighted_match,1174,트러플 크로켓,30,레몬 크림새우,6,사와라야키,5,오크라 냉소면,4,콜키지,3
catchtable_CLWk2x7vCBxWCnuvWSYaXw,ARP,True,weighted_match,904,고사리 파스타,103,참나물 파스타,39,아르프 비건 버거,3,알배추 구이와 머쉬룸 크럼블,3,레모멍,3
catchtable_bTerRneXsQ5zrOnEYcfKuQ,더바른식당 온천직영점,True,weighted_match,100,숙성 生 삼겹살,7,계란찜,6,선별 숙성 生 목살,5,숙성 生 항정살,3,차돌된장찌개(2~3인분),3
catchtable_FrI6fY9n-5Tg_AULA1WygQ,빌라더다이닝,True,weighted_match,163,시그니쳐 A 코스요리,20,시그니쳐 B 코스요리,20,시그니쳐 C 코스요리,20,빌라 더 다이닝 플래터,13,식전빵 + 파스타 1개 + 채끝 스테이크(300G),12
catchtable_-ccsiQmkFBGpzrv6y5DHlw,누오토(NUOTO),True,weighted_match,126,저녁 특별 코스요리,21,,,,,,,,
catchtable_ozbBoob33apPVp-8mgBZgQ,카페 타라이,True,weighted_match,116,생면파스타와 다른 모든 메뉴들은 매월 제철재료를 사용한 메뉴로 변경됩니다. 현재 메뉴는 QR코드로 확인 가능합니다.,42,구운 토마토 페스토 비골리,8,,,,,,
catchtable_ojifOieoYnqwRlyud_mrSQ,족발야시장&무청감자탕 광화문본점,True,weighted_match,101,시래기,8,묵은지,3,보쌈정식,2,반반족발,2,묵은지뼈해장국,1
catchtable_szkeNzGsMfklAhXog8ghKA,송추가마골 인어반 영등포점,True,weighted_match,334,송추갈비,50,송추갈비 정식,45,가마골갈비,36,가마골 곰탕,21,소왕갈비,9
catchtable_9R8TP_4HL3WozJAAkv0rMA,"식당,안",True,weighted_match,721,라구파스타,15,먹물라면,3,단새우고노와다,3,동죽탕,2,문어숙회,1
catchtable_td6tNc73rJ-AToLXUI3zLw,키라쿠,True,weighted_match,383,디너,30,런치,27,,,,,,
catchtable_sNJRIzcqay9yJh9JU-H_UA,콘피에르,True,weighted_match,3449,,,,,,,,,,
catchtable_aCxem_MFwYAbqCL4sWhVVA,쌈도둑,True,weighted_match,103,고등어구이,15,고등어구이 쌈정식,10,제육볶음,5,우엉 불고기 쌈정식,5,우엉 불고기,3
catchtable_AgcVI7mOxPcTSUaetZSJdA,거북이동네 부산화명점,True,weighted_match,240,숙성삼겹살(100g),20,숙성목살(100g),7,숙성항정살(100g),7,숙성오겹살(100g),4,,
catchtable_yKapnFJ1UHgx-L0oUw2buw,웅장,True,weighted_match,109,유린기,13,양장피,4,마라마파두부,2,오이 샐러드,2,고추잡채,2
catchtable_R-JgfyjgYjra2DNBQtNaYQ,그랜드머큐어 임피리얼팰리스호텔 뷔페 패밀리아,True,weighted_match,1193,평일 성인,31,평일 어린이,31,주말 및 공휴일 성인,22,주말 및 공휴일 어린이,22,어린이,3
catchtable_6hR3ZLS-txhCGm6fAOZ6gg,몬자상 스타필드 고양점,True,weighted_match,699,호르몬 야끼소바,6,시오 야끼소바,4,명란 키리모찌 몬자야끼,3,후쿠오카 교자,1,삼겹 해물 야끼소바,1
catchtable_JcKty2vk7_dWnFxHuI3mbQ,갓포 카린 (KARIN),True,weighted_match,286,생일 이벤트 안내🎁,18,우니 단새우 관자 5색 사시미,13,우니 단새우 들기름 소바,12,사시미 모리아와세 (1인),10,한우 육사시미,10
catchtable_zaEQhMtj44p8WRFp8rmxZA,오스테리아윤,True,weighted_match,309,[BEST]트러플 하몽 크림 뇨끼,46,메이플우드 훈연 한우 1+ 채끝스테이크,38,무알콜 화이트 와인,32,무알콜 샹그리아 레드와인 에이드,31,윤 추천 하우스 글라스와인,30
catchtable_jtpJmVQBKv7PFvcg1MkZhA,PKM가든 레스토랑&카페,True,weighted_match,1462,Flatfish Ceviche,1,,,,,,,,
catchtable_MPXUH5afhlloLoxfkzeXGg,부센동 광안리본점,True,weighted_match,115,산더미 시그니처 부센동,6,매콤참치육회,6,밥추가+매콤참치육회,6,연어生한우육회동,3,코카콜라/제로콜라/스프라이트,2
catchtable_i6aZM_Nulb5g9UFQDIxL3A,우연지,True,weighted_match,111,꽃등심 (100g),12,통갈비살 (100g),3,특안심 (100g),3,새우살 (100g),3,,
catchtable_57hA42vkc3UiBmPJFbIy2g,해방촌닭,True,weighted_match,216,한방통닭,19,대파김치,10,마늘한방통닭,9,들기름막국수,8,치킨보울,2
catchtable_yMEcMEZ4QICj50zPTN1VYg,샤브야키 분당점,True,weighted_match,281,"1인 샤브샤브 무제한 (디너)광어,연어초밥 제공",118,"1인 샤브샤브 무제한 (주말, 공휴일) 광어,연어초밥 제공",118,"반반냄비 선택시 테이블당 1,000원",24,1인 샤브샤브 무제한 (런치),15,1인 샤브샤브 무제한 (만 48개월 ~ 7세),15
catchtable_LXYnvC9Nj2MoDJ7e0ouX5g,포레스트 호수공원점,True,weighted_match,201,왕갈비 쌀국수,9,쉬림프 스프링롤,3,소고기 쌀국수,3,연어 스프링롤,2,닭봉,1
catchtable_xnWMI28ANNEkItQddW2Vlg,한점에 한잔 by 우정초밥,True,weighted_match,407,런치초밥코스,57,모둠초밥(6pcs),34,지리탕,21,모둠사시미,20,가지튀김(연어&새우),19
catchtable_ZJVTPeomQj9mA4L4rbPYAg,청도미나리식당,True,weighted_match,133,미나리 오리전골,44,미나리 샤브샤브,31,오리 불고기,8,,,,
catchtable_on0UOgc3MScRinWA92VyfQ,스시하쿠샤,True,weighted_match,700,주말 및 공휴일 런치 오마카세 (오후 12시),165,주말 및 공휴일 디너 오마카세 (오후 6시),165,평일 디너 오마카세 (오후 7시),164,"콜키지(팀당 1병, 레드와인 불가)",3,,
catchtable_TV3UOagDtPEnPbQoUmYPUQ,삼미락 수원본점,True,weighted_match,117,한우곱창전골,6,눈꽃 치즈 감자전,4,대창덮밥,4,낙지만두,3,육회비빔면,2
catchtable_6qaVtotHqjBuwEvRH0w3sA,풍경돌판구이,True,weighted_match,268,오리양념구이 대 (3~4인분),61,오리양념구이 중 (2인분),61,훈제오리바베큐 대 (3~4인분),43,훈제오리바베큐 중 (2인분),43,오리로스구이 대 (3~4인분),1
catchtable_s7TJ2XL545UW4qViHaDufw,류센소 광안직영점,True,weighted_match,261,류센소 에비 미소 라멘(새우된장라멘),102,냉라멘(히야시추카)여름 계절메뉴,100,류센소,34,제주 흑돼지 교자,13,류센소 카라(매운 하카타 돈코츠 라멘),12
catchtable_I3WHcw0Gi3D114Ve4GkQtg,히든배럴,True,weighted_match,227,"단새우 타틀렛(3pc), 비스큐크림",47,"우대갈비, 짜파구리",13,"화이트 라구 파스타, 시금치",8,"히든배럴 토마토 파스타, 부라타치즈",5,"고사리 파스타,참송이 버섯",4
catchtable_n2YLAqjbKsYALAfvsZU0aQ,하우스 오브 브라운,True,weighted_match,331,Garden In Jazz 가든인 재즈,117,ORANGE COCKTAIL 오렌지 칵테일,15,GINGER COCKTAIL 진저 칵테일,15,SHANGRIA 샹그리아,9,브라운 플래터 (Brown Platter),5
catchtable__lSQItnrsrEPvIAXRg3HPQ,썬더버드 청담점,True,weighted_match,154,클린 콥 샐러드,14,연어 소바마끼,9,치폴레 샐러드,8,다시마 숙성 연어 라이스볼,4,터키햄 애플 브리 랩,3
catchtable_fViIFUO-WIWmUYYWnsNcyw,리북방,True,weighted_match,1195,평일 점심 맡김차림,24,평일 저녁 맡김차림,24,주말/공휴일 점심 맡김차림,23,주말/공휴일 저녁 맡김차림,23,,
catchtable_QAWLI7GNlxynWGmZ9zgZ2g,몽촌닭갈비,True,weighted_match,1388,몽촌 한방닭갈비,497,몽촌 매콤닭갈비,197,들기름 볶음밥,146,들기름 비빔 칼국수,97,옛날 냉 칼국수,28
catchtable_l1UJnPE9lNONuOYzHgW2cA,경주이씨,True,weighted_match,139,애호박고기전,4,미나리새우전,4,옛날토스트,4,새우만두,3,삼치회_계절메뉴,1
catchtable_5rpgGWFSg14W6zeOI8fRBA,타마린드 디타워점,True,weighted_match,223,베트남스타일 볶음 쌀국수,20,소고기 쌀국수,12,베트남 생바질페스토 조개 오일 파스타,12,해산물 쌀국수,11,블랙타이거 쉬림프 볶음 쌀국수,10
catchtable_lh687mZXTYOjD_miu7JbEg,소굴,True,weighted_match,381,디너 오마카세1부 (18:00~19:30),55,디너 오마카세 2부 (20:00~21:30),55,런치 오마카세 1부(12:00~13:30),55,런치 오마카세 2부(14:00~15:30),55,트러플추가,26
catchtable_XgaZaJFw3Hp1RPzwUXHCZg,샤브야키 동탄호수공원점,True,weighted_match,132,디너/주말/공휴일,3,초등학생,2,평일런치,2,,,,
catchtable_4fJPzUuQNzlJv3Hv3-vyTQ,오마카세 오사이초밥 강남역점,True,weighted_match,421,우니,44,런치 스시 오마카세,30,디너 스시 오마카세,30,,,,
catchtable_1RyXMIP5-mAts6j0JdGCyA,몽중헌 판교점,True,weighted_match,1361,유린기,17,하교,16,구채교,13,양장피,10,어향새우가지,9
catchtable_jRLzOWdqQNJjfTbc5vqZNg,스시아오타,True,weighted_match,403,런치 오마카세,29,디너 오마카세,28,,,,,,
catchtable_iPmf2DUBkx-qWDCbUuIfQQ,DOTZ ,True,weighted_match,883,런치-다츠 마라 피클,53,다츠 시그니쳐 홍콩 토스트,43,런치-다츠 시그니처 카츠산도,39,런치-다츠김치볶음밥,35,런치-사천식 마파라구 소스 에그누들,27
catchtable_K1mc7ZMgaeCFv53Oq_bZmA,물고기집,True,weighted_match,110,후또마끼,2,마제우동,2,고등어 봉초밥,1,가자미 탕수육,1,네기마,1
catchtable_7jKr21zyZs3ouWqSV4FDcw,꾸아 성수점,True,weighted_match,695,반세오,74,분짜,68,왕갈비 쌀국수,21,고기듬뿍 쌀국수,11,꿔이,4
catchtable_xTMAdlORRlsUm2ZTUu298Q,성수AGU,True,weighted_match,319,[마장동 당일도축]한우곱창튀김 아구찜,172,[여주 1급수 녹차콩나물] 180도 아구찜,57,[쫄깃하고 고소한]우삼겹 한우염통 아구찜,52,[바삭한 감자전 속 명란과 치즈] 명란치즈감자전,33,치즈볶음밥,19
catchtable_O4HnPDCoRbRqhlIKo-WXOg,빕스 현대백화점 미아점,True,weighted_match,137,샐러드바 (런치),15,샐러드바 (성인 디너/주말),15,샐러드바 (청소년 디너/주말),15,샐러드바 (취학),15,샐러드바 (미취학),15
catchtable_8cQ80788Tv6UnHhDIxk8JA,스시도원,True,weighted_match,740,저녁,34,점심,19,주말/공휴일 점심,8,,,,
catchtable_p3YnHWFuongEKApw_2NQxg,헤이로쿠스시,True,weighted_match,668,무키무키장어덮밥,13,덴푸라우동,11,마쯔리회덮밥,5,,,,
catchtable_CoeuI0xdSdJFI_RUx2-U0Q,덕후선생 판교점,True,weighted_match,638,북경오리,78,쯔란갈비,28,우육면,15,유발면,14,동파육,9
catchtable_1d-7Uf9iYlIUIM0m-X7Wbg,광안리 태산장어,True,weighted_match,632,강화도 갯벌장어 양념구이,66,강화도 갯벌장어 (1인분 350g),41,전복얼큰라면,24,전복육회(한우),17,닷사이 23 하야타,17
catchtable_6pXHwBHnzmBtKZE9dzpLvA,미스테리쉐프린,True,weighted_match,142,부라타 샐러드,2,로제 파스타,2,감자튀김,2,토시살 스테이크,1,토마토 파스타,1
catchtable_xtcIGq-aJ64kPgZx8Fwrkw,가든 포에트 poete,True,weighted_match,299,관자 바질페스토 파스타,55,그릴 살치살 스테이크,27,살치살 트러플 크림리조또,18,시저샐러드,8,베이컨 토마토 스파게티니,4
catchtable_7n-FS25olNjai4tRlHuo9Q,호랑도,True,weighted_match,262,하이볼,13,감태주먹밥,9,소주,2,뚝배기된장밥,1,일품진로,1
catchtable_eYi9QT31zak2t0PY2YHD7w,성북동면옥집 현대프리미엄아울렛SPACE1점,True,weighted_match,303,회냉면,19,수육,14,물냉면,12,비빔냉면,11,오색만두,7
catchtable_kERpUGUZCo8ppQlLP2iJrQ,리파인 남영점,True,weighted_match,176,우대갈비,16,해물파전,8,양송이구이,5,감자전,4,육회,2
catchtable_0_yLeho0nnUfMxM1MOWLHw,벨라비타 청담,True,weighted_match,1653,,,,,,,,,,
catchtable_xQfATCgalFYFNR5PAqVeYg,어슬 서울,True,weighted_match,403,A)돌문어 피스타치오 파스타,45,A)항정살 오일 파스타,26,A)육회 밀전병 타코,26,A)명태회 들기름 파스타,19,D)어슬 소갈비찜,17
catchtable_9A5UZxnEdK99VSS6zJ7DfA,샤브올데이 서울 가산점,True,weighted_match,525,다양한 샐러드바 무제한 제공!,75,주말 및 공휴일(고기무제한),27,신선한 월남쌈 무제한 제공!,20,품질좋은 소고기 무제한 제공!,16,리버스탭 무제한 제공!,8
catchtable_D2O-kjnlyQF9Gk3ruNmRRg,샤브올데이 부산명지점,True,weighted_match,100,다양한 샐러드바 무제한 제공!,21,주말 및 공휴일(고기무제한),9,품질 좋은 소고기 무제한 제공!,2,평일점심(고기무제한),1,평일저녁(고기무제한),1
catchtable_7YCWZqQKMC-WwBNE2JzSUQ,마라도 일식당,True,weighted_match,251,마라도 라이트 오마카세 코스(리필 제외),23,1인 사시미 - 전화예약만 가능,21,마라도 오마카세 코스,21,,,,
catchtable_SEVVQHok4kviJF6S5tKhRA,고로고로 용산,True,weighted_match,282,고로고로,36,김부각,5,고로고로 우니,3,최고급 고로고로,2,고로고로 스페셜,2
catchtable_YtzRBg0y3toslMMb2VV3Iw,델스포 역삼본점,True,weighted_match,173,티라미수,3,까르보나라,3,봉골레 파스타,2,루꼴라 샐러드,2,게내장 아란치니,2
catchtable_ZSEEu8MLkkJkjirx40CslQ,정대 JUNGDAE,True,weighted_match,374,디너 오마카세,13,,,,,,,,
catchtable_cxTJ4LB0yr2wCAGRoz4Nxw,온점 을지로점,True,weighted_match,295,갈비탕,13,된장술밥,11,미역국,10,물냉면,8,장터국밥,5
catchtable_4Jx5rdaiFjqk3-N79bF4Dg,쁘띠키친,True,weighted_match,1540,치킨스테이크,98,레드감바스,29,동죽 파스타,20,코스 B,16,단호박 브륄레,8
catchtable_rFnxDK9GLh4IpePK2GIdNw,시쿠다이닝,True,weighted_match,549,사케 안주 코스,91,고등어봉초밥,73,사케 페어링코스(1인),73,무늬오징어 사시미,31,제철숙성 모듬회,31
catchtable_GiU_wnQ3Eat-RFNYL9PfcQ,오묘 서여의도점,True,weighted_match,653,오묘동,25,사바보우즈시,8,가라아게동,7,연어동,6,매콤차돌탄탄나베,1
catchtable_FmQ51ZKdoKqMiVl7nNSw8w,구구구,True,weighted_match,325,깻잎 항정 파스타,5,갓김치 필라프,5,보따르가 쉬림프 파스타,3,화이트 양송이,1,알리오 쫑 올리오,1
catchtable_Owru-MORegL-o9oUBi0CxA,신비숲가든 가야직영점,True,weighted_match,168,오리불고기,59,한방오리백숙,30,오리훈제구이,15,엄나무토종닭백숙,7,오리탕(3~4인),3
catchtable_zFETVuxspUXZ68FcB-H5uw,하남미사 긴자,True,weighted_match,283,주말가족코스,61,주말가족정식,51,주말가족스페셜,46,사시미코스,14,봄 도다리 스페셜 코스,10
catchtable_xVg6wlRE4TYMpJ9RkPxrcw,반피차이,True,weighted_match,408,팟타이,56,쏨땀,20,소고기 쌀국수,5,똠얌 쌀국수,2,돼지갈비 쌀국수,2
catchtable_aFZLdPvUa5Oxjph3i9gBxQ,을지다락 여의도,True,weighted_match,409,가츠산도,12,납작 까르보나라,2,옥수수뇨끼,2,진저하이볼,1,찹목살스테이크,1
catchtable_Lvi2fHRLk46HXNeupl_big,아카사니,True,weighted_match,282,전복내장파스타,3,이소베마끼와 우니,2,바지락 술국,2,사시미 치즈아에,1,된장메로구이,1
catchtable_4wjsRE9f93PmaPCVHnHZrQ,L'enfance 렁팡스,True,weighted_match,1564,Bone-in Pork Loin,3,Endive,2,Clam pasta,1,,,,
catchtable__fz9ht_E7Y12Y7uK9O6A-Q,와빈,True,weighted_match,114,오리 스테이크,46,트러플 스테이크 리조또,10,라구 로제 파스타,6,바질 해산물 오일 파스타,6,비스크 새우 리조또,5
catchtable_6yLqFInuFnUHMSj_s6JzQg,장금이,True,weighted_match,117,수련코스 1인,14,백련코스 1인,5,,,,,,
catchtable_VWk32axsA4b3ENrIoExQLw,죠야 서울,True,weighted_match,303,오리가슴살,8,봉골레,8,토마토가지,6,문어 샐러드,5,알리오 올리오,4
catchtable_krh40T2dIKj8i3rVLJlpRw,헬로키티 애플카페,True,weighted_match,252,헬로키티 애플망고 케이크,25,헬로키티 애플 케이크,23,헬로키티 무스 케이크,23,헬로키티 복숭아 케이크,20,헬로키티 애플파이,11
catchtable_Xc2qJ8xIJpgjqjn9Ay53qA,이그니 [igni-],True,weighted_match,305,파스타(변동) [Pasta],33,스페셜메뉴 [Special menu],16,마늘과 고추를 사용해 만든 매콤한 지중해식 소세지 [Calabria],15,오리.소.닭으로 72시간끓여낸 콘소메 슾과 이탈리아만두 생면 또르뗄리니 [Tortellini],13,토마토소스 렌틸콩과 이탈리아소시지 코테끼노 [Cotechino],10
catchtable_4uz-sgIXV_-ux4RUqm1oTg,정담명가 남원추어탕 송도,True,weighted_match,384,추어탕,123,수제돈가스,14,추어정식(1인분),8,추어튀김,6,오리훈제야채샐러드,6
catchtable_79KQyfm79IPLeVuIby9ZtA,도부(dobu),True,weighted_match,1724,유린기,151,고등어솥밥,102,우대갈비,59,감자전,57,갈비솥밥,26
catchtable_nN50QbzjyM50qVVCYZbCvQ,스시리,True,weighted_match,832,런치 오마카세,149,디너 오마카세,149,,,,,,
catchtable_wscF-vzTfsz1OR5W_7Ra1Q,무야호랜드,True,weighted_match,108,생맥주&하이볼 무한리필 1인,37,무한리필 1인,26,김치전골,5,불냉면,2,,
catchtable_Tr5M1QIhj5YgRQ7Pt5B1og,성수 스시준,True,weighted_match,204,사케,20,와인,6,,,,,,
catchtable_bmX1w6Q4PefWphcrAkd7zA,와인바 금나리,True,weighted_match,154,비프타르타르,3,문어 스테이크,2,꿀대구 스테이크,2,크리스피 포테이토,2,루꼴라 라구 피자,1
catchtable_yntGNipE06khzo_GX9MgqQ,모노폴1982 & wine,True,weighted_match,148,와인 (65000이상),97,모노폴 스타일 문어샐러드,8,부드러운 감자 트러플 뇨끼,4,화이트 트러플 소스 감자 뇨끼,4,양갈비 스테이크,4
catchtable_Tm7xtf6La-Y-rKkzGfflQA,노천골 부평본점,True,weighted_match,225,눈꽃생갈비,4,전통주,3,한돈양념갈비,2,한우육회,2,공기밥,1
catchtable_1ZhA_mB2JjarVZNByUcAaA,야키토리리,True,weighted_match,306,야끼소바,8,명란구이,6,계절 과일 셔벗,1,테바사키,1,야끼오니기리,1
catchtable_ovxi5oSgm-jx9PyTWY-VuA,어항로,True,weighted_match,210,오늘의 숙성회<또간집 풍자 추천>,25,화덕구이! 해산물 모둠,14,생! 해산물 모둠,13,해물꽃게라면,8,밥새우 미나리전,8
catchtable_gwUbnwEGhady-WMZDhAMjw,마가렛 Marguerite,True,weighted_match,250,아란치니,23,어란파스타,7,티라미수,5,문어샐러드,2,트러플크림 뇨끼,2
catchtable_Edm1YR-QQGH2xIuoczlz4w,센츠(scents),True,weighted_match,149,콜키지,23,똠양 비스크 파스타,7,아시안 트로피칼 소르베,5,주류 반입 비용,2,흑돼지,1
catchtable_wXyrBFZPyVO53wwh_u3d6w,성미옥,True,weighted_match,448,얼큰돼지국밥,118,수육,102,순대국밥,71,돼지국밥,61,국밥세트(국밥2+수육 중),47
catchtable_ygZj58R_JTgvix_icuLwlw,앤딩,True,weighted_match,181,미나리육전,4,바다 한 상,3,어복쟁반,3,양곰탕사발면,2,감자새우전,2
catchtable_udcJjulnn9RIiw-0yXczkg,이자카야 이시야,True,weighted_match,124,사케,14,사와,7,메로구이,2,하겐다즈 티라미슈,1,나가하마 라멘,1
catchtable_qLE-T_XyVem_vh2aPZFZLw,ADDIODOSI 아디오도시,True,weighted_match,398,와인 페어링,183,도시 치즈 플레이트,22,서양식 트러플 크림 뇨끼,17,와규 트러플 함바그 크림 리조토,6,클래식 라구 리가토니,5
catchtable_C4LzDocis-FLUTe2_zN4SQ,감동식당,True,weighted_match,264,2인) 등갈비찜2+황제꼬소밥1+메밀전,32,3인) 등갈비찜3+황제꼬소밥2+메밀전,32,4인) 등갈비찜4+황제꼬소밥2+메밀전2,32,5인) 등갈비찜5+황제꼬소밥3+메밀전2,32,1인) 등갈비찜1+황제꼬소밥(소)+메밀전,12
catchtable_C4JKwrDqZZCmy2hQsEcwSg,샤브올데이 동탄신도시점,True,weighted_match,313,다양한 샐러드바 무제한 제공!,50,주말 및 공휴일(고기무제한),30,신선한 월남쌈 무제한 제공!,10,품질좋은 소고기 무제한 제공!,8,평일점심(고기무제한),4
catchtable_xx4CeQjVTHGVaAyI0kw8GA,이층양옥,True,weighted_match,1025,뇨끼,88,항정살 스테이크,42,감바스,16,뽈뽀 리조또,4,바게트,4
catchtable_SKLTpidVH0ZNyPXJLMLdnQ,우드그린4717,True,weighted_match,121,페페로니 피자,23,크림 바질 페스토 파스타,14,해산물 토마토 파스타,14,정통 그리치아 파스타,12,로제 라구 파스타,11
catchtable_MyhPsFgR5tfsBGgdh1rqqQ,소복회 명지본점,True,weighted_match,135,숙성모둠회,18,서더리 매운탕,9,통우럭 매운탕,9,고급 모둠회,4,라면사리,2
catchtable_04teCazAA-m5GxNxOojQtQ,고기형,True,weighted_match,287,고기형 파밥,40,한우 안심 100g,31,한우된장찌개,20,"한우 안창살, 안거미살 100g",16,한우 부채살 100g,13
catchtable_DsbfRdYGiqpn8FKkFXid7A,리베르떼 브띠끄,True,weighted_match,643,런치 코스,89,디너 코스,83,와인 페어링,51,,,,
catchtable_I_r2nC8m6EXmr5sS2VHR7Q,카페나하 본점,True,weighted_match,130,오키나와 타코라이스,14,나폴리탄 스파게티,12,데미그라스 오무라이스,5,등심돈카츠,4,카츠나하(등심돈카츠+오무),1
catchtable_-bRNTAmyz_UN3p59QMsy9Q,스시상남,True,weighted_match,474,런치오마카세,72,디너오마카세,71,,,,,,
catchtable_F7doQkA8dPLTzcbcKalNug,우물집 명동점,True,weighted_match,644,한우 매콤토마토 전골과 솥밥 한상차림 (영양고사리 표고버섯솥밥/ 곤드레 바질 토마토 솥밥/ 최고급 쌀(고시히카리)로 지은 솥밥중 필수선택 1),36,곤드레 토마토 바질 솥밥,35,(우삼겹)매콤 토마토 전골과 솥밥 한상차림 (영양고사리 표고버섯솥밥/ 곤드레 바질 토마토 솥밥/ 최고급 쌀(고시히카리)로 지은 솥밥중 필수선택 1),35,한우 맛간장 전골과 솥밥 한상차림 (영양고사리 표고버섯솥밥/ 곤드레 바질 토마토 솥밥/ 최고급 쌀(고시히카리)로 지은 솥밥중 필수선택 1),29,(우삼겹)맛간장 전골과 솥밥 한상차림 ( 영양고사리 표고버섯솥밥/ 곤드레 바질 토마토 솥밥/ 최고급 쌀(고시히카리)로 지은 솥밥중 필수선택 1),28
catchtable_ethOuoFpios-I8orgudKng,선채 용산,True,weighted_match,568,"전복, 들깨 칼비빔",3,"갈치, 곤드레 솥밥",3,"수육, 청어알 무김치, 시금장",2,"돌문어, 제철 샐러드",2,"육회 묵은지말이, 고추장 마요",1
catchtable_7YEouSoZiVjESoUyKym-1A,고로고로 성수,True,weighted_match,318,고로고로,47,우니,36,고로고로 스페셜,5,연어 알,2,장어덮밥(특),2
catchtable_ywvZnP1PxrpZiVVQ9FtgDQ,PER 피이알,True,weighted_match,423,와인,566,단새우 타르타르,39,컬리플라워 & 아기감자,18,X.O 아란치니,9,프렌치 버섯 브레드 & 우엉 소스,8
catchtable_Q4gIlYZw9ZQo401GTR1DOQ,산청숯불가든 을지로 2호점,True,weighted_match,1344,재래식 소금구이 500g,112,고초장 양념구이 160g,81,흑돼지 김치찌개,77,재첩된장술밥,56,산청 볶음밥 (2~3인분),54
catchtable_pLa8u6l1fbPeWlXonLJbrg,스시히로,True,weighted_match,350,런치 오마카세,28,디너 오마카세,27,콜키지,10,,,,
catchtable_bOM8Irv4tklidMFGx9A2qA,미가훠궈 신세계백화점 강남점,True,weighted_match,547,훠궈,160,양꼬치,25,북경오리,16,동파육,5,마늘쫑볶음밥,4
catchtable_YrVB1OyzFH40UNcROtZHMA,연해장,True,weighted_match,690,묵은지말이,155,감자전(한정수량),131,돼지곱창전골 소 (2~3인분),113,돼지곱창전골 중 (3~4인분),113,돼지곱창전골 대 (4~5인분),113
catchtable_1gunTr8JhbtqmmBtkzNCWg,손내향미(손內香味),True,weighted_match,1492,솥밥,181,여포 하이볼,89,간장게장 구이,84,유설매 에이드,64,,
catchtable_2ZwwQmMRjYVM7awKEDDFXA,런던베이글뮤지엄 잠실,True,weighted_match,8989,꿀,44,당근라페,38,플레인 베이글,35,블루베리 베이글,33,무화과 베이글,22
catchtable_hRwyoZJvUyx595zAdHqi8w,민목,True,weighted_match,169,해물짬뽕탕,2,홍콩식 활가리비 누들찜,1,사천식 매운 닭튀김,1,공심채볶음,1,마라생선구이,1
catchtable_mZRhKp-pIc1bODWFgOEGqw,노체부어,True,weighted_match,165,,,,,,,,,,
catchtable_uVFwE8hYK_0MuhiaKzeYUA,헷츠,True,weighted_match,479,고기 카레,103,히레 한 덩어리 추가 (70g),100,로스산도 (도제식빵),68,YBD 히레카츠,62,제주 흑돈 로스카츠,15
catchtable_XESCZN9nrU--1c-i5LgydA,고청담 용산점,True,weighted_match,2410,트러플 한우 육회,4,스테이크 솥밥,4,A코스 한우 불고기,2,한우 새우살,2,한우 살치살,2
catchtable_Jbg0GhHMIpJNKxKE_pKTTg,바오서울 성수,True,weighted_match,162,동파육 덮밥,9,램 바오,2,클래식 바오,1,타이완 우육면,1,양고기 덮밥,1
catchtable_kVr60se_RCiUBUBZzrMs5A,남도반주,True,weighted_match,270,선예약필수: 바다한상(4人~),36,함박가지튀김,19,톳명란 고사리 파스타,12,직화쭈꾸미제육 두부김치,5,물레방아계절회(3~4人),4
catchtable_i5Sat7uspZWYgtjuXKi5tw,홍대 아트스페이스 우월牛鉞 ,True,weighted_match,1158,,,,,,,,,,
catchtable_S05wtA8Qulf-wkWC9Wdo5g,루비스 한남점,True,weighted_match,492,브론테 버거,10,레몬 쉬림프 파스타,5,하몽 루꼴라 뇨끼,2,라구 파스타,2,무화과 부르스게타,1
catchtable_hwik5GGxhbTtD7GDENbl4g,모티에,True,weighted_match,136,뭉티기,18,해물 방아전,15,바지락 진석화 파스타,15,명란 배추전,13,양배추 스테이크,10
catchtable_qAiZKCAjupGBNQj91cmfOA,고메램 여의도,True,weighted_match,134,양고기 3종 세트,27,양고기 5종 세트,27,고메 램스프,15,프리미엄 와인 페어링 세트,6,관자 플래터 (한판),5
catchtable_6NPed7gXgXqkSddko3b2_g,오라스키,True,weighted_match,198,저녁-짭짤이 토마토 스키야키 코스( 봄한정),29,,,,,,,,
catchtable_ogZyO9X7MgLscpEoaKgjog,페이딤 판교점,True,weighted_match,550,트러플 스테이크 짜장면,14,흑마늘 탕수육,6,트러플 소고기 안심 탕수육,5,어니언 버터 꿔바로우,5,소흥주 칠리새우,2
catchtable_NfljH-4S2z2XOBjpZ8oqxw,옥탑방,True,weighted_match,608,청도 미나리 삼겹살,112,청도 미나리 셀프 볶음밥,54,청도 미나리빠삭전,39,이베리코 끝판왕 플루마,35,코다리 비빔밀면,26
catchtable_2-P5WBe0HhJmD29T8vKhPg,스시하루 신사,True,weighted_match,580,런치 오마카세,79,디너 오마카세,79,,,,,,
catchtable_ywhensdXtyE4bTievvHM4Q,매치스 성수,True,weighted_match,484,양고기 그린커리,7,밀키 크런치 크로켓,3,캠프파이어 어니언 수프,2,사워도우와 올리브유,1,꽈리고추와 알리오 조개,1
catchtable_cQGoOJLoaPxst3tfOOTwBA,에이스크랩 강남점,True,weighted_match,128,칠리크랩 세트,29,칠리크랩 덮밥,28,칠리크랩(+갈릭라이스),28,갈릭버터크랩 세트,15,갈릭버터 크랩 (+해물볶음밥),15
catchtable_0u6Hka4YXj4VKUxf0mD4MA,시골향기 고촌점,True,weighted_match,125,보리밥,17,청국장,9,녹두전,5,코다리구이,5,떡갈비,5
catchtable_4I9Z_u2V0wDIrJkvznCuTA,신라스테이 서부산 Café,True,weighted_match,667,조식 뷔페 성인,75,조식 뷔페 어린이,73,주말 및 공휴일 런치 성인,8,주말 및 공휴일 런치 어린이,8,주말 및 공휴일 디너 성인,8
catchtable_HX-WY33eSib2wfjTASQiDw,유주키친,True,weighted_match,506,살몬 미소크림 파스타,7,큐브 스테이크,6,우니 버터 파스타,6,명란 레몬 버터 파스타,4,프렌치 토스트 플레이트,2
catchtable_c7nftTrpQAKXXW5TVAATzg,호운,True,weighted_match,1043,쌈 싸먹는 고등어 정식+찰솥밥,186,쌈 싸먹는 볼락 정식+찰솥밥,55,쌈 싸먹는 삼치 정식+찰솥밥,50,쌈 싸먹는 임연수 정식+찰솥밥,25,,
catchtable_Pkpq1K_lo17hGd9mM45KJw,일식미요이,True,weighted_match,123,우동,2,특초밥,1,활어초밥,1,어린이 초밥,1,모밀,1
catchtable_U4MyK7FtguJpeszOr088Og,프리미엄 중식 레스토랑 목향,True,weighted_match,100,유니짜장,3,멘보샤,2,해물누룽지탕,2,팔보채,1,기스면,1
catchtable_nnYjxPbjCeUFt3KE0aM6ww,꼬시나에스파냐,True,weighted_match,284,갈리시아 문어,23,다새우 타파,17,먹물 해산물빠에야,12,토마토 해산물 빠에야,11,세비체,10
catchtable_A7HczdAdOX0bX2ion115Kw,이나경송탄부대찌개,True,weighted_match,1221,스페셜부대찌개,287,,,,,,,,
catchtable_zM3NGqX_v0tgMcaGq-uESw,도르리,True,weighted_match,274,전통주,40,우니롤,6,조개술찜,5,무알콜,3,명란구이,2
catchtable_hJmKiWjCgbEQkvM0pbylLA,원다정 왕소금구이,True,weighted_match,422,철판볶음밥 (2인),51,시골 냉이 된장찌개,37,청도 한재 미나리,32,재래식 소금구이 500g (2~2.5인),19,야채구이,15
catchtable_ot0V1vQGHTki-tOBbw8wBw,스시노칸도 왕십리비트플렉스점,True,weighted_match,218,한 접시 균일가,29,,,,,,,,
catchtable_WK-uJ5AcylHoo77fb0KXGg,빕스 대방점,True,weighted_match,149,샐러드바(런치),11,샐러드바(디너/주말),11,평일디너/주말 청소년가격,11,,,,
catchtable_XQnUuG8HZyRWKXSiZ7EN3w,현해복집,True,weighted_match,175,야끼코스,2,오마카세코스,1,우니,1,복불고기,1,복 가라아게,1
catchtable_g4VVZRRyhtUQoPItNo2mvw,근본양만용산,True,weighted_match,631,네기도로 스페셜 솥밥,3,산토리 하이볼,1,민물장어 덮밥,1,장어 스테이크 덮밥,1,에비수 생맥주,1
catchtable_MenNFrNZIudVOW450E46Hg,야키토리로만 ろまん,True,weighted_match,540,츠쿠네,72,고등어솥밥,27,내장탕,16,우동,6,바지락술찜,5
catchtable_D3T8zyugJeImWWa_3MggGQ,모도우 The ROOM 대치점,True,weighted_match,845,한우 샤브샤브 스페셜 코스,261,한우 샤브샤브 코스,256,한우 구이 코스,235,디너 시그니처 수라 코스,176,런치 시그니처 미식코스,173
catchtable_nv28cy7QTtkPN55SgvGeJg,고메스퀘어 부산양정점,True,weighted_match,122,주말 및 공휴일,6,주말 및 공휴일 초등학생,6,평일 런치,5,평일 디너,5,평일 초등학생,5
catchtable_r7NTiiszXMKc3eY-SpyMdg,vivo pizza 공덕점,True,weighted_match,109,로마노 피자,67,글라스 와인 (레드/화이트),7,루꼴라,5,라구파스타,4,루꼴라 풍기,4
catchtable_kPP5c485GiHWnbTsJNzmuw,칠암만장 본점,True,weighted_match,420,가리비 솥밥,20,가지 소보루 솥밥,15,부채살 솥밥,14,민물장어 숯불구이 정식 세트,14,전복 해초 솥밥,10
catchtable_lpxlxZHh-QrxE1Hc2MGvKg,루나소사이어티,True,weighted_match,256,광어세비체,8,가지튀김,5,전복리조또,4,문어요리,3,항정살 요리,1
catchtable_SwRQlromiSo5f7EJiHPE9Q,석종,True,weighted_match,1048,런치 스시 오마카세,324,디너 스시 오마카세,324,,,,,,
catchtable_BYEAOwOFYHGlyLuk7yTC5A,오스테리아소띠,True,weighted_match,500,저온조리한 문어 (Polpo),24,보타르가,23,피클링한 컬리플라워(Pickled Cauliflower),22,한우 1++ 채끝등심 스테이크,13,샤프란 뵈르블랑,12
catchtable_V7kdSf1C6tsnqpHuuyfEvg,덕후선생 강남점,True,weighted_match,1007,우육면,45,유발면,28,동파육,21,마라새우,12,쯔란 갈비,9
catchtable_pl1bS9GAL66_uOdS-JN3TA,마타렐로,True,weighted_match,1195,어란파스타,32,트러플 뇨끼,22,아란치니,21,뇨앤치즈,14,새우샌드위치,10
catchtable_r-dyQkFL0bXup7Xmcsf78A,샤브남바완 서면점,True,weighted_match,263,쿠지사케 육수,5,돼지고기 추가,1,새우 완자,1,돈코츠 육수,1,마라죽,1
catchtable_6mnqOhAKUjoT0aCvW_r8IA,일편등심 마곡나루점,True,weighted_match,188,안심,9,업진살,4,새우살,4,채끝등심,1,눈꽃부채,1
catchtable_NXGlLj3UQej16NI5lrRBkA,20 어클락 모먼트,True,weighted_match,181,고사리 크림 뇨끼,2,까르보나라,1,면추가,1,전복 크림 리조또,1,토마토라구파스타,1
catchtable_SbvDf5n7ieGnBk3PbfblcA,"도마, 유즈라멘",True,weighted_match,224,솥밥,22,시오라멘,9,마약된장찌개,6,꽃살,4,이베리코,3
catchtable_bAk5tdbLApPODFYdquqXNg,청담나인 라운지&바 (레스토랑),True,weighted_match,475,굴라쉬,4,오늘의 스프,2,푸타네스카,1,화이트라구,1,티라미수,1
catchtable_ghfBPUDiCq_R4ivzEnl6iw,웨스틴조선서울 홍연,True,weighted_match,1244,주말 특선 (점심),108,주말 특선 (저녁),108,[스페셜] 딤섬 특선 (주중 점심),98,주방장 점심 특선 '화만강산(花滿江山)',15,주방장 저녁 특선 '화만강산(花滿江山)',15
catchtable_4PIBBFoAuFgDWJohJzBxgQ,준 이자카야 신사본점,True,weighted_match,147,옥수수튀김,3,회덮밥,2,타코와사비,1,메로구이,1,스지오뎅나베,1
catchtable_gOnGuI7lHLe4pPAghXHGsA,야키토리 키유,True,weighted_match,898,스탠다드 코스,90,,,,,,,,
catchtable_EnPMYVl3V1Ymp2eZQJ4rpA,조양관한정식,True,weighted_match,178,상견례 특선,29,복분자 장어구이 정식 (점심상),26,「포장/배달」명품보리굴비 도시락,19,고품격 보리굴비 세트 (5미),13,고품격 보리굴비세트(10마리),13
catchtable_M5b9Z1i8QDtP5PXH3Iul5Q,우미남 센텀점,True,weighted_match,188,한우 1++ 특안심,31,한우 1++ 상위 1% 웻에이징 티본,29,한우 1++ 알등심,24,한우 1+ 드라이에이징 티본,20,한우 1++ 상위 1% 드라이에이징 티본,19
catchtable_03JqPdplN6AwuVv-cDX4Gw,첨벙 전포점,True,weighted_match,242,광어,4,모듬회,4,연어김밥,3,가자미 구이,2,참돔,1
catchtable_krP9M9gZdtoz5tY8WvmKyQ,메종 드 플레터 스타시티서울점,True,weighted_match,146,포테이토 피자,4,고르곤졸라,2,까르보나라,1,스페셜 크랩 크림 파스타,1,리코타 치즈 샐러드,1
catchtable_S2pUB9lD-QURkjPylJ0DPw,라프레플루트 서촌,True,weighted_match,141,딸기 벌집꿀 빙수,56,딸기 초코크레이프밭 케이크,34,딸기밭케이크,30,딸기소프트 아이스크림,15,딸기파르페,2
catchtable_VhC7RmFes9nWMpedO39ALg,YOUHAN Thai Bistro(유한),True,weighted_match,551,쏨땀,19,텃만꿍,16,사테,10,랏나,7,플라양똠얌,4
catchtable_EKSF0WOL66eDsPmHHDZDUA,서울신라호텔 콘티넨탈,True,weighted_match,161,Caviar,1,,,,,,,,
catchtable_OjEi6E6D6WWVmEiQLoMaXg,단독,True,weighted_match,305,주류 및 음료,3,,,,,,,,
catchtable_gIxAbTN-eHZOI3gMfB0UqA,트라토리아 모로,True,weighted_match,129,트러플크림과 양송이 소스의 홈메이드 감자 뇨끼,7,"한우채끝(1 +) 스테이크와 감자,아스파라거스 구이",6,토마토소스로 만든 여러가지 해산물 리조또,5,로마상치에 엔쵸비와 파마산 치즈를 곁들인 시저샐러드,5,파마산 치즈를 얹은 통가지 구이와 루꼴라,5
catchtable_s-ABnDLZtQ-pRam42ZOzQw,불의발견,True,weighted_match,135,T본 스테이크로 변경,10,L본 스테이크로 변경 (1인),10,한우 스테이크로 변경 (1인),10,콜키지,4,스톤엑스 풀블러드 와규로 변경 (1인),2
catchtable_5Q3_HVx1mInn-VrBJBICmA,티코(TICO),True,weighted_match,199,트러플 뇨끼,35,제철 과일과 제철 사시미 세비체,35,양만두,29,비정기적으로 제철재료와 함께 최대한 다양한메뉴,15,삼배체 2p,8
catchtable_fWALagoD_l9qP0O9oMdwkA,달리181 을지로점,True,weighted_match,116,빠네 치즈 폭포 크림 파스타,69,달리 크림 파스타,62,매콤 크림 파스타,62,카레 크림 파스타,62,마라 크림 파스타,62
catchtable_uuG2W_vA9wrnP2_9NawHhA,특별한 오복수산 가로수길점,True,weighted_match,213,카이센동,30,특선 카이센동,3,카니미소구이,3,특별한 우니동,1,백합우동,1
catchtable_vAzOgvS-NhVSzvUl6-Msow,스시심,True,weighted_match,1579,오마카세B,319,오마카세A,319,,,,,,
catchtable_MnBiz2rOSG6Kifdce3BZIA,연남동와이탑,True,weighted_match,508,비스큐파스타,3,풍기크림파스타,3,봉골레파스타,2,문어카르파쵸,2,페퍼로니씬피자,1
catchtable_tN3i3uPpZkJBtAU_CioupQ,기러기둥지 익선동 본점 (NEST OF GOOSE IKSEON),True,weighted_match,898,(나혼산 구성환 추천 ) 트러플 크림 뇨끼,227,기러기둥지 훈연 바베큐 플레이트,84,바삭 쫀득 츄러스,10,쉬림프 로제 파스타,9,레드 감바스 알 아히요,8
catchtable_5XaW5q-W4siZPsexppE-Hw,르다 (Le Da),True,weighted_match,688,,,,,,,,,,
catchtable_QJcUOMuOik8HaC67WHemPA,매란방 교대역 교대점,True,weighted_match,179,양장피,4,팔보채,3,어향동고,2,기린 생맥주,2,동파육,2
catchtable_OFO-_X7BuTgSrZYkNLaA_Q,정원다이닝,True,weighted_match,316,모듬숙성사시미,57,전복내장파스타,46,고등어봉초밥,33,카운터A코스(바좌석착석시 주문가능),22,카운터B코스(바좌석 착석시에 주문가능),22
catchtable__1KGzxmcKVD7PdBBnlkIPA,마음집,True,weighted_match,556,바질 닭백숙 (Half),74,미나리 파스타,24,티라미 쑥,14,광어 참외 카르파치오,9,고깔양배추 구이와 가지사과 퓨레,9
catchtable_AFsIL8UaismsXNaJuyDbng,나루스시,True,weighted_match,691,스시 A 코스 ( 1 人 ),154,스시 B 코스 ( 1 人 ),154,모듬 생선 튀김,53,네기도로 (1p),45,온소바,19
catchtable_QWdYBihqhEfjWSEHKWs26g,크리스탈제이드 소공점,True,weighted_match,572,북경오리,137,새우탕 크리스피 라이스 핫팟,29,크리스탈 관자 교자,21,숙성 한우 탕수육,18,X.O 소스 새우교자,10
catchtable_9NNS22Eec-yGQw4OCKdzIA,모던눌랑 잠실점,True,weighted_match,640,라이브코스메뉴,99,주말런치코스메뉴,90,올데이코스메뉴,86,평일런치코스메뉴,78,간장소스 우럭 튀김,32
catchtable_6I2kVaCvcdkEQERmA3wXXw,스시소라 을지로점,True,weighted_match,840,런치 카운터 오마카세,117,디너 카운터 오마카세,117,,,,,,
catchtable_TEX2b4j5EcQrx5VEwN0mNg,로씨니 오로,True,weighted_match,293,,,,,,,,,,
catchtable_mS1gu6r-ZUq5veolkefxXg,진진 ,True,weighted_match,364,마파두부,19,어향가지,18,깐풍기,17,해물짬뽕,10,깐쇼새우,7
catchtable_5zwqmoSO1aEV_40ahvi9vw,힛사츠와자,True,weighted_match,127,츠케멘,94,매운 차슈멘,37,매운 츠케멘,36,차슈멘,6,,
catchtable_UWMP5hSP1Oy4sqrPA0Gs7g,한국의집,True,weighted_match,347,오찬,21,만찬,15,,,,,,
catchtable_URV9GP1oswRKgjXjVXwhbg,고기굴 영등포점,True,weighted_match,1116,한돈 목살(150g),310,한돈 삼겹살(150g),95,초가성비 2인 등심커플세트(450g),48,극가성비 2인 한우커플세트(450g),43,"한우 등심 (1+, 1++)(150g)",11
catchtable_2UUiRDPImiVp_51Kdmo7hw,우루루,True,weighted_match,109,블랙 이베리코 간짜장,19,숙성 소고기 탕수육,7,깻잎 차돌 짬뽕,7,해물 짬뽕,5,모듬 딤섬(8pcs),4
catchtable_F7NTbiki-l5e9wd9FsRueA,오사 청담 OSA Cheongdam,True,weighted_match,262,타이거 쉬림프 비스큐 파스타,33,생일 이벤트 안내🎁,25,완도 전복 내장 파스타,6,우니 단새우 들기름 소바,5,마른안주 3종,5
catchtable_H45b4c-jaZCMs1gD_7iOiA,마크한우,True,weighted_match,431,A 코스,35,B 코스,35,C 코스,35,L 코스,35,,
catchtable_pe0DgIWGqPbS3mjtyyHlhg,몽촌닭갈비 판교 현대백화점,True,weighted_match,288,몽촌 한방 닭갈비(시그니처),119,,,,,,,,
catchtable_KOSvOy0afBzWDanFCh5xwg,석암생소금구이 노원점,True,weighted_match,114,삼겹,6,묵사발,3,천겹,3,돌판짜파게티,2,로스삼겹,1
catchtable_cIOMKsbcn3MDUy4t37xU2g,장원갑칼국수 용인수지점,True,weighted_match,100,100% 들기름 깍두기 볶음밥,24,차돌 미나리 쌈 칼국수,11,가성비 4가지 코스 칼국수,8,빈틈없이 꽉찬 통새우해물파전,8,5가지 코스 칼국수,1
catchtable_pXnRUJjS5tsb6d__V3SMXg,원동미나리삼겹살,True,weighted_match,147,오이소박이국수,34,된장찌개,14,볶음밥 3000,7,시골생삼겹살,2,한우차돌,2
catchtable_Ykb0Kx0Fkknzp6kJmn8ZSA,고깃집열,True,weighted_match,354,육즙목살,48,두툼삼겹살,15,가브리살,12,한우육회 160g,8,한우갈빗살 100g,1
catchtable_cEYpcthOulX41vKsydk4SA,스시도쿠겐 왕십리본점,True,weighted_match,1091,스시와 가이세키 25품 디너,405,사시미와 가이세키 27품 디너,76,22품 런치,2,,,,
catchtable_9QZOJD8FJvYY3HNo7AWOxQ,스시타네,True,weighted_match,604,런치,44,디너,38,,,,,,
catchtable_7tYrmnqk-5862iPJulIQoQ,구선,True,weighted_match,194,안키모,7,구선동,2,스시정식,2,야끼소바,1,안키모마끼,1
catchtable_qjVLjuj9cGh28eUlZ4PnKQ,진가와 광화문점,True,weighted_match,138,셰프스페셜코스,17,"특선코스(디너,주말 최소2인주문)",16,"진가와코스(디너,주말 최소2인주문)",15,특선 사시미 & 스시 정식,13,트러플 카이센 마끼,12
catchtable_99GpSF7wnuhEnpmn7snpUA,아인글라스,True,weighted_match,158,감자그라탕 WITH 화이트라구,6,미트 라자냐,5,뽈뽀 문어스테이크,4,바바리안 슈바인학세,2,부라타 치즈와 샐러드,2
catchtable_qBDNe2hWNrMgYchFvenbuQ,송도키친,True,weighted_match,165,글라스 와인 (하우스 와인),5,레드 와인,5,화이트 와인,5,스파클링 와인,5,하이볼,4
catchtable_soou2u7fv6zmUjh7aesW1Q,샤브남바완,True,weighted_match,801,고기완자,116,돼지고기 샤브샤브 1인,103,남바완 하이볼,66,쿠지사케 육수,59,녹차 팥 아이스크림,57
catchtable_31mFukiuxrxWNVuknBvg3w,송추가마골 인어반 목동점,True,weighted_match,254,송추갈비,5,갈비탕,3,한돈명품구이,2,가마골갈비,1,더덕무침,1
catchtable_-bSlzYNvyVhcnDMDQjUWEg,정희 스타필드빌리지 운정점 ,True,weighted_match,213,육개장 칼국수,5,봉골레 칼국수,5,소고기 지짐밥,4,묵은지,4,고사리 크림 수제비,2
catchtable__x46bU5ZFB0LaUA0Yew21Q,용가회전훠궈 건대점,True,weighted_match,1454,주말 및 공휴일,19,평일 점심 (~15:00),11,평일 저녁 (15:00~),11,,,,
catchtable_Z-n-Q1027lcGiaDZepF5DA,고우가 강남 역삼역점,True,weighted_match,1182,고우가 프리미엄 시그니처 코스(140g),341,고우가 A코스(90g/120g/150g),335,고우가 B코스(90g/120g/150g),335,고우가 C코스(130g/160g),335,런치 스페셜코스(120g/150g),147
catchtable_oKXI3BdYbhJC7X-msUz_FA,우아지경,True,weighted_match,284,파밥,18,가지밥,11,비단채끝,5,갈비살,3,육사시미,3
catchtable_sbd0r56qnTlq7MlhD79CWA,모즈(MOZU),True,weighted_match,171,야키토리 오마카세 코스,75,,,,,,,,
catchtable_szFWZNmgXshptDOrxqeLRg,고기싸롱 망원역점,True,weighted_match,151,무한리필 평일 디너/주말/공휴일대표,24,,,,,,,,
catchtable_Jh6po3-hQZhZT-aaJUq1yA,숙성도 광안리점,True,weighted_match,452,720 숙성 삼겹살,25,960 숙성 뼈등심,17,된장술밥,16,갈치속젓볶음밥,15,720 발효숙성목살,11
catchtable_zvtLMSoLvYB1n6jkpXygvw,홍박사 생고기 강남점,True,weighted_match,185,한우육회비빔밥,15,한우등심불고기(300g) 2인 이상,14,한우등심불고기(450g) 3인 이상,14,한우등심불고기(600g) 4인 이상,14,(점심특선) 한우등심불고기 2인 이상,14
catchtable_uKMPfg110Ou7a06BymnBBA,우물집 홍대점,True,weighted_match,668,차돌박이 매콤 토마토 전골과 솥밥,113,우삼겹 매콤 토마토 전골과 솥밥,97,차돌박이 맛간장 전골과 솥밥,63,차돌박이 맑은 야채 전골과 솥밥,59,우삼겹 맛간장 전골과 솥밥,52
catchtable_ImD77VMxsk6bS_ROyFjiYw,기러기둥지 성수(NEST OF GOOSE SEONGSU),True,weighted_match,1236,브리치즈 파스타,57,스파이시 쉬림프 로제 파스타,54,부라타 봄나물 파스타,44,수제 크림 티라미수,29,트러플 프렌치 프라이,26
catchtable_cVySvvFIyVGCHT_r8nfuSQ,여의도 요정,True,weighted_match,595,요정 한상 (1인),1,요정 주안상,1,,,,,,
catchtable_baQlGWk_TIY9BoI_VWkoTg,송도 긴자,True,weighted_match,222,주말가족코스,45,주말가족정식,31,주말가족스페셜,30,사시미코스,15,점심코스,12
catchtable_7MHuBQPEgpIWCZMevmIPKQ,레스토랑 돛(DOAT),True,weighted_match,241,파스타 코스 (LUNCH ONLY),18,솥밥 코스(LUNCH ONLY),10,참소라와 봉골레 소스,8,양지 까넬로니,5,프렌치 토스트,5
catchtable_h3nkZRXK40cmXC60eQl7Cg,광명긴자,True,weighted_match,351,주말 가족 코스,84,주말 가족 정식,78,주말 가족 스페셜,68,사시미 코스,21,초밥 정식,19
catchtable_SaFYUTRw94mr2wYkXEOtRg,h'Garden 999,True,weighted_match,214,마르게리타,1,까르보나라,1,오늘의 스프,1,청포도,1,자몽,1
catchtable_KEl7iK4aP8_S70dsWfKNwQ,요릿집,True,weighted_match,535,찬품단자,6,찬품단자와 곁들임주 4잔(곁들임주 30%할인),3,,,,,,
catchtable_4H-XcguJVVAVfqX8oTzUYQ,오르노 마포본점,True,weighted_match,841,마르게리타,6,콜키지,4,초리조,3,리가토니 로제 파스타,3,프로슈토 루꼴라,3
catchtable_yQm96zdJjLiedjM5pdQuig,어스름 Eoseureum,True,weighted_match,385,오리,23,어란,21,육회,13,치즈,6,흑돼지,4
catchtable_fHBjdiRU-svmW9moX9bGfA,바오하우스 전포,True,weighted_match,835,가지튀김,267,볶음밥,95,새우바오,87,클래식바오,59,우육미엔,38
catchtable_IzZ3yoYlUX4pCBME3eJY-w,광야,True,weighted_match,184,빠에야,19,샐러드 피자,16,머쉬룸 피자,4,들깨 크림 뇨끼,4,라구 피자,3
catchtable_V5rSteKD7kDyWozzqbHDLg,상국,True,weighted_match,194,슈토파스타,15,안키모마끼,13,사바보우즈시,3,스키야키,1,고마사바,1
catchtable_PGJxJUyg34uhQtKBre2AbA,아로보(ARROBO),True,weighted_match,472,wine,1,,,,,,,,
catchtable_3UMSpflqU3jG01YERcMlPg,창고43 본점,True,weighted_match,115,육회,8,새우살,3,창고스페셜,1,물냉면,1,육사시미,1
catchtable_lp8ai9TTe61SC5dz8XT-Iw,또보겠지떡볶이집 성수말랑쉼표점,True,weighted_match,104,떡,40,치즈,5,라면,3,숙주,2,날치알 볶음밥,2
catchtable_9cmna3g_l63JiPoljssVvw,율링(yulling),True,weighted_match,1741,스페셜 디너 코스,200,스페셜 런치 코스,200,런치 코스,188,디너 코스,185,,
catchtable_4nNTnQ8wr97LoL6mwXlXhQ,서촌김씨 오스테리아,True,weighted_match,347,,,,,,,,,,
catchtable_mROLHx_6mjlRTyatx4bSkA,연남토마 본점,True,weighted_match,1306,차돌중화크림파스타,99,감자고로케,74,알쌈리조또,72,명란바질오일파스타,62,치즈감자고로케,41
catchtable_EVBq9yKNpBPhjFzt0ajKsQ,플랫오,True,weighted_match,173,폴렌타,7,판제로띠,5,프라이드 컬리,4,양배추 스테이크,2,대파 딸리올리니 파스타,2
catchtable_RvN0irDhwlE_z0MGn00hSQ,Poonpoon,True,weighted_match,101,스테이크피자,8,안심스테이크,7,명란오일파스타,6,해산물누룽지토마토,6,고르곤졸라피자,5
catchtable_K-LMrKdcGxvUd57WeLSYFQ,Fleurs sur la route ( 플르서라구뜨 ),True,weighted_match,187,,,,,,,,,,
catchtable_dy3a78rHansF2mgYy52s6A,김진순 남양껍데기,True,weighted_match,197,주먹고기,94,껍데기,37,쫀득살,3,뼈삼겹,3,,
catchtable_i9TLANTVmrYLVkhSUicx1A,화육계,True,weighted_match,392,닭다리살,11,무뼈닭발,9,미니족발,7,수란탕,5,몬스터 계란말이,1
catchtable_3ANaBC-9PQ1AuBSw-kRSnA,먼데이투선데이 청담,True,weighted_match,134,고슬고슬 인생 김치볶음밥,13,꿀자몽,6,MTS 브런치 플래터,5,알배추 스테이크,4,한우 안심 스테이크 버섯 리소토,4
catchtable_NJeR6n1jvi-lkba0TaAczw,인덕원 샴페인,True,weighted_match,242,크림 관자 뇨끼,37,육회,21,투움바 파스타,9,16시간 수비드 통삼겹 스테이크,9,모짜렐라 폭탄 수제 감자전,8
catchtable_Q6OMNo_LTW0nT53hnpp1jA,하이디라오 서초점,True,weighted_match,2693,우유마라훠궈,2,버섯모듬,1,야채모듬,1,청유마라훠궈,1,토마토탕훠궈,1
catchtable_Ut85pr-CAR8o2H4IMrBevg,바다돌섬 신사역 가로수길점,True,weighted_match,124,김밥삼합 한상,14,조개해장국 정식,1,새우회무침,1,,,,
catchtable_Rj_JmRI7lAcD4WvgbJz_sA,스시유우카게,True,weighted_match,198,런치 오마카세,29,디너 오마카세,27,,,,,,
catchtable_znnsXJMtYJXqMgkvAW5hxA,노보텔 앰배서더 서울 강남 안뜨레,True,weighted_match,113,,,,,,,,,,
catchtable_RRDnkXrhbxwRfpPHfL2Bdw,후 [昫 : hu],True,weighted_match,312,후 오마카세,94,후 오마카세 프리미엄,92,위스키 페어링 3잔 (추가 선택 메뉴),4,,,,
catchtable_GXIOWbgjpz0Q3Oef_ifOnQ,풍년곱창,True,weighted_match,378,볶음밥,122,소주,10,곱창구이,3,공기밥,3,맥주,2
catchtable_KzsAnU8WmpuqaQ_gNsunuQ,연남토마 롯데아울렛 기흥점,True,weighted_match,141,명란바질오일파스타,23,쉬림프해물토마토파스타,15,차돌중화크림파스타,14,부채살크림파스타,12,새우튀김덮밥,11
catchtable_Qu85rGxnzdKRRgHcwdvLjw,구우트,True,weighted_match,411,[예약은 전화로] Congrats Set,45,,,,,,,,
catchtable_DtqIvhhHZYfqzp133VmVJg,디라이프스타일키친 광화문점,True,weighted_match,1087,토마토 파스튜,8,해산물 빠에야,6,관자 감자퓨레,4,현미 크리스피와 바닐라 아이스크림,1,통명란 크림 파스타,1
catchtable_9PHW3-eRPxZrhykjX0YyGQ,추엌,True,weighted_match,142,추엌 맡김차림,24,명란감자,21,사시미 모리아와세,17,아보카도 네기마구로,14,카레나베,4
catchtable_GnPvqCwGOQsqJf66Z4UrkA,스시호,True,weighted_match,404,런치 스시오마카세,143,디너 스시오마카세,143,,,,,,
catchtable_B0Dj51dsNphChSDKxmREqQ,T6 Teppan Bistro,True,weighted_match,392,T TWO 코스 - 랍스터 (1인),41,T TWO 코스 - 새우 (1인),33,T ONE 코스 (1인),32,"크림소스 우니, 가리비구이",18,가리비,10
catchtable_Nz99IFfkW4-epnSEK66TZA,서호돈가스 H스퀘어점,True,weighted_match,122,김치찜돈가스,28,돌솥김치우동정식,8,코돈부르,6,로스가스(등심),6,돌솥어묵우동정식,5
catchtable_aJMJhyFDGgCtUtawQgub6A,금금 송리단길,True,weighted_match,231,보리된장 고기국수,4,들기름 통밀국수,3,문어간장 비빔밥,3,소갈비덮밥,2,치즈고기말이,1
catchtable_5MfOla8fp-Z8-1wBHgtBlg,우섬 woosum,True,weighted_match,345,Woo코스,65,Sum코스,65,한우양념채끝 250g,60,한우우설 150g,58,새우살 150g,11
catchtable_HvXPu_dh3WI-HfEXWAiy8g,사모님짬뽕,True,weighted_match,652,백짬뽕,150,홍짬뽕,68,짜장면,38,깐풍탕수육,24,볶음밥,23
catchtable_ezeE09Vxn_wIfCHo6E6n1A,이카,True,weighted_match,264,"활 오징어 사시미(머리,다리튀김포함) (싯가)",82,이카 해물 라면,6,아보카도 명란튀김,6,메로구이,5,새우튀김,4
catchtable_PBoUSHe8aFTaF8R8vimflQ,클리프 서울,True,weighted_match,145,까르보나라 파스타,9,스테이크 크림 리조또,7,부라타 포모도로 파스타,5,통오징어 로제 리조또,4,부라타 토마토 샐러드,3
catchtable_BzawD6k1Tipld5rJk6_tvw,안남,True,weighted_match,212,분짜,13,월남쌈,4,아보카도롤,3,안남 쌀국수,2,매운 쌀국수,2
catchtable_zgbRqr9kvgXLbGPZZU_iDw,유원선 레스토랑,True,weighted_match,362,런치코스,71,디너코스,66,,,,,,
catchtable_bmgwHSA4KzizIuHiwnMaLQ,문래밤아,True,weighted_match,137,도리토스 제육 타코백,11,한우 투뿔 육회롤,6,한우 투뿔 육회,6,문래밤아 술찜,5,한돈애호박찌개,5
catchtable_9rclDK6HBnq6uQs_ewKQSA,INDICA 인디카,True,weighted_match,571,Samosa Chaat,3,Ghee Roast Lamb,1,Kali Mirch Prawn,1,Chicken Biryani,1,Tandoori Chicken,1
catchtable_1j9UXbKVqzIJTYgzmT1bKg,램지,True,weighted_match,909,,,,,,,,,,
catchtable_vMzqrQnjLy9uYWKVgiK5zg,고우가 광화문점,True,weighted_match,2437,런치 스페셜 코스 (120g/150g),363,고우가 시그니처 코스 (140g),340,런치 A코스,326,런치 B코스(80g/110g/140g),324,런치 C코스(80g/110g/140g),324
catchtable_59hH6nUCK3VFW7NkwDC7SA,까브테라스 (Cave Terrace),True,weighted_match,431,봉골레,4,티라미슈,4,씨푸드 아라비아따 파스타,1,화이트 라구,1,오늘의 스프,1
catchtable_h3L47y4brellntsGU4lL5A,엉클조 소시지 삼각지점,True,weighted_match,100,찬 모둠 소세지,25,바베큐 소세지,25,더운 모둠 소세지,24,블랑 생맥주 (360ml),24,하이네켄 생맥주 (355ml),22
catchtable_0hapJSBRIHQQsB184kSAGQ,벙구갈비 응암점,True,weighted_match,224,비빔냉면,64,수제갈비 350g,38,수제생갈비 300g,38,수제숙성소갈비 300g,38,물냉면,2
catchtable_2nACTGxEjVvO-n0Wmvbaog,호텔농심 내당,True,weighted_match,218,한방갈비찜,5,한우안심구이(200g),4,구절판,2,한우 내당 한판,2,활대게찜,1
catchtable_WgfiMQyXFBTeSALCO3C3fA,계업식,True,weighted_match,189,참깨두부,2,치킨하이라이스,1,고구마,1,감자칩,1,버섯크림파스타,1
catchtable_uSSA063tz2ZnXttg0JKvoQ,코트야드메리어트 서울타임스퀘어 모모카페,True,weighted_match,278,주말 및 공휴일 런치 뷔페,38,주중 런치 뷔페 (월-금),29,디너뷔페,28,애프터눈티셋,5,,
catchtable_StlDUKxQKieRe94o1LElcw,상해루,True,weighted_match,276,점심 코스 2,59,점심 코스 1,58,저녁 코스 1,58,저녁 코스 2,58,저녁 코스 3,58
catchtable_Bp666wPhBRrgPKnD7MHCvQ,제이레스토랑 스시,True,weighted_match,964,디너 스시오마카세,268,런치 스페셜,2,,,,,,
catchtable_yd_i8XIlFJAZvFphm7eqYg,보보식당,True,weighted_match,2185,마파두부,223,고기짬뽕,26,깐풍 아귀,24,고추기름 아이스크림,19,오이 샐러드,16
catchtable_B4thWVB6lh_3q0CCFsnzEA,유일한식탁,True,weighted_match,115,돈까스 카레라이스,34,안심 돈카츠,19,뚝배기 돈카츠,9,치즈 돈카츠,5,특등심 돈카츠,5
catchtable_dueKUJUCJe_RjNmHjYPTlQ,포레스트 우드,True,weighted_match,625,,,,,,,,,,
catchtable_8_7LCB4X18DSNCOotFdIXw,남도돼지촌,True,weighted_match,195,남도식 애호박찌개,53,남도돼지 스페셜 (3~4인),21,갈매기살,15,오이물냉면,10,남도볶음밥,7
catchtable_7mOL-gOFWxmUSGldl4Esxg,고방채 동여의도 본점,True,weighted_match,436,모둠숙회,2,장어솥밥,2,모둠전,1,불낙전골,1,방아봄나물전,1
catchtable_M4UyyrmtqTF3PFXWm_mxMg,우일면옥 신관,True,weighted_match,279,비빔냉면,117,물냉면,39,감자만두,15,냉싸고,1,곱빼기 (물냉면/비빔냉면),1
catchtable_8_9w3Of-j5BvufKhb7tBqA,지직 선릉점,True,weighted_match,457,야키토리 오마카세,15,오이무침,5,새우,4,명란구이,2,알리오 올리오,2
catchtable_gov-Y-gQCvPLw9j5IQL-bw,진작다이닝,True,weighted_match,625,후토마끼,46,카이센동,24,호르몬동,17,모듬카츠,16,사케동,15
catchtable_I2TN0hvYlw_FNnZNVlXaLg,김진목삼,True,weighted_match,599,통목살,134,통항정살,71,된장찌개,54,돼지김치찌개,40,비빔냉면,32
catchtable_bjCmRLGqafreXjYz5nE13A,석촌회뜨는중,True,weighted_match,107,필수 마약 소금김밥,21,제철! 돌아온 대방어,14,매운탕,11,몽실녹진 안키모,5,활고등어회,3
catchtable_EHc1ydaFwhFDqUGo6awY4A,한우드림 신사점,True,weighted_match,334,한우드림 실속코스 (홀),33,한우드림 기본코스 (홀),31,한우드림 기본코스 (룸),31,맥주,4,복분자하이볼,4
catchtable_SmhYKzdp5bVnPhWxKCd0eQ,남천면가,True,weighted_match,181,들기름메밀면,32,유부초밥,8,남천소바,7,들깨탕면,7,냉메밀면,3
catchtable_GiualIS-wG1N0YmG5Pt_OA,야키토리 나루토 강남점,True,weighted_match,127,모츠나베,9,얼큰 모츠나베,2,푸딩,2,아이스,1,오뎅나베,1
catchtable_t0XgWo_3xI4jDot_kztmBQ,우다움 용산점,True,weighted_match,155,한우 특 안심 (130g),17,된장국수,16,한우 갈비살 (130g),16,된장죽,12,한우 등심 불고기 (단품),10
catchtable_Q_p3elCc6oTpWTmnyJMAcA,스시호시,True,weighted_match,697,런치오마카세 A,122,런치오마카세 B,122,디너오마카세 A,122,디너오마카세 B,122,,
catchtable_GFbD-VHvoptxnoi4xFilvw,"르 카페 루이 비통, 메종 서울",True,weighted_match,588,,,,,,,,,,
catchtable_2cxKv8tMOyUR7oH81bmuAw,코지하우스 하남직영점,True,weighted_match,504,고르곤졸라 피자,2,더블 스테이크,2,찹스테이크,2,10$ 스테이크,1,우삼겹 필라프,1
catchtable_4Yys3adjvxvauCUiAgoDtA,유라유라,True,weighted_match,181,사시미,45,대게내장파스타,9,고로케,8,후토마키,3,모나카,3
catchtable_N9VqA7zjhg5r8qDCTIzcFA,더코너하우스,True,weighted_match,106,더 코너하우스 샐러드,18,리코타 토마토 샐러드,11,더 코너하우스 버거,11,시저 샐러드,9,그릴드 베지터블,8
catchtable_VzGDQGSS9Hep-76QsMQi8w,오늘도웃자두루치기 본점,True,weighted_match,171,옛날김치찌개,25,오징어 제육두루치기,7,오징어두루치기,4,돼지두루치기,2,,
catchtable_A6fimJ6UZe7QRmfahuYgIg,금랑횟집,True,weighted_match,137,수변한상,19,고노와다,8,물회,3,메로스테이크,2,참돔,1
catchtable_rc4CTbE6JvAe21JTNd4g-A,치히로 홍대점,True,weighted_match,194,텐동,36,호르몬동,17,사케동,11,스테키동,7,오야꼬동,3
catchtable_mjHO4ZkeAM6ArtSGHo0z6w,카츠쇼신 파주운정역스타필드빌리지점,True,weighted_match,136,히레 카츠 정식 (안심),17,히레 카츠 (2pcs),17,쇼신 톤토로 우동 정식,12,씨푸드 카츠 정식,11,한 입 카레,9
catchtable_H974xSCXewNTlQrKt4MSEw,쏘티,True,weighted_match,355,생면 페투치네 파스타,34,부채살 스테이크,20,파리지엔 뇨끼,11,풍기,8,젤라또,6
catchtable_nowm0y0jTdX17izwtT2Csg,갓포현,True,weighted_match,150,갓포현 오마카세요리,31,돌멍게,12,사시미코스,12,무늬오징어사시미,9,성게 사시미,9
catchtable_TqoaYfREmMwcpltPbaoWpA,그랑디르  Grandir,True,weighted_match,363,Lunch Tasting Course,1,,,,,,,,
catchtable_9ySIUlFExWHcwY53sbzk6g,갓잇 송파아이파크점,True,weighted_match,114,파히타&타코 세트 (2인 추천),11,"치킨타코(1pc,2pcs,3pcs)",8,"불닭타코(1pc,2pcs,3pcs)",8,보울&타코 세트 (2인 추천),7,"포크타코(1pc,2pcs,3pcs)",7
catchtable_EyETZxYbUvCD0bvWNKfOGA,그릴도하 한남,True,weighted_match,317,양고기 타진,73,마리네이드 숙성 생 양갈비 그릴(250g),70,마리네이드 숙성 생 양갈비 그릴(500g),70,마리네이드 숙성 생 양갈비 그릴(1kg),70,생 양갈비 그릴 (250g~1kg),54
catchtable_QkbGLd99Lbkma9Lb_ezt6w,회현식당,True,weighted_match,1307,생선정식,165,,,,,,,,
catchtable_A5iEE8UC4z8jM0Vp5lvFCg,에뿔라이 (EPULAE),True,weighted_match,186,전복 파스타,48,한우 안심 스테이크,14,새우 비스큐와 피스타치오,13,문어 카르파치오,10,송화버섯 리조또,9
catchtable_ko5JmIYHN9VnzuXEDKYB6A,얼티튜드,True,weighted_match,149,이베리안 투움바,36,수원왕갈비 파스타,19,고르곤졸라 피자,17,얼티튜드 스테이크,16,발사믹 샐러드 냉 파스타(여름한정),16
catchtable_eWaqf1D94MAXv-bHp59c_g,쿠시일오이,True,weighted_match,249,모찌리도후,26,크림치즈 호두강정,11,단새우 사시미,11,아보카도구이,9,제철 우니 한접시,9
catchtable_mhZXPmdC3oCZpYxgRya6vQ,틈 Wine&Steak,True,weighted_match,704,디너코스,15,와인 페어링,12,스몰 디너,3,글라스 와인,3,버팔로 치즈 카프레제,2
catchtable_teI3WLbqdSVMb0SverGkHQ,우메이징,True,weighted_match,335,와인,32,모듬,8,꽃살,4,안창살,4,마약옥수수,1
catchtable_Dqc1u8daWrSPQyMnvLtPTA,스시다마,True,weighted_match,174,오늘의 스시,16,우니,4,광어,2,오마카세 스시,2,전복,1
catchtable_cC2tANZzIKDC5oL4BuQ_Dw,그윅,True,weighted_match,190,오렌지 치킨,4,고수 냉파스타,4,버섯 타르트,3,큐민 토스트,1,오 쇼콜라,1
catchtable_18kG8eLryMk3nbF8SisptQ,차이나룸 몬드리안 호텔,True,weighted_match,558,산니백육,16,유린기,8,동파육,6,깐풍기,4,한우 어향가지,3
catchtable_aW58xO9xQG3KDML9ZCG1OA,우나기모토,True,weighted_match,150,장어덮밥(1마리),58,장어덮밥(1.5마리),58,장어덮밥(0.5마리),58,특 장어덮밥(2마리),58,장어 계란찜,34
catchtable_9OdmuDj6jxPmwFlyWSYMXQ,커스텀잇 스테이크 하우스,True,weighted_match,1088,맥앤치즈,61,안심,43,티라미수,29,토마호크,19,채심볶음,13
catchtable_hoaEx4SDjeafarhLsOZu4g,콩두 명동,True,weighted_match,775,고산 윤선도 반가 기법의 명인 간장으로 담은 꽃세상 스푼 (10pcs),50,우리 향채의 향긋함과 바다의 발효 풍미가 어우러진 흑미 한우 육회,12,,,,,,
catchtable_ECmfInL2jfXqUh5aONLa2w,에스메로,True,weighted_match,881,감바스,53,이베리코 스테이크,14,츄러스,13,대구 튀김,9,오늘의 생선,5
catchtable_TdMRpRQDsStN2sevtpF-7Q,호생원,True,weighted_match,253,양념갈비,9,생갈비,4,십장생도,2,소갈비찜 정식,1,한우 꽃등심,1
catchtable_St1vyUhI08gkEXnkbcGvsw,하남감일긴자,True,weighted_match,167,주말 가족 코스,40,주말 가족 정식,33,주말 가족 스페셜,30,사시미 코스,11,봄 도다리 스페셜 코스,9
catchtable_2Iftw7vmDtNy8MLk2rrOxg,또시아,True,weighted_match,135,가지튀김,70,마라마파두부와 계란 볶음밥,40,계란볶음밥,16,칠리새우,15,가지덮밥,5
catchtable_dSfHHGoeFUkfVFQws34YsA,하레,True,weighted_match,545,우삼겹 수제 오뎅나베,40,사시미 모리아와세,21,오빠야,4,나메로,3,오이와 크림슈토,2
catchtable_HmypOLE-iCeHWxD6i-0W2w,진스시,True,weighted_match,243,B코스,14,우동,8,A코스,8,C코스,4,모듬초밥,1
catchtable__MaJFRg6_CYV4DNiIDXbwA,안홍마오,True,weighted_match,243,분짜,63,고추양념돼지튀킴 100g/200g/300g,54,닭다리살 쌀국수,51,닭쌀국수,47,매운 닭모듬 쌀국수,44
catchtable_X9oDryrBOPQr61J_SAsONQ,독립밀방 독립문 본점,True,weighted_match,342,파스타 & 스테이크 2인 SET,36,파스타 & 리조또 2인 SET,24,부채살 스테이크,18,앤다이브 비프 스테이크 샐러드,17,파스타 & 피자 2인 SET,16
catchtable_DY-VV2clrIP0-Kd-WSypRA,영통백합칼국수 강남점,True,weighted_match,157,반반파전,72,통오징어 숙회,4,벌교 꼬막찜,2,영통 포 뜬 오징어,2,고기추가,1
catchtable_emJPx_pg0fvETh_EvLaWZg,삼학도 광교점,True,weighted_match,123,보리굴비정식,30,꼬막정식,17,민어코스 (제철),13,A코스,6,회정식,6
catchtable_pybkyXrBVNAq35WybuFaFQ,스시아키,True,weighted_match,130,오마카세,62,,,,,,,,
catchtable_4q9uQa0OUKnGFU2nK9tDvw,젠스시,True,weighted_match,374,스시 오마카세 디너,140,,,,,,,,
catchtable_Za3Qn3CDZJv7Cy29f7e1Qw,에이엔,True,weighted_match,385,DINNER 오마카세 (식사시간 2시간정도 소요됩니다),71,,,,,,,,
catchtable_p9Q7RdgBqrPOMiszFpdAlA,바르미샤브 현대프리미엄아울렛김포점,True,weighted_match,333,주말·공휴일 / 쇠고기 샤브 호주산,59,평일점심 / 쇠고기 샤브 호주산,45,평일저녁 / 쇠고기 샤브 호주산,45,초등학생 / 쇠고기 샤브 호주산,43,미취학아동(36개월이상),1
catchtable_jhI6SPh_MnSRD01UByH1Tw,바즈,True,weighted_match,154,트러플 뇨끼,20,헤비급 참치마끼,9,대구감자,8,생면 파스타,2,바다파스타,2
catchtable_W88hZSIPPMhW_om_xA8i4A,조우 스시오마카세,True,weighted_match,393,성남사랑 상품권 사용가능,15,/ 디너는 1인 1주류 및 음료 필수 입니다,10,"평일 안주카세(pm9:00~)인당 45,000원",5,"/ 콜키지 병당 20,000원",2,,
catchtable_g5SVak5TTPsHj59E81xZaQ,프레고클럽,True,weighted_match,512,오니기리,146,까르보나라,33,봉골레,26,감자 사라다,3,라구 파스타,2
catchtable_0G75RSCwoWfe_MW43HYJpg,글라스앤보틀,True,weighted_match,232,글라스앤보틀 토리(토종닭) 코스,11,,,,,,,,
catchtable_fe6o5jK53XNE9cLlvBs44Q,페레 Pere,True,weighted_match,469,뇨끼,114,관자,42,샐러드,29,까르보나라,21,비스큐,14
catchtable_34jM1kQQirX9KygZlTB2ug,여의도 메리어트호텔 파크카페,True,weighted_match,141,런치 코스,11,디너 코스,9,스테이크 고르곤졸라 리조또,7,아카우시 진갈비 스테이크 200g,6,연어 스테이크,6
catchtable_96XJSWYYMZoNyNYAMpbv4w,스미비클럽,True,weighted_match,307,나폴리탄,11,명란구이,3,마파두부,2,야키토리 오마카세,2,야채구이,2
catchtable_MtNfd4L5FvrEm43EgBD9-A,갓포우오 압구정로데오점,True,weighted_match,289,제철 사시미 모리아와세,10,카니미소 코라야키,7,전복 게우소스 비빔면,4,참치등살 와라야키,2,,
catchtable_MKTyJ9kqxyfbl8UJcmoP9A,장심도 한국본점,True,weighted_match,1330,장심도 투뿔++ 숯불장어,667,강화도 갯벌장어,574,후식 애호박 잔치국수,72,무병장수탕,21,어린이 돈까스,13
catchtable_-LLQJxVrskKqH0P-11xVSg,스시이찌 판교점,True,weighted_match,583,주말 런치스시오마카세,168,런치 스시오마카세,165,디너 스시오마카세,165,,,,
catchtable_djI5EUG1LL1cwLLiIQdrgw,마초 스테이크,True,weighted_match,1211,비나그래찌,6,1파운드 추성훈 스테이크,3,양송이스프,2,철판 비프 비빔밥,1,마초 립아이 스테이크,1
catchtable_Of8Vra4w6c54wc3zh7bwcA,빅라이츠,True,weighted_match,239,,,,,,,,,,
catchtable_S8n6xHbERyKOHsQaXaA-Aw,피즈 용산 (PEEZ),True,weighted_match,234,"생면 따야린, 이치방 다시, 전복 라구",45,"생면 탈리아텔레, 토마토 다시, 부라타",43,"생면 따야린, 이태리식 나폴리탄 (no Ketchup)",35,"생면 탈리아텔레, 램 레드커리 라구",35,"레지아노 치즈 뇨끼 추로스, 트러플 컬리플라워 (no dessert)",17
catchtable_JT-J1t2We3csrFGSUcD7vQ,안목(安木) 잠실점,True,weighted_match,292,돼지국밥,45,순대,13,1인세트,5,2인세트,4,새우전,3
catchtable_aBay9e1z7MqUiBpbZfC3BA,보닐라 츄러스,True,weighted_match,345,,,,,,,,,,
catchtable_wabOVBg1BtVJdRWaGgLP6A,스시윤,True,weighted_match,448,저녁 식사,2,,,,,,,,
catchtable_RILjLYIlnrbt3hGnKFmhTw,한채당,True,weighted_match,834,사대부정식,29,보리굴비,22,떡갈비,8,보김치,8,궁중정식,5
catchtable_88g2WSAmQ_Koyxzi7f46QQ,레에스티우  L’Estiu,True,weighted_match,2231,랍스터 빠에야,364,,,,,,,,
catchtable_TpSGUH3H415xjyMVtJx-ww,대송참숯 여의도점,True,weighted_match,143,생고기 육회비빔밥 정식,60,생고기 육회비빔밥,60,참숯한우불고기 A 정식,21,참숯한우불고기 B 정식,21,시골된장죽,12
catchtable_pJFV_a4QA-cAhb59k7O02w,엠바시,True,weighted_match,141,CHICKEN DOUGHNUT,1,HASH BROWN,1,DAILY PASTA,1,CHICKEN,1,BEEF,1
catchtable_5ryGyWELHkWGjuwNjHnfgw,이태원 터렛,True,weighted_match,170,레몬버터피쉬,11,뽈뽀,7,관자,4,비스크 파스타,3,부라타 치즈,2
catchtable_3H9ES1kMPQywTOgW131xvQ,태화반점,True,weighted_match,113,양장피,5,유린기,4,탄탄면,2,고추잡채,2,광동식 탕수육,1
catchtable_5GvXGX3kxtaBcKD1-9waAg,광화문옥희,True,weighted_match,160,대구탕,13,알탕,9,스키야끼,2,옥희,2,코보레스시동,1
catchtable_FSXhEAbB2KjtX8oZoa2ecw,청담케이하우스,True,weighted_match,171,킹크랩 1인 코스,68,대게 1인 코스,24,,,,,,
catchtable_boE_JjSZpCI9RmAiYKQ97Q,도마 인사동점,True,weighted_match,549,마약된장찌개,197,샤브고기 추가,67,갈비 솥밥 정식,23,이베리코 돼지목살 숯불구이 정식,19,갈비본살 단품 (150g),18
catchtable_6HochRa0eS8vq9BHi6rXLA,미담 휴(休),True,weighted_match,155,우대갈비,26,한우 채끝등심(1++ NO.9),6,한우 투뿔 육회,2,본삼겹,1,눈꽃목살,1
catchtable_4azYS8-zdsSSY9lf33Nu0w,옥토스,True,weighted_match,511,활문어튀김,215,활문어코스 (탕+숙회+튀김),155,먹물해물라면,49,멜론 프로슈트,2,활문어숙회,1
catchtable_q5Hu3dP61Jipf-2nGq-MlA,토리카미,True,weighted_match,172,야끼소바,14,닭 다리살(250g),8,갓마끼,6,명란덮밥,3,차돌된장술밥,3
catchtable_rus7x-mnLXPsSR7TGSiR3w,신죠오사사게요,True,weighted_match,206,혁명의날 오마카세,39,,,,,,,,
catchtable_sGrPE_UldsLGgPYY3jV7tg,갓포아키 여의도점,True,weighted_match,817,후토마키,35,갈치솥밥,10,금태초밥,7,바지락우동,3,마구로슈토아에,3
catchtable_FNoVVizpIJAZ9jItOZ5ppQ,피넛빵앗간,True,weighted_match,224,소금빵,244,앙버터 소금빵,139,,,,,,
catchtable_0JFV3AhvHUwCq8j9wFVtyQ,골든리지 마티에 오시리아,True,weighted_match,263,조식 성인(중학생부터),66,조식 미취학,66,조식 초등생,65,크림 파스타,16,알리오 올리오 파스타,13
catchtable_r1wAEnUQD3EOI1bnBy2SzA,만감,True,weighted_match,935,심야코스 21:30 시작,134,디너 오마카세 평일 19:00 토요일/공휴일 18:30 시작,132,런치 오마카세 12:00시작,128,,,,
catchtable_Gevo9uFtbMq2CMkfiHkcTg,산 restaurant SAN,True,weighted_match,756,,,,,,,,,,
catchtable_azKap3fqINX_5rZeWpOcSg,뮤땅,True,weighted_match,1166,오늘의 생선,100,유럽연합 레스토랑위크 홍감자 밀푀유와 사우르스 치즈,61,"드라이 에이징 오리 가슴살, 블랙 사파이어 포도, 열무, 태운 사우어도우",49,"돼지감자, ++1 한우 삼각살, 훈연한 적양파 피클, 고추 오일",31,"훗카이도 관자, 타피오카, 그린소스",28
catchtable_Eeaf0A7yBRDe2yHC4WVCiA,유잔,True,weighted_match,158,하이볼,23,모츠나베,9,마제소바,6,버터 카나페,3,카다이프 참치 타르타르,2
catchtable_wBwiQ1EnD5VD4-PqPCxGAQ,마라쿠시,True,weighted_match,188,마라탕,6,훠궈,4,우육면,3,차오판,3,동파육,2
catchtable_nNSZDYlEDBhW4FwqRIiKwA,비네토 (vignéto),True,weighted_match,353,와인,294,,,,,,,,
catchtable_2uBbDfk6zbS6vyV3O70d7Q,살롱드 아난티 겐지(KENJI by ANANTI),True,weighted_match,410,월요일 프라이빗 카운터 다이닝 'BY THE CHEF',44,디너코스ディナーコース,24,오반자이 테이쇼쿠 おばんざい定食,6,계절 생선구이,6,어란 고토우동 파스타,5
catchtable_vuoBiPLOprcoMXLV1wcwqw,아치서울(arch__seoul) 용산점,True,weighted_match,2690,프렌치토스트,39,바게트,29,봉골레 파스타,19,스테이크 포르치니 리조또,8,라구 아마트리치아나,8
catchtable_FlkdXJAdBPxP7WqKMy9llw,스시소라 그린(잠실점),True,weighted_match,1346,런치 오마카세,205,디너 오마카세,202,,,,,,
catchtable_N9X3nqfoPrPdDfH9-qAPrw,스시논데 종로 을지로점,True,weighted_match,1856,스시 오마카세 코스 (2인 1병 사케또는 일본쇼츄 주문시 코스가격 할인),383,스시 오마카세 코스.,383,사케 플레터 4종 (360ml),256,,,,
catchtable_fYdpGeK-i7DUmp0itrMRQw,문스타파 한남점,True,weighted_match,217,오징어 먹물 빠에야,2,꿀대구와 마늘 아이올리 소스,1,이베리코 늑간살 스테이크,1,봉골레 파스타,1,감바스 알 아히요,1
catchtable_YBgP0yiNB1FnvyEhiSERfw,키노이에,True,weighted_match,147,오뎅샤브,36,오꼬노미야끼,20,타코후라이,5,,,,
catchtable_n2iUhGY39_J5Dq-Yo3Azyw,하이키(HIKY),True,weighted_match,108,고등어봉초밥,21,버터플라이새우튀김,6,청양수육크림파스타,4,훈연제육라구파스타,4,육회카펠리니,2
catchtable_2ITBk3Dv9LVsluH7e0DjIw,양복점 용산점,True,weighted_match,152,블랙 꿔바로우,11,오이탕탕이,5,마라탕,5,냉옥면,4,마파두부,4
catchtable_ISWCfcBXacGh2j0UTDX3AA,칠리,True,weighted_match,104,샐러드파스타,20,하프 포크립,7,칠리 풀드포크 슬라이더(4pcs),6,풀 폭립 플래터,2,,
catchtable_kSnrOcyEIw2l7CTNK8NkpA,더몰트하우스 강남역점,True,weighted_match,186,포터 하우스 스테이크 (초이스/1kg 내외),20,등심 스테이크 & 라클렛 치즈,20,안심 스테이크 (180g),18,스테이크 플래터,17,T- bone 스테이크 (초이스/1kg 내외),17
catchtable_Nl1HwWhb2eZQwQgu8a89jw,스시유카이 광교카페거리점,True,weighted_match,843,런치 오마카세,125,런치 스시,124,디너 카운터오마카세,124,디너 오마카세,119,,
catchtable_qzOMTn4ZhOxRsQT-IBheTw,퍼프룸,True,weighted_match,1272,타코 새우 리조또,5,청귤 할라피뇨,4,블랙 베이크 리조또,4,레몬 버터 가자미,3,애플 따땅 & 시나몬 아이스크림,2
catchtable_D9gHjzqz4Vilxf-Hi04hgw,부베트 서울 Buvette Seoul,True,weighted_match,3270,Jambon,1,,,,,,,,
catchtable_h871UCAnCNGFm_1rxBMhbg,겪,True,weighted_match,154,레몬 소르베,3,오골계 콩피,2,엔초비 올리브 파스타,1,쑥갓과 수란,1,양고기 라구와 감자 뇨끼,1
catchtable_xkzjOSAUYqgneq4sUx9SiQ,더타코부스,True,weighted_match,182,비리아 타코(2Pcs),59,까르네아사다 타코(2Pcs),46,감바스 타코(2PCS),45,뽀요 타코(2PCS),45,피카딜로 타코(2PCS),45
catchtable_jFGzvKHRqDxo1ZsJXReUIA,뛰뚜아멍,True,weighted_match,212,제4막 1장 아름다움을 찾아서_ 비밀의 정원,2,,,,,,,,
catchtable_b7FyP_zrQ9jC_AeoYcwYWw,리스토란테 살로네,True,weighted_match,136,Dinner Course,1,,,,,,,,
catchtable_XKfpsVdfch30YBDChAsHCQ,벽제갈비 방이점,True,weighted_match,216,평양냉면,15,채끝등심정식,9,한우육회,8,한우양념갈비,8,한우생양념구이,8
catchtable_9BgIijtAlNFAotcLRl3__g,우물집 구의점,True,weighted_match,338,한우)차돌박이 매콤 토마토 전골과 마늘새우덮밥,27,한우)차돌박이 매콤 토마토 전골과 솥밥,26,한우)차돌박이 매콤 토마토 전골과 불고기솥밥,26,한우)차돌박이 맛간장 전골과 마늘새우덮밥,22,우삼겹 매콤 토마토전골과 마늘듬뿍새우솥밥,21
catchtable_4aBozXLpz51qpW4b8fXVLA,비쇼쿠 광안점,True,weighted_match,1056,오이시 세트 (2인~3인),13,타노시 세트 (2인~3인),5,,,,,,
catchtable_-yRzSO5q7FSDyibTABaxXg,코치 성수점,True,weighted_match,607,염통,24,오니기리,17,껍질,15,해장라면,8,목살,7
catchtable_Yr8j5dKnaNxEv9CU3M_V6w,소연 삼성점,True,weighted_match,113,안동국시,10,콩국수,3,소연국수,2,감자전,2,국밥,1
catchtable_koT4tJXnT1BmLrRRZv8AYw,포포인츠 바이 쉐라톤 조선 서울역 더 이터리,True,weighted_match,183,성인,4,,,,,,,,
catchtable_NPQnV8eGi6KfrQelAdtdXw,포코아,True,weighted_match,108,포코아 브런치,13,참나물 관자 파스타 (생면),7,토마토 파스타 (생면),6,오렌지 리코타 샐러드,5,클램차우더 스프,4
catchtable_-rcuIXabIo8uJ7AWJTpmNw,식당3선 금정점,True,weighted_match,112,고기 드신 후 밀면(물/비빔),25,양념소갈비살(360g),11,야채비빔밥+된장찌개,4,해물철판구이(+꼬마주먹밥),2,음료,1
catchtable_bXwDRCmzDp7Z5C69PqN6bQ,하쿠비,True,weighted_match,240,새우튀김(한 마리),30,일본카레(한 컵),25,히레카츠 정식(안심),9,히레카츠(두 조각),5,"모듬카츠 정식(등심,안심,새우튀김)",5
catchtable_-KPLBUOuyY5zaF18UQYAUA,여의도감,True,weighted_match,372,백합탕,63,통새우 미나리 해물파전,6,백합초무침,3,감자전,2,여의정 항정살 보쌈,1
catchtable_UVbJL8lX9OLwd4iknCX7yg,불불불불,True,weighted_match,146,육회,18,전통주,6,하이볼,5,와인,5,위스키,4
catchtable_KEzb9m1BClWme5FHzjvmbw,디도재즈라운지,True,weighted_match,2005,문어 스테이크,49,채끝 청양 크림 파스타,48,방풍나물 제노베제 파스타,44,메론 & 브라운치즈,37,채끝 등심 스테이크,35
catchtable_Qqx5W2GnTtuagB08URR51w,으나수키친 두번째이야기,True,weighted_match,231,모듬숙성회,77,고등어회,24,생연어 후토마키,9,하이볼,8,단새우 + 성게알,8
catchtable_KSjItFn1OUpyNo8oIAH9pA,Onyva,True,weighted_match,632,,,,,,,,,,
catchtable_7ThV1ZjDGBjGHL8dfuvJQQ,디라이프스타일키친 동탄점,True,weighted_match,232,치킨스테이크 로제파스타,17,통명란 크림 파스타,16,스테이크 콥 샐러드,14,저탄고지 해산물 빠에야,11,크림스피나치 안심스테이크,10
catchtable_d6x4t56xjjikd7hl8yFEVw,야키토리 나루토 상수 본점,True,weighted_match,263,모츠나베,4,아이스,3,얼큰 모츠나베,1,푸딩,1,명란구이,1
catchtable_Tx-pY1ESVEVJJqwNoD4xOw,해담채 여의도점,True,weighted_match,274,고등어조림,11,주방장 특선,3,보리굴비 정식,1,주말가족특선,1,해담채 스페셜,1
catchtable_9Fc7Edtu15g3EhzGN37gSA,청담고수 1호점,True,weighted_match,344,계란찜,21,냉면,4,한우 된장라면,3,누룽지,3,명란 계란찜,2
catchtable_ut9lJrDZmiQQ6LncEdeWnQ,딘타이펑 롯데월드몰점,True,weighted_match,131,샤오롱바오,12,우육면,8,탄탄면,5,꿔바로우,4,깐풍기,4
catchtable_1UFv0TsHOQdziPP9MlHxyQ,한남소관 漢南小館,True,weighted_match,130,마파두부,4,유린기,4,마라샹궈,4,모닝글로리,3,건두부 무침,1
catchtable_ksHa0F8IQOP7GnjL8ei2qA,대성식당,True,weighted_match,108,낙곱새,54,,,,,,,,
catchtable_gxO541m0Az-RKvw5Ceb8aw,드윝(dwit),True,weighted_match,140,다시마 올리오 스파게티니,2,프렌치 토스트,2,라구 리가토니,1,로스트 쉬림프,1,쉬림프 로제 리가토니,1
catchtable_Ewh9ntii930J-j4L9qgonw,사카바 게라게라,True,weighted_match,108,쿠시아게 술안주코스(바틀주문필수),25,단품은 워크인만 가능합니다. 캐치테이블 예약불가,7,,,,,,
catchtable_wdFy--IbgiQREJSqDKU8xg,js가든 송도점,True,weighted_match,176,북경오리 (S),30,북경오리 (R),30,목화솜 탕수육 (Small~Regular),16,,,,
catchtable_dcIK14wqpfoEduX-uhj_9A,스시텐메이,True,weighted_match,583,텐메이 런치 오마카세,147,주말 공휴일 런치 오마카세,106,디너 오마카세,99,,,,
catchtable_iJSNguOIvXYZ5w24DlsLSg,돼지나무사랑걸렸네,True,weighted_match,341,고추장삼겹살,36,통갈매기살,8,유부말이김밥,7,명란계란찜,4,미나리들기름막국수,1
catchtable_c_UHdKSjPMRVqBV26G-05w,솔솥 판교점,True,weighted_match,184,유린기,15,스테이크 솥밥,8,도미관자 솥밥,6,직접 만든 새우튀김,1,돼지고사리 솥밥,1
catchtable_Nmb60_HbjW4jpvbTflypRg,갓포도산,True,weighted_match,144,토리파이탄,10,슈토크림 파스타,3,사바보우스시,3,옥돔구이,3,모찌리도후,2
catchtable_32FzvcmrJwENKorIs-2IJg,아타라시 (あたらしい),True,weighted_match,222,고등어봉초밥,13,뇨끼,8,양갈비 스테이크,8,야끼소바,2,시메사바,2
catchtable_mz7GfVACRq_NQJnkco-yBg,비스트로리베르따,True,weighted_match,301,뇨끼,44,라자냐,11,봉골레,10,까르보나라,9,문어구이,6
catchtable_D9XQgDL9XucytqNBo3rJuw,모연,True,weighted_match,472,안창살,8,평양냉면,7,생갈비,6,모연솥밥,1,한우된장찌개,1
catchtable_39n0MrZZvt_DONzMM7ICmQ,마샬앤릴리,True,weighted_match,684,,,,,,,,,,
catchtable_XofEOAKkq48lllbj5ncVqg,스시 키와메,True,weighted_match,195,"평일런치(화,수,목) 오마카세",42,디너 오마카세,40,"주말(토,일) 런치 오마카세",40,사시미 코스,12,,
catchtable_0bMcTbrMcay6JIYSotv4vg,ALKI 알키,True,weighted_match,359,홍콩탕,18,전복 내장 파스타,2,바지락술찜,2,우니파스타,2,치크,2
catchtable_AcduHIFl6W5v2DJ6sUvANQ,스시고쿠,True,weighted_match,695,런치 오마카세 8만원/디너 오마카세 15만원,50,,,,,,,,
catchtable_0ZtVafV6kuhGHMwxxU46_w,커먼맨션,True,weighted_match,1361,곡물 샐러드,20,프라이드 피시 샌드위치,7,알감자 시저 샐러드,6,치킨 타이 샌드위치,4,구운 컬리플라워,4
catchtable_Rwx79d_MPTWzjhPb0BS2tA,인계긴자,True,weighted_match,462,주말가족코스,90,주말가족정식,58,주말가족스페셜,52,사시미 코스,35,봄 도다리 스페셜 코스,29
catchtable_zsubtlUeGmKnteZ8so5geg,미도한우함박,True,weighted_match,2139,한우함박,126,치킨난반,35,한우치즈후라이,24,명란한우함박,15,망고크림 파인애플,4
catchtable_wOJJzsi8l2rJ1ixaMryQIQ,쵸리상경,True,weighted_match,321,스테이크 솥밥,29,연어 솥밥,13,표고 멘보샤,12,전복장 솥밥,9,장어솥밥,4
catchtable_95K-_wJ-6j2SDhUSE1zUpw,알라프리마,True,weighted_match,2009,,,,,,,,,,
catchtable_WX2qaJGU81461DBoKk5iOQ,스시미사키,True,weighted_match,866,런치 오마카세,182,디너 오마카세,182,,,,,,
catchtable_TC2dRUUf6Mkp4eeRAZ3Fqg,현대모터스튜디오 마이클어반팜테이블,True,weighted_match,282,문어&감자 octopus & potato,36,트러플 생면 파스타 truffle fresh pasta,13,통베이컨 투움바 파스타 whole bacon toowoomba pasta,9,마이클 시그니처 버거 michael's signature burger,9,부라타 포모도로 파스타 burrata pomodoro pasta,9
catchtable_uLUyIbM7IgHq51YUFZcLuA,씨케이브 SEA CAVE,True,weighted_match,798,SEA CAVE 시그니처 보드(2인),30,,,,,,,,
catchtable_aN95vOi87dloQFw8ltwKWQ,베이스이즈나이스,True,weighted_match,1329,"일곱 번째 봄, 채소 한 상(3/24-4/30)",255,,,,,,,,
catchtable_DnbReUDqaWW6ybd3CoGCHA,그랜드하얏트인천 레스토랑 8,True,weighted_match,118,주중 중식,9,주말 중식,9,조식,6,,,,
catchtable_UguwL0PKyQqkFziY0H3ATA,창화돈 용산본점,True,weighted_match,243,껍데기,39,물쫄면,10,돼지매운탕,5,된장술밥,4,껍데기쫀득이,1
catchtable_ljaeL-1240Qe8n7ukomCbA,바리우마,True,weighted_match,100,생 트러플 밀푀유 규카츠 산도,14,깊은 풍미 우삼겹 토마토 나베,9,돌문어 튀김과 갓절임 타르타르,6,다시마끼,5,시그니쳐 마늘당면 새우,5
catchtable_lrDl7cviCLXqKc5NVEmzzw,다이닝 상석,True,weighted_match,619,런치 오마카세,23,우니파스타,7,에다마메 치즈,3,메밀후토마끼,1,오리가슴살 스테이크,1
catchtable_pANA4A5co-VgE9jO4kUhzA,육즙당,True,weighted_match,233,점심)고기순두부찌개+돌솥밥,167,고기순두부찌개 추가,165,1879와인,13,한돈 숙성 항정살,6,지리산흑돼지 목살,5
catchtable_u9jF4SB8klEBPhvKNop1cQ,두루미 광안직영점,True,weighted_match,677,한라산볶음밥,4,구워먹는김밥,2,황제갈비살,2,꽃게된장찌개,2,비빔열무국수,1
catchtable_pufBDpuw8vyjfwjmDVlLJA,소연옥 부산전포점,True,weighted_match,481,연어덮밥 정식+우동,109,살치살규카츠스테이크정식+우동(갓성비),107,멘치카츠 정식+우동,9,,,,
catchtable_e4eUPFmgJSazg50ZpwLiTw,함반,True,weighted_match,1021,방울양배추치즈구이,9,닭고기 함반,3,레몬콜라,2,포프리 계란,2,소고기 함반,2
catchtable_d0EtPiM91v1rclnSZDh_GQ,이태리국시 성수,True,weighted_match,188,숯불대창파스타,2,삼계마늘돌솥리조또,2,숯불불고기쌈피자,1,바질해산물국물파스타,1,갑오징어빠에야,1
catchtable_qQWJMpZ7_ACsFQAsSBfzAQ,그라치에 전포점,True,weighted_match,126,루꼴라쉬림프오일파스타,15,소고기 만조 크림 파스타,15,비스크 쉬림프 로제 파스타,14,통오징어먹물리조또,9,감자뇨끼,4
catchtable_J2lQx4AdXwWHRZWbAp72pA,고기꾼김춘배 강남점,True,weighted_match,115,물냉면,2,된장찌볶밥,2,비빔냉면,1,폭탄 계란찜,1,김치말이국수,1
catchtable_YeOw_KLcwEC2deZv4u6Qcg,코요,True,weighted_match,205,사케,20,육회,9,교자,7,우니 파스타,6,레인보우 낫또,5
catchtable_Lm_nYhucRNoAfdI9a-cjjw,미카도스시 청라인천점,True,weighted_match,180,간장새우 모둠초밥(10P),39,간장새우초밥,39,연어양파초밥,38,장어초밥,37,연어초밥,37
catchtable_LHAO6gcce1bKklctxlMIPA,무르무르드구스토,True,weighted_match,594,트러플 치마살 리조또,9,리코타 샐러드,7,관자살 로제 리조또,5,단호박크림 뇨끼,2,루꼴라 토마토 피자,2
catchtable_DsRROAlmkflOfGD7GGCbYg,야키토리 혼바,True,weighted_match,701,껍질,14,염통,14,츠쿠네,10,연골,5,날개,3
catchtable_ZFwQ8ngpzWkHDuw30XrLtw,코너룸 성수,True,weighted_match,646,논알콜 와인,149,시그니쳐 와규 스테이크,81,트러플 & 프로볼론 크림 소스와 수제 감자 뇨끼,76,생면 라자냐 롤,55,"2가지 치폴레 소스와 알감자, 부드럽게 조리한 문어",29
catchtable_7AmIN0C3mGyLz6rqTQlw9g,무겐스위치,True,weighted_match,165,풀토핑라멘,52,이에케라멘,36,가라아게,9,계란후라이 2개,1,,
catchtable_ZIztTztLfYEwQddSHYK05w,비텔로소띠,True,weighted_match,265,보타르가,9,까놀리,4,벨라차오,3,꼬또,2,디아볼라,2
catchtable_nXlNb7Fqbwh8Z4TDzsyW4Q,스시 우미,True,weighted_match,244,[주말&공휴일] 런치 오마카세,36,[주중] 런치 오마카세,33,디너 오마카세,33,스시우미 상견례 패키지,8,,
catchtable_wP-k97s8PbfN9zzOmruXvg,야키토리 슈츠,True,weighted_match,239,닭안심,7,다리살,7,츠쿠네,6,가지,5,다리살&대파,1
catchtable_wVI3DkvqNtnXjgQh1wwv3A,레스토랑 덱스터,True,weighted_match,818,,,,,,,,,,
catchtable__wmbkL0w17c8is1qLdtIJg,디히랑,True,weighted_match,195,한식술상,31,간장게장정식,10,비빔밥정식,3,보쌈정식,2,보리굴비정식,2
catchtable_4f6anZlD-SSjYfywa0x1Pg,스시히로이,True,weighted_match,1175,런치 오마카세,204,디너 오마카세,202,,,,,,
catchtable_mubm36xU9tXK5m9VzjrOYQ,포폴로피자,True,weighted_match,4220,비스마르크,144,포폴로 클라시카,111,풍기 아란치니,27,카프레제샐러드,18,마리나라,15
catchtable_R9tJGKT_r2qZwI6CH9DShQ,이춘복참치 공덕점,True,weighted_match,124,혼마구로,5,알탕,2,회덮밥,2,대구탕,1,특정식,1
catchtable_yHOjDC4iSseKDLMYaqqo2g,오츠 (OTSU),True,weighted_match,243,디너 코스,26,사케,3,주류/음료,3,와인 & 샴페인,3,점심특선,2
catchtable_98QmD-ecBBGGadSjYS6ldg,차이룸 강남점,True,weighted_match,181,삼선짬뽕,3,소고기 안심 탕수육,2,군만두,2,송이전복,1,어니언 꿔바로우,1
catchtable_NwI74dEFIX5qjMjeulNqWw,진가와 한국본점,True,weighted_match,161,[런치/디너] 스키야키 우동나베 코스,22,[평일디너/주말] 셰프 스페셜 코스,18,스키야끼 나베 with 우동,13,[런치/디너]진가와 가이세키 코스,12,사시미 & 스시 정식,8
catchtable_liovaM_NEnV8xtC_YvSE9g,와려 蝸廬,True,weighted_match,711,런치 스시 오마카세,166,디너 스시 오마카세,165,,,,,,
catchtable_1oVohsqo4ydHGe1hMxBX4A,난로회담,True,weighted_match,809,뚝배기 된장술밥찌개,98,열무말이국수,71,전골 된장찌개,22,프리미엄 삼겹살(100g),16,프리미엄 목살(100g),14
catchtable_4ozl8OxMwdv86-E7BmNyLQ,갓포아키 서래마을점,True,weighted_match,622,후토마키,11,도미곰탕,6,금태초밥,4,온센타마고,2,바지락우동,2
catchtable_dPMkwXA4H26RmRQvvXkDbw,시즈널리티,True,weighted_match,1122,프렌치토스트,18,브라우니,13,한우타르타르,7,한우스테이크,4,부라타카프레제,3
catchtable_5pRr_BEz-RNF28AXDHcC7w,신라스테이 서대문 Cafe,True,weighted_match,159,주말 중식 뷔페 (성인),10,주말 중식 뷔페 (어린이),10,주중 브런치 뷔페 (성인),8,주중 브런치 뷔페 (어린이),8,"연말연시 특선 메뉴(크리스마스, 신년)",1
catchtable_TRdkvTXOUsdgrsfmcVFqLw,하이홀본,True,weighted_match,179,셰퍼드 파이,5,마살라 치킨,3,후무스,2,스카치 에그,2,기네스 아이스크림,2
catchtable_6yP-GvIoRpR50XhiEcjaVQ,스시 정인,True,weighted_match,1081,디너,134,런치,96,,,,,,
catchtable_zyYQQ4XbA_qWp5u4X7kAgA,노닌,True,weighted_match,150,새우 아스파라거스 오일파스타,17,풋마늘페스토 대저토마토 파스타,13,딸기 프렌치 토스트,6,치아바타 샌드위치,6,칠리콘카르네 라이스,4
catchtable_YYXl50WwZASyxMrj4-yvIw,꼼모아 강남점,True,weighted_match,493,비프웰링턴,82,양갈비 스테이크,3,프로피테롤,2,랍스터 비스크 파스타,2,트러플 파스타,2
catchtable__7u7KJ37LEm7Atz5vDzPSg,다독이네 숯불구이 2호점,True,weighted_match,392,냉면(물/비빔),19,양념돼지갈비(250g),12,뼈삼겹갈비(200g),10,소갈비살(150g),10,껍데기(200g),7
catchtable_PdkiNbEpwlCyzueDHWa53w,포시즌스 호텔 서울 아키라 백,True,weighted_match,185,시그니처 6코스 'The Greatest Hits Set',21,주말 브런치 세트,3,,,,,,
catchtable_kY5vOO3wPIxzZhlWKZsrtg,테이블뷰,True,weighted_match,514,PASTA OF THE DAY | 오늘의 파스타,104,DRY-AGED RACK OF LAMB | 양고기 스테이크,77,SMOKED MASHED POTATO | 훈연 버터로 만든 매쉬 감자,22,DRY-AGED BEEF | 소고기 스테이크,20,HANWOO BEEF WELLINGTON | 비프 웰링턴(**한정 수량 판매),18
catchtable_sT2uvWU_IPsfVjqWE5ft-A,그랑차오,True,weighted_match,106,어향동고,2,팔보채,2,짜장면,2,잡탕밥,1,유산슬,1
catchtable_AnRW1OH5qoOzMO_c3M979g,화다인,True,weighted_match,126,한우 된장술밥,16,한우 고추장찌개,12,특상안심 (130g),12,한우 된장찌개,11,한우 물냉면,10
catchtable_V2sau7VsvHkL3rJ3wX-mHQ,호경전 본점,True,weighted_match,164,탕수육,41,꿔바로우,5,잡탕밥,5,유린기,4,백짬뽕,3
catchtable_oDfh6kyTPfYeLWL3M1G7rg,아지태,True,weighted_match,381,🐟접시 가득 모둠 숙성회,23,🌶️마라 두부가지,20,🐟고등어 봉초밥,15,🐔고추 유린기,5,교토st 청어 우동,5
catchtable_deBcm2uCefvbsjx611ox9w,광교송도갈비,True,weighted_match,135,돼지 숯불양념구이,15,돼지 숯불양념구이 한상,15,왕 숯불양념갈비,7,소 숯불양념구이,7,한돈 숯불양념구이,7
catchtable_JnQa-xuU3BdsrAheMyI-8A,샤브올데이 하남 미사점,True,weighted_match,201,다양한 샐러드바 무제한 제공!,36,주말 및 공휴일(고기무제한),18,신선한 월남쌈 무제한 제공!,10,품질 좋은 소고기 무제한 제공!,6,평일점심(고기무제한),4
catchtable_isc4gbCaTLvd6a9mCfashg,스시미가쿠 ,True,weighted_match,496,디너 오마카세 1부,67,디너 오마카세 2부,67,[따뜻한 사케] 후도 야마하이 쥰마이 이치도히이레,22,미다이 하이볼,12,기린 병맥주,5
catchtable_tGgz1Hzo7ZHtSYmciH05mA,83해치,True,weighted_match,862,된장술밥,85,생목살,42,돼지껍데기,35,갈매기살,26,촌된장찌개,20
catchtable_cwT4QzIVmi57ZicvlmkTWg,서초 삼호복집,True,weighted_match,138,복불고기,5,복샤브샤브,4,복어회,2,복찜,1,활복 샤브샤브,1
catchtable_0j6txkxvTindHCzF42WYrg,숙수도가,True,weighted_match,178,"숙성 등심 정찬 (한우 1++, 150g)",30,소고기 된장조치,25,"숙성 등심 (한우 1++, 150g)",19,"숙성 안심 정찬 (한우 1++, 150g)",16,"숙성 안심 (한우 1++, 150g)",10
catchtable_AcK-rzCoviQlWqQt7MVKQA,개나리아구찜 본점,True,weighted_match,364,아구찜,146,볶음밥,45,대창아구찜,31,알곤이찜,5,묵사발,3
catchtable_lc2ddNGZAS_kInVqONI78w,한남타츠 로바타라이브,True,weighted_match,407,후토마키,7,모츠나베,4,메로구이,2,연어 사시미,1,전복내장파스타,1
catchtable_GK3v2CKG6qx2RUHU4N82ew,우블랑,True,weighted_match,1033,한우안심 트러플 가츠샌드,300,오늘의 한우(150g),202,평일 런치 테이스팅 코스,188,우블랑 비즈니스 코스,147,런치 시그니쳐 코스,135
catchtable_qDb_WKewWzhZpxrTwghygQ,제주옥탑 블랙BBQ 압구정,True,weighted_match,642,계란찜,6,제주식 해물라면,2,갈치속젓 볶음밥,1,야채구이,1,영양솥밥,1
catchtable_gaLlWlNcejZe5XIvAb1dag,샤브야키 인천주안점,True,weighted_match,420,주말/공휴일 (성인),19,평일 런치 (성인),7,평일 디너 (성인),7,,,,
catchtable_G1Un6ewM8dUBXtd2yMk-Zg,지우이자카야,True,weighted_match,811,⭐️지우카세 메뉴구성⭐️,134,生연어사시미,108,기간한정 2人 실속3종코스,70,⭐️지우카세 안내사항⭐️,56,지우카세(1인가격아닙니다. 2~3인분 양의 음식 총 가격입니다.),53
catchtable_ZMP5_hxULQWdntrSnUMCfg,라멘바 시코우,True,weighted_match,365,쇼유라멘,66,시오라멘,48,산초소바,16,,,,
catchtable_-o1c1ipTGt0c25tL7jNrBQ,한국주점 봉금 신사,True,weighted_match,165,새우 샌드위치,3,애호박 찌개,2,새로,2,택이,2,풍정사계 동,1
catchtable_dJL-2d3PbTogq3tBGVHVnw,샤브니지,True,weighted_match,2015,토마토 육수,23,스키야키 육수,12,카베츠 육수,5,돈목심,1,카라이(얼큰) 육수,1
catchtable_ufJva4K4jjgKvBQp5y85gw,광안리 막창집 본점,True,weighted_match,1536,육회,33,소곱창,26,소막창,14,소곱창전골,10,소대창,9
catchtable_M2XRwxigdg9JOBbNaHifbg,바 참 Bar Cham,True,weighted_match,420,진,44,송편,16,원주,5,함양,4,알밤 카포네,2
catchtable_8R8KCX3xRkMc7PfI7LeZbA,로우앤슬로우,True,weighted_match,3594,Peach ice tea 복숭아 아이스티,12,,,,,,,,
catchtable_UNFLXpQaFLqDRubNZu4lbQ,파스타 타타 Pasta ta-ta (구 Nicetime2),True,weighted_match,1862,Seafood Pesto Pasta(Fresh) 해산물 페스토 파스타(생),119,Eggplant & Jalapeno Fries with Chili Dip 칠리 딥 소스를 곁들인 할라피뇨와 가지 튀김,78,Hummus Dips 후무스 딥스,70,Romaine Caesar Salad 로메인 시저 샐러드,65,Crispy Soft-shell Crab with Tomato sauce Risotto 바삭한 소프트셸 크랩 튀김과 토마토 소스 리조또,63
catchtable_168S7r31fng92yvqbBqNOQ,플랫나인,True,weighted_match,4906,화이트 라구 파스타,33,치즈 플래터,4,홍새우 토마토 파스타,2,크림치즈 보드,2,갈릭 감바스 까수엘라,1
catchtable_lCv5COfaaZK16eeto55PMg,로우파이브 신풍,True,weighted_match,138,옥수수피자,78,핫 칠리 포테이토 피자,19,핫 페퍼로니 피자,16,택스-맥스 타코 피자,15,트러플 크림 파스타,11
catchtable_Cp_Or7gMvZldbGX50iNnfg,송화유수,True,weighted_match,101,1++NO9 송화 한우오마카세,11,1++NO9 유수 한우오마카세,11,한우 육사시미(150g),5,한우 양념 갈비(200g)1대,4,한우 육회,4
catchtable_iv_jIHoO4akhjxK7kgR3Zg,고메스퀘어 동탄직영점,True,weighted_match,259,주말 및 공휴일 런치 / 디너,15,주말 및 공휴일 초등학생,15,평일 런치,1,평일 디너,1,평일 초등학생,1
catchtable_lVlv9Df6pOPhT6LMYxj7oA,청기와타운 선릉점,True,weighted_match,269,생갈비,4,들기름 막국수,2,무생채 볶음밥,2,트러플 육회,2,빗살로스,2
catchtable_BbH9jj8lBJN8-gtjnLjWHQ,풍원장집밥 용호점,True,weighted_match,727,집밥뷔페,153,도시락,2,,,,,,
catchtable_TqHplXd-XHOJVyAAAemH-A,우나기 욘다이메 키쿠카와 여의도점,True,weighted_match,275,히츠마부시,62,욘다이메 키쿠카와 일품 히츠마부시,43,명란 일품 히츠마부시,32,욘다이메 키쿠카와 일품 우나쥬,23,명란 히츠마부시,22
catchtable_cz3v26hNk_pJiPdbqtMYIg,포포인츠 바이 쉐라톤 서울 강남 에볼루션,True,weighted_match,458,시즈널 주말 & 공휴일 점심 뷔페,60,시즈널 주말 & 공휴일 저녁 뷔페,60,시즈널 주중 점심 뷔페,52,시즈널 주중 저녁 뷔페,52,조식 뷔페,51
catchtable_9sW1NIB6to0yXt-uU-0zWQ,수산회관,True,weighted_match,117,상차림비,5,해물라면,3,오징어튀김,2,모듬튀김,1,왕새우튀김,1
catchtable_oyAxoCj0vTmVWxVJZPkk9w,동경오리온,True,weighted_match,102,1인 사시미,16,계절모둠사시미 2인,16,계절모둠사시미 3인,16,후토마키,8,시메사바(고등어초절임),4
catchtable_CnMHK09tUJIzbmIZKtgmQg,남동어시장,True,weighted_match,305,모둠숙성회 2인,64,모둠숙성회 2~3인,64,모둠숙성회 3~4인,64,왕새우튀김2ps,4,가리비치즈2ps,4
catchtable_rjGSLCYRl_7G1YIZpJh7Eg,알토(alto),True,weighted_match,127,엔쵸비 파스타,35,스테이크,23,까르보나라,21,가지로 만든 라자냐,16,부라타 치즈 샐러드,15
catchtable__HAQPlTH-v3Jnt06q4JSLg,ZOUMA,True,weighted_match,827,뇨끼,116,라구,69,봉골레,33,티라미수,14,빠네,12
catchtable_FcEh7GSqLbuw85Qhbp7f1w,핫쵸 가로수길 본점,True,weighted_match,542,핫쵸 히로시마 오코노미야끼,3,토오가라시(고추) 야끼소바,2,기린 생맥주,1,소고기 히로시마 오코노미야끼,1,소유 야끼소바,1
catchtable_Rk94SPCnZANex5FN8JLUwg,잔상,True,weighted_match,338,돼지,14,후무스,9,파케리,9,김파스타,7,살치살,4
catchtable_XXuUGqXxY_J53li0btSSKQ,산수 사당본점,True,weighted_match,560,해산물 투움바 파게리,11,우니크림파스타,6,고등어 봉초밥,5,유자하이볼,3,안키모마키,2
catchtable_cUKu-E7_wII0dmtzCTXqEg,갓포아키 도산공원점,True,weighted_match,653,후토마키,13,금태초밥,8,바지락우동,5,마구로슈토아에,4,스파이시 나베,1
catchtable_3WPzuWBepqm3eyF9OOEmeg,크리스탈제이드 롯데서면점,True,weighted_match,109,해산물 짬뽕,8,숙성 한우 탕수육,7,랍스터 새우 크리스피 누룽지탕,3,붉은 대게살 류산슬 덮밥,2,채소 계란 볶음밥과 眞마파두부,2
catchtable_CbuR-FYb-fti6DipK7kRyA,도마 중림동점,True,weighted_match,153,마약된장찌개 된장비빔밥/약고추장비빔밥 정식,22,마약된장찌개 소고기 제주무 솥밥 정식,16,마약된장찌개,10,마약된장찌개 고등어 정식,10,마약된장술밥,9
catchtable_DMY7I2XATqaX0yxtOqfMhw,서관면옥 신세계백화점 명동 본점,True,weighted_match,241,평양냉면,28,골동냉면,6,녹두빈대떡,4,맛박이냉면,4,선비냉면,2
catchtable_lsByA3EIOHYpeMIg2qx4lw,충남서산집,True,weighted_match,136,꽃게탕,107,간장게장 1인분,15,양념게장,11,,,,
catchtable_pa_5znMUU35tY6ydhNVtKg,다이닝에이치,True,weighted_match,111,티라미수,6,전복 리조또,3,꽃게살 링귀네,2,부라타 카프레제,1,관자 샐러드,1
catchtable_H4LJcWwp2zWkeZSBGnWHKg,엘로코 El Loco,True,weighted_match,1382,Honey cod,2,Bottarga pasta,1,,,,,,
catchtable_hdc9dEIhbw8znQUh7AAkqg,한옥 달,True,weighted_match,505,뚝배기 고추장 파스타,13,감베로니,8,페스카토레 비앙코,3,포르치니 버섯 리조또,2,그란치오,1
catchtable_OW0KX2t72YQadIcwKuTPIQ,죠죠 성수점,True,weighted_match,1465,돈페이야끼,34,폭포테이토,16,카라이 야끼소바,11,시오 야끼소바,5,시그니쳐 2인,5
catchtable_yjJZfqT3o3dlw8NiQilppQ,시즈널테이블,True,weighted_match,113,꾸리살,8,홍시소스와 부라타치즈,7,새우를 곁들인 미나리 볶음,3,새우채운 표고조림,2,,
catchtable_jE7PlO2YBVqdm0l7UzTQEw,사이,True,weighted_match,145,사시미 모리아와세,18,우니,5,우니 이꾸라 참치 폭탄마끼,5,눈꽃크림새우,4,게살 새우 크림 고로케,4
catchtable_U2VN_L1TrvwYTt2XVH1Wog,우가,True,weighted_match,248,숙성 꽃등심 (100g),33,소고기 크림볶음밥,21,숙성 차돌박이 (170g),21,숙성 육회비빔밥,19,숙성 양념육회,15
catchtable_IlNIglNtRH29udtzodXbaw,신도마켓&신도랩,True,weighted_match,404,7788 스테이크 테이스팅 코스,126,펀다이닝 코스,51,,,,,,
catchtable_lpvVDXZ4HbJ-oxZwWm5Veg,베비토레(Bevitore),True,weighted_match,172,"바틀와인 (68,000 ~)",117,주류 글라스 리스트,20,"랍스터 라비올리, 자몽, 감자, 비트 (시즌)",9,"홍새우, 백합, 앤초비, 부지아떼",4,"화이트 아스파라거스, 사바용 (시즌)",3
catchtable_cyqLbAynLbqegociBQIYmw,심야식당 하리,True,weighted_match,329,후토마끼,36,바지락술찜,13,스키야끼,4,사시미 모리아와세,3,후토마끼 반줄,2
catchtable_hBVRtKADGINQgTEE07hl5A,미래회관 한남 본점,True,weighted_match,436,드라이에이징 목살 340g,35,석박지 볶음밥,25,드라이에이징 삼겹살 170g,17,소고기된장술밥,17,소고기 시골 된장찌개 (공기밥 포함),11
catchtable_M3a8RrEVWwoMOLe5mJqpFw,GOUM | 고움,True,weighted_match,1356,런치,47,디너,38,,,,,,
catchtable_9Il_qq69Hz04DHcjXnns4w,트라가 여의도점,True,weighted_match,149,뽈뽀,4,샥슈카,3,참피뇨네스,2,하몽샐러드,1,이베리코스테이크,1
catchtable_NN3o8U8EWJWCP9EUxKJgKg,아나고야,True,weighted_match,249,식사,18,제철 해산물,16,안키모,2,수육 및 국물,2,한우 사시미,1
catchtable_MLb36AYE1X2nXAZVnDcvHQ,스시도원,True,weighted_match,248,런치 오마카세,46,디너 오마카세,44,,,,,,
catchtable_Pzz11nG3XKzBVpLmV0AVnw,우미학,True,weighted_match,673,등심,52,안심,28,새우살,19,치즈구이,11,차돌깍두기볶음밥,4
catchtable_40wrJHwnfvp0MtNkAXS6bQ,우오하나 신사점,True,weighted_match,1055,제철 사시미 모리아와세,83,카니미소 코라야키,32,전복 게우소스 비빔면,21,,,,
catchtable_wZvUndvPL0obgl1JVfElzQ,테이스팅룸 IFC몰점,True,weighted_match,541,전복 솥밥 리조또,3,시금치 플랫브레드,3,트러플 파케리 파스타,2,발사믹 관자,1,발사믹 포모도로 파스타,1
catchtable_YmBaz-P3utfOmW6tWulR0w,꽁크 Conques,True,weighted_match,1258,와인,80,봉골레,28,맥주,5,문어와 옥수수 퓨레,2,부라타 치즈,2
catchtable_RKx3PfcrwCwuvE3qPzr9Yg,몽중헌 문정점,True,weighted_match,886,유린기,10,우육탕면,7,팔보채,4,잡탕밥,4,춘권,4
catchtable_S76s2MPhLPL0qEfcFStOsQ,애국돼지 신평점,True,weighted_match,117,1인 무한리필,10,든든한 공기밥(고봉밥),5,꽃게된장찌개,5,살얼음 냉면,4,,
catchtable_Hbkpav02UD9ty-Y7q6CvEg,서울 오마카세 우미마토,True,weighted_match,2099,카이센동,236,소바,48,판나코타,13,우동,12,5종 사시미,5
catchtable_Iu5UY68WO-xBYkZcKk485g,낭만원,True,weighted_match,159,고추유린기,9,오징어 짬뽕,5,짜장면,5,마파두부,3,가지밥,3
catchtable_vgMCX-rOa9fRli_yMZ0mVg,브리비트 성수,True,weighted_match,319,트러플감자튀김,2,베이컨 크림 파스타,2,매콤 봉골레 오일 파스타,1,데킬라 선라이즈,1,멜론볼,1
catchtable_OZ1w64R5cufkereSvElYfQ,우탭 강남점,True,weighted_match,172,한우 국수전골,11,한우 불고기전골,7,한우라면,6,한우 깍두기 볶음밥,5,한우육회,4
catchtable_LLE5GclDNx5ogJHEtujuHA,와우리장작구이 안녕점,True,weighted_match,208,고기무한메뉴(1인),61,생오리차돌정식(1인),35,생오리차돌구이(1인),30,매콤생오리차돌(1인),30,오리탕정식(1인),19
catchtable_maJInKzTuaySvgHHapAMaw,스시아이 ,True,weighted_match,713,특스시포장12종,131,점심 오마카세,76,저녁 오마카세,72,,,,
catchtable_sz0MHjTylck2yz4tDoOKog,오제제 강남점,True,weighted_match,1049,청귤소바,33,카레,26,카다이프 새우튀김,10,지도리 우동,7,가지 멘치카츠,1
catchtable_D5xiH0SUBL0AjY9XAfmqbA,박쉡,True,weighted_match,169,이베리코 스테이크,4,오징어 리가토니,3,버섯 크림 파스타,2,채끝 스테이크,2,봉골레 파스타,1
catchtable_WkAWzepd224ECU8edHWERQ,스시아메,True,weighted_match,239,저녁 오마카세,25,스페셜 오마카세,25,점심 오마카세,24,,,,
catchtable_fVwvFdBGpUJQR-g5qI4iqA,팔딱,True,weighted_match,324,연어반 방어반 한상(소)~(대),47,방어한상(소)~(대),43,고구마튀김4P + 새우튀김4P,21,연어김밥,9,회덮밥,2
catchtable_LQG5CkxJDnryWmPoRPrJZw,스시사카바 야마타츠,True,weighted_match,222,봉골레라멘,7,안키모,7,하이볼,5,토로타쿠,4,치킨난반,2
catchtable_5MJO2VUrnH1-0MAQ_UKhmg,용가회전훠궈 명동점,True,weighted_match,1925,평일 점심 (~15:00),30,평일 저녁 (15:00~),30,주말 및 공휴일,25,,,,
catchtable_o7mbeMZJE8FoGbnSH1o-_w,만리지화,True,weighted_match,532,장어덮밥도시락,155,장어덮밥 한상,152,장어 소금구이 구절판,144,장어 소금구이 한상,129,세가지 맛 스페셜 장어 한상,115
catchtable_cqPTzQbeEBwP9ShGH4Zo6w,테리토리,True,weighted_match,209,알배추 파스타,24,트러플 크림 뇨끼 그라탕,19,테리토리 브런치 세트 [2인],19,테리토리 브런치 세트 [3인],19,테리토리 브런치 세트 [4인],19
catchtable_fdaHzJc-Rx_msJQwcF34rQ,뜨락,True,weighted_match,589,한우 안심 육전,112,통안심추리<한정판매>,96,안심 130g,88,채끝등심 130g,39,한우육회,34
catchtable_81Elm5nOaOkCu66vBXNZmA,와사이진,True,weighted_match,225,디너오마카세,31,,,,,,,,
catchtable_pDdScg_trKCYCRMrGcX0Jw,스시이케도,True,weighted_match,125,단품예약 (오픈 후 순차 적용 예정),9,,,,,,,,
catchtable_D9g5ST2wt1pjxLj7ycsCHQ,사케쇼프,True,weighted_match,247,고등어 봉초밥,9,사시미 플레이트,4,전복내장 파스타,3,아게다시도후,1,문어구이,1
catchtable_sIw2TaQMeU4WAfS2WZH2gw,오시 일산직영점,True,weighted_match,106,오시노미야끼,5,야끼소바 삼겹살말이,1,오시야끼소바,1,미소 야끼소바,1,모찌돈페이야끼,1
catchtable_t-c6hlCa5lNxY3WMy3ybBg,아델라베일리,True,weighted_match,162,아델라 코스,13,디너코스,10,리코타치즈 샐러드,7,부라타치즈 샐러드,6,연어 스테이크,5
catchtable_wP-96takmlxejVtgZDPRzg,비바라쵸,True,weighted_match,428,하몽,17,크레마 데 감바스,3,감바스 B세트,2,치즈케이크,1,우에보 에스트레야도스,1
catchtable_ILgI-ZydBQ7EaqZfyR-QUg,세디치(sedici),True,weighted_match,766,와인,78,버터 파스타,18,새우 크럼블,18,아마트리치아나,17,블랙 리조또,11
catchtable_iUJzgJ4O0T7-Rag_-kmGeQ,스시도손,True,weighted_match,1642,런치 오마카세,298,디너 오마카세,296,프라이빗룸,38,,,,
catchtable_UM2OfNi7bXEehdklGQes6Q,송계옥 교대,True,weighted_match,142,사이양념,16,사이소금,14,목살,7,연골,2,,
catchtable_n3djHf4ay1bOO3Dp2GjeZg,그랜드애플,True,weighted_match,142,,,,,,,,,,
catchtable_VUS53BkYniMkNkpZrI2xwQ,기후,True,weighted_match,476,기후 오마카세 (런치/디너 단일메뉴),104,,,,,,,,
catchtable_CSNkQpU0ao7Z3U0I03FV6g,홍홍,True,weighted_match,164,계란파밥,11,미더덕 된장찌개,7,감자냉면,3,갈매기 주물럭 한판,1,소 안창살,1
catchtable_BivJjo_F4iBTxN8LRMzvCw,파사주 Passage,True,weighted_match,995,치킨 프리카세,14,파흐망티에,14,사보이양배추,6,파리지엥 뇨끼,5,쁘아송 스파게티니,4
catchtable_QRj2QxcdC3_wv-Svzzidnw,스모크 트레인,True,weighted_match,138,앙쿠르트 스프,10,훈제닭다리(1개),6,수제소시지(1개),5,매쉬 포테이토,3,방울토마토 or 파인애플꼬치,3
catchtable_JO1k3aiUupUmTjDp4ZhtKA,선재,True,weighted_match,459,*평일 점심* 일품 무한리필 샤브 [성인],115,특상 무한리필 샤브 [성인],109,일품 무한리필 샤브 [성인],107,극상 무한리필 샤브 [성인],106,소고기 백합 샤브 정식,55
catchtable_iAe-IzrUkEA1NGkaRNO9CQ,우스페이스/Woo Space,True,weighted_match,720,스페셜코스,57,베이직코스,50,스테이크 선택 필수(100g기준),14,WOOSPACE PART II 전체대관,14,,
catchtable_EnwIgW6nkmVHG8ICHENGwA,맥켄지 (Mckenzie),True,weighted_match,145,시그니처 우설,11,돼지감자,9,수제 베이컨 버거,9,잉걸불에 구워낸 설원버섯,5,브리오슈,4
catchtable_QRdazeriwJrhazPlEtzTJA,스시 소우 sou 蒼,True,weighted_match,151,,,,,,,,,,
catchtable_s4UhcmMLN43kltSEj5nOFg,12월20,True,weighted_match,307,한우 타르타르,4,감자뇨끼,3,비스큐 파스타,3,채끝등심,1,우니버터 파스타,1
catchtable_KLE16LWsAyrTrXO594UwmA,마담풍천 합정,True,weighted_match,605,마담풍천 디너 장어 오마카세,276,마담풍천 장어덮밥 정식,182,마담풍천 장어덮밥 정식 大,182,풍천 장어 구이[단품][1인분],149,마담풍천 런치 오마카세,28
catchtable_81oNNdbE8sqzCWxAPo4eTA,야키토리 코사카,True,weighted_match,210,토종닭 7종 술안주 코스,30,5종 술안주 랜덤코스,23,,,,,,
catchtable_P0CTafQWz4YBRTJeggDNDA,스시이찌 성수점,True,weighted_match,260,런치 스시오마카세,80,디너 스시오마카세,80,주말 런치 스시오마카세,80,,,,
catchtable_csfYeLDqIRu6e8HX5rR4RQ,통의동 국빈관,True,weighted_match,407,갈비 볶음밥,3,사골 떡국,1,해장 라면,1,한우 생갈비,1,연탄 양념 소갈비,1
catchtable_eTdStjcYCn5LhZxatdNgSw,후제(fuje),True,weighted_match,802,,,,,,,,,,
catchtable_xmlEcqH5248kdkW7WxSEAg,을지잔치,True,weighted_match,242,안주오마카세 ”적당“,53,안주오마카세 ”든든“,27,주류,17,닭백숙,16,모듬사시미 1인 (인원수 관계없이 1인 주문가능),6
catchtable_YnX2sqoTSumVsoM-ZPP2lQ,타로와인바 서랍,True,weighted_match,316,양송이 퐁퐁퐁,27,[페스코]명랑한 명란 청경채 파스타,26,"로마의 추억, 까르보나라",13,타로 상담,3,치즈범벅 시금치 에그팟,2
catchtable_50j6ozcLTJ1ELg4FftvGaQ,닌니쿠요코초,True,weighted_match,366,명란크림우동,13,모찌리도후,2,유자사와,2,화요토닉,1,명란구이,1
catchtable_oh9zGuOZ5eLazp8hvnjhvw,골든센트리,True,weighted_match,437,방방지,6,광동식 탕수육,6,어향 가지,6,중국식 사시미,3,갈릭 버터 새우,2
catchtable_U6DseIQUQ0Qe2CQwExYxNA,배수사,True,weighted_match,245,봉초밥,18,후토마끼,9,모쯔나베,4,메로구이,3,전복내장파스타,2
catchtable_D6p2F28YaWDo2klILHBinQ,우와정,True,weighted_match,128,한우 된장말이죽,13,특 안심,12,한우 미나리 볶음밥,12,새우 등심,7,한우 버섯 불고기 전골,6
catchtable_Qzi3qUXx8N2O903FtrqgvA,아고야,True,weighted_match,231,[B코스] 가성비 메뉴,35,[S코스] 인스타 깍둑 스페셜,33,[C코스] 모든부위를 한번에,24,,,,
catchtable_mX63J4LGM_KGxzXydHMSJA,지지타운,True,weighted_match,1238,낙지김밥,18,간장새우 카펠리니,13,감자튀김,7,사시미,5,나가사키 나베,1
catchtable_RDu0AHV9EvcxZkYfY_TTrQ,오마 파스타 바,True,weighted_match,240,트러플 크림,10,한우 까르파치오,6,포모도로,4,초리조 갈릭오일,2,제네베제,2
catchtable_9AVYSYNMnd2rVaf8dMUccQ,정숙성 샤로수길 본점,True,weighted_match,246,[점심&저녁] 청어알 비빔냉면,29,正熟 돈마호크(400g) [한정수량],18,正熟 삼겹살(180g) [한정수량],17,[평일 점심] 우렁이 된장찌개 세트,16,11분 계란찜 (*키즈 메뉴 겸),16
catchtable_HeMyblRpy1_1wi6L_YLFNw,오슈 osiu,True,weighted_match,426,"잠봉 뵈르 (직접 만든 훈연 햄과 버터, 빵)",19,"직접만든 양고기 소세지, 가람 마살라 소스",18,숯에 구운 한치와 태국식 얌 샐러드,17,훈연 청어와 계란,14,"숯에 구운 닭과 레드 커리, 고수",9
catchtable_qX708ZiopFHfWkxqEVfLHA,후추포인트 강남,True,weighted_match,635,화이트 라구 파스타,20,초당 옥수수 뇨끼,10,새우 루꼴라 파스타,2,김치 볶음밥,2,클램차우더,1
catchtable_Vpafpv-v3Y2o2torCcspqw,js가든 잠원점,True,weighted_match,194,북경오리 Small,31,북경오리 Regular,31,특선냉채 Small,4,특선냉채 Regular,4,목화솜 탕수육 Small,4
catchtable__QJD806YOaDvtDv5RFsHPA,얼쑤비스트로,True,weighted_match,287,<저녁> 첫번째 맡김차림 8.9,12,<저녁> 두번째 맡김차림 5.9,12,Vip 맡김차림,12,,,,
catchtable_YpSFI2fWH1R17LyR9lIRqQ,미식반주,True,weighted_match,117,주류메뉴 사케,5,주류메뉴,1,,,,,,
catchtable_O2Xk9DJKOr9TE9MtEmptiw,안다미로스시,True,weighted_match,410,초밥10p+사시미2p+치라시스시+수제새우튀김+계절식사,80,런치B 초밥8P+계절식사+수제새우튀김,64,런치C 초밥 10p + 계절식사 + 수제새우튀김,64,특선 초밥 12p + 계절식사,64,쉐프 초밥 12p + 계절식사,61
catchtable_26rJWlB5aK6_KAQ_WYxtsQ,버치서울,True,weighted_match,133,후무스와 그릴 플랫브레드,22,절인 고등어 타르틴,15,참나물 페스토 파스타,11,그릴 오징어,5,제철 크루도,1
catchtable_bVLgpQgpLwsOrKdhGSQNUw,베이킹도우,True,weighted_match,222,루꼴라,55,프로슈토 루꼴라,45,마르게리따,15,초리조,13,딜 피클 4pcs,11
catchtable_apR-mlcT1Q21da4QqbQ53Q,토우지,True,weighted_match,297,네기도로마끼,32,사시미 모리아와세,25,고등어봉초밥,15,토우지 후토마끼,13,오뎅나베,8
catchtable_9fD_ww_wz4MnXhsuZeG9Rg,와루가키노 아소비,True,weighted_match,197,인스타 스토리 영업공지 참고 필수!!,10,,,,,,,,
catchtable_YaZAiU9-ZhOe5ECtQVgPjQ,청담 피플 더 테라스,True,weighted_match,324,생일패키지,2,퐁당쇼콜라,2,페스츄리 스윗 브리치즈 피자,2,차돌김치볶음밥,1,우니 파스타,1
catchtable_9BGP1_qqvVVVYEp6tyn20w,니얼더파크,True,weighted_match,253,김명란 크림 파스타(생면),66,트러플 크림 뇨끼,51,토마토파스타(생면),49,마르게리따,4,모르타델라 햄 & 피스타치오,2
catchtable_18z-TijA29raxTZuWeeTdQ,이치고(ICHIGO),True,weighted_match,654,고등어 봉초밥,7,멘치카츠,4,네기토로마키,2,규스테이크,2,타마미소와 시로미아에,1
catchtable_jW8HWk8ZlKHPEefpj4wJyw,한남타츠,True,weighted_match,631,타츠 후토마끼,2,메로조림,1,한우 육회 타르트,1,성게알과 단새우회,1,타츠 카이센동,1
catchtable_XGuprFsnlDz7BJKyoTrO_g,헤이든 성수,True,weighted_match,127,동파육,37,쉬림프챠우멘,4,치즈버거춘권,3,시추안 마늘쫑면,2,쿵파오치킨,1
catchtable_nL1fSJS-HhsuaI9bZ2eBAg,여담,True,weighted_match,212,여담D,1,,,,,,,,
catchtable_xY4uVDRwq4BC8fyuIOpYog,요리야희야,True,weighted_match,168,한우 미소 모츠나베,18,히라마사(부시리) 사시미,12,희야 디너코스 (최소 1일전예약 필수),12,바지락 솥밥,7,민물장어 구이,5
catchtable_7jEVo7GzJTcHAHG2vJXAEQ,써니눅,True,weighted_match,276,대파크림뇨끼,15,고구마튀김,8,감자튀김,3,크리스피 치킨 샌드,2,크리스피 치킨 와플,2
catchtable_OiwCYf9bS3vs_xRqT-3jDg,몽쁘띠쁠라,True,weighted_match,243,살치살 스테이크,9,라구파스타,6,트러플 감자튀김,2,라따뚜이,2,바질페스토 파스타,2
catchtable_PC53M_KOiXXQnGe84Phz7g,정통춘천닭갈비,True,weighted_match,540,볶음밥,122,치즈사리,50,라면 or 우동사리,43,공기밥,3,주먹밥,1
catchtable_V2xE3BOFwplocjtje4URyw,더바른정육식당 2호점(논현직영점),True,weighted_match,110,한우 부추 술밥,12,한우 육회,11,한우전복 물회,10,제주 흑돼지 사골 김치찌개,6,제주 흑돼지 오겹살 170g,5
catchtable_6Sty9on_qDDhr5Y6lLqHqA,다이닝 목로 성수점,True,weighted_match,118,마라 곱창 전골,16,목로 곱창 전골,16,연어 숙성회,7,목로 수제 가지튀김,7,모듬 튀김,7
catchtable_7cyek5t1e-cZfQ7VSxLBXw,부막숯불닭갈비 부산대점,True,weighted_match,134,볶음밥,9,목살,5,닭개장,1,초계비빔밥,1,철판 닭갈비,1
catchtable_7SPo9gwEECPG-dM3qZESDw,스시노칸도 타임스트림점,True,weighted_match,101,초밥 한 접시,48,,,,,,,,
catchtable_riOxy2FHSQNK8bzRSzN_aw,남원통닭,True,weighted_match,216,후라이드양념 반반치킨,77,후라이드 치킨,43,닭똥집,20,양념치킨,2,,
catchtable_RKa8_dJvotYJvXyD8zoYig,리에또,True,weighted_match,239,어란과 우니,9,뜨리빠,2,따야린,2,관찰레,2,알리오올리오,2
catchtable_Y0w1tK7KuaPE6FY65yXjeA,나츠가,True,weighted_match,297,떡구이,5,감자사라다,5,해장라면,2,츠쿠네,2,오이무침,1
catchtable_RhhyemMJoI_UnnyuUyOa0g,몽크스부처 도산,True,weighted_match,344,블랙 오일 갓파스타,5,토마토 라구 코티지 파이,4,비건 비프 치즈버거,2,타르타르 두부치킨,1,볏짚 포르치니 크림 라자냐,1
catchtable_rl2AGqcX0bZSnj1WONasxw,롯데호텔서울 피에르 가니에르,True,weighted_match,121,런치 데쥬네 코스,12,디너 에스프리 코스,12,,,,,,
catchtable_PVKCWrDO8Xvqx8Zb-RbArQ,토파,True,weighted_match,579,,,,,,,,,,
catchtable_7DjnJacFWyaFqsZcxDaUow,루드베키아,True,weighted_match,184,프리타타,7,비프 부르기뇽,6,시트러스 리코타 샐러드,2,당근라페,2,프렌치토스트,1
catchtable_oq2kdxLsei1belErNS_ekA,이자카야나무 종각점,True,weighted_match,110,문어튀김,2,연어 사시미,2,도미 사시미,1,밀푀유나베,1,연어초밥,1
catchtable_Vf6ZnfA_w-t7fB8EoGtpbw,자주테이블,True,weighted_match,116,소프트 크랩 비스큐 파스타,17,오징어 튀김 샐러드,8,리코타 홈메이드 팬케이크,5,떡볶이,4,성게알 파스타,4
catchtable_43b6kPNrsN6GSwFLe4UIfA,다이닝고,True,weighted_match,281,"우니, 단새우, 네기도로, 아보카도, 김",23,계절 사시미,17,모둠스시,7,규카츠 샌드,5,한우 채끝구이,5
catchtable_xQsUe1Wi9NPgw7jjg8snLQ,수담 죽전본점,True,weighted_match,150,얼큰전골 2인,27,[포장]영양만둣국 1인,6,[포장] 영양만둣국 2인,6,공기밥,4,만두전골 포장 2인,4
catchtable_gMh1UfToFWzktVFWWsGRfw,회뜰때까지,True,weighted_match,1377,시마아지+모둠회 코스1인(오마카세 아닙니다),350,모둠회 코스 1인(오마카세 아닙니다),349,하나야구 준마이,115,산토리/제임슨/유자 하이볼,31,한라봉샤벳/바질토마토 하이볼,31
catchtable_hOVLKwSOY8YZHYYHcz2nUg,한땀스시,True,weighted_match,464,한땀스시코스,75,사시미코스A,63,사시미코스B,63,카이센동코스,55,모듬스시A코스,44
catchtable_qhOOBQffFplI7newifC7QQ,히까리 ,True,weighted_match,632,카운터오마카세,155,런치오마카세,144,,,,,,
catchtable_XjrB5Sf2Qp8UMHNsYMtBTw,돈까스의정원 광안본점,True,weighted_match,149,매운고기카레,20,새우튀김 1미,14,제주 난축맛돈 상로스카츠<특등심>,3,지리산 버크셔 로스카츠<지등심>,2,지리산 우리흑돈 로스카츠<지등심>,1
catchtable_qZ8yy4ekxYAfP4c0G5Lb6A,코자차 kojacha,True,weighted_match,327,코자차 점심 코스,41,코자차 저녁 코스,41,,,,,,
catchtable_KGinYuLFq97pp1PI6TVXvQ,더 시옷,True,weighted_match,332,단호박피자,16,시금치 뇨끼,8,고추장 로제 투움바,3,마르게리따,3,300g,3
catchtable_TQ313JBvkFMepqGbs3HKPw,한미옥 여의도직영점,True,weighted_match,945,차돌구절판,39,된장술밥,30,메밀전,18,경탁주,1,물냉면,1
catchtable_vWVINKVSUJJQGx19ZpedEg,토리냥,True,weighted_match,392,제철사시미,28,우설 꼬치구이,25,양배추샐러드,4,,,,
catchtable_vhGz5GSD1-WKkuj38Q1Kww,아웃오브오더,True,weighted_match,171,와인,8,전통주,7,알배추 구이,4,봉골레 칼국수,3,된장 까르보나라 수제비,2
catchtable_flKVS9FQrMHHTwtvm2-A3w,아르데레,True,weighted_match,1361,글라스와인 [Wine by the Glass],146,"트러플 딸리올리니 [Truffle, Tagliolini]",79,감자 뇨끼 [Potato Gnocchi],68,생선 스테이크 [Fish Steak],40,잠봉 씬피자 [Jambon Thin Pizza],40
catchtable_xeu_SxJ-OWMg48tnqIchpQ,엘몰리노,True,weighted_match,1438,튜나 토스타다,29,타코 테이스팅 메뉴,7,관자 토스타다,4,몰레 & 양갈비,1,잿방어 아구아칠레 베르데,1
catchtable_RKrgce7MiDQsx5Pzql9Yhg,아이엠베이글 공덕점,True,weighted_match,101,쪽파 크림치즈,1,아메리카노,1,치폴레 샐러드,1,크랜베리치킨 샌드위치,1,플레인 베이글,1
catchtable_PpIR_DMt_hFaQiRG0uS93w,캄 ,True,weighted_match,262,홍새우,19,타르타르,13,뽈뽀,7,흑돼지,5,카치오페페,2
catchtable_wWZI_uutjZmFYJq7jDOEkw,Atmosfera,True,weighted_match,190,아뇰로띠,4,아스파라거스,2,카프레제,2,비프 타르타르,1,한우 채끝,1
catchtable_FB2C2iM7SnhC6Knxd5cqgg,비폴릭 청담 (Beefholic),True,weighted_match,596,생일 및 기념일 로맨틱 터치 이벤트,98,,,,,,,,
catchtable_e5DkKarrBTfteKRAYfbF5g,라루치아 2호점,True,weighted_match,133,새우파스타,25,라자냐,10,크림뇨끼,6,브런치플레이트,2,토마토스튜,1
catchtable_q1DfJGpRNaCnbP07pUI6dg,졸리앤몰트,True,weighted_match,457,,,,,,,,,,
catchtable__LUD03uyH4SuWSMyT9oHWg,동화고옥 롯데월드몰점,True,weighted_match,977,금란(錦蘭) 갈비 코스,192,향연(饗宴) 갈비 코스,191,수라(水剌) 갈비 코스,190,영빈(迎賓) 갈비 코스,187,단체 코스지 제작,153
catchtable_UB7NKKXNMseNoqzP77OuSQ,우나기 욘다이메 키쿠카와 고속터미널점,True,weighted_match,845,시라야끼 멘타이 마부시,118,히츠마부시,89,욘다이메 키쿠카와 정식,18,욘다이메 키쿠카와 일품 우나쥬,16,명란 일품 히츠마부시,10
catchtable_vwNRodnmIKx1Fn8BtfuRzA,까사생갈비,True,weighted_match,193,돈키호테 샐러드,5,돼지모듬 세트,4,소 꽃갈비 &돼지생갈비 세트,4,후식 소고기 된장찌개,4,에베리코 베요타 블랙라벨 목살 (160g),4
catchtable_qZQ5ePz_Sz0CqibZdUGHEA,스낵바 에이넷 (aaaa),True,weighted_match,216,말그대로 스낵바입니다 배달가능합니다,7,새우튀김 스낵,5,클래식한 스타일의 알리오 올리오,2,,,,
catchtable_n29ZqqeZsn_iTIoIjbGi3Q,이닛 (INNIT),True,weighted_match,418,한우 우둔살 타르타르 / BEEF TARTARE,25,그릴 전복. 표고버섯 꼬치 / GRILLED ABALONE,16,어란 / BOTTARGA,12,그릴한 훈연 굴과 파프리카 버터 / OYSTER,11,제철 채소와 후무스 / VEGE,10
catchtable_YORdZ3yUTLWvw4x44UjZNA,비스트로누,True,weighted_match,279,문어,14,관자,5,해산물 스튜,3,아스파라거스,2,킹프라운 로제 파스타,1
catchtable_6EbZW42v8qAelYdO_LWVkw,우진가 더 챔버스 역삼점,True,weighted_match,152,한우육회,13,꽃갈비,9,안심,7,평양식 김치말이 국수,6,안창살,5
catchtable_oTjv_lOZLbwKyYSAqBLHdQ,모와 (Moi),True,weighted_match,429,참나물 봉골레,23,갈비 라구,7,치킨 버섯 리조또,4,아라비아따,4,문어 스테이크,3
catchtable_Cbed-uNbtchBSwtBFle81Q,js가든 압구정점,True,weighted_match,246,북경오리 (S),55,북경오리 (R),55,Nari,1,Lily,1,,
catchtable_PnRmT2Vz9oScZaB1rV9DMA,서울신라호텔 팔선,True,weighted_match,119,불도장,12,북경오리,11,상,9,옥,4,태,3
catchtable_C95X5jrQ9OKXJEJG_fDunQ,송추가마골 인어반 창동점,True,weighted_match,105,갈비탕,15,갈비만두,1,왕갈비탕,1,공기밥,1,더덕무침,1
catchtable_7C0WKDmnepMNfN9IDQg3LQ,팔 아트클럽,True,weighted_match,111,칼라브리제 파스타,15,화이트 라자냐,8,크루도 스파게티,4,아트 클럽 딸기 썬데이,3,봄 샐러드,3
catchtable_YYImvBMuFTxq7NzjpwbVjA,계단라멘 일산본점,True,weighted_match,389,모츠라멘,28,계단라멘,27,다마고밥,10,차슈덮밥,4,유자비빔라멘,1
catchtable_aMFOnDTHlVcPwhUFzU8rJw,너른마당,True,weighted_match,165,통오리밀쌈,4,음료,3,공기밥,3,접시만두,2,녹두지짐,2
catchtable_JPuroo595AGWvFxkKZmC_A,주토피아 서울,True,weighted_match,677,,,,,,,,,,
catchtable_a7R8HBLcov3kMReQC4Vjgw,스시오오모토,True,weighted_match,3408,런치 오마카세,716,디너 오마카세,710,,,,,,
catchtable_3tIi3wrwxyWxeYMHBzXGKA,대세박목살 본점,True,weighted_match,138,곤드레밥,32,등심 생 껍데기(150g),32,숙성삼겹살1인분 고기추가(150g),24,박목살 1인분 고기추가(150g),21,김치말이 냉국수,16
catchtable_bdQC06QjTsrjiaRy5R-Zag,독립밀방 서울역,True,weighted_match,213,파스타 & 스테이크 2인 SET,24,파스타 & 피자 2인 SET,22,해산물 로제 소스 파스타,17,수비드 광어 생면 파스타,16,파스타 & 리조또 2인 SET,15
catchtable_wrGtRuUKphZfMBwORwzGeA,쿠시카와,True,weighted_match,433,쿠시아게 오마카세,76,스페셜 런치 오마카세,59,,,,,,
catchtable_UoU9aSS5CI9ORi5hCKhB-g,앨리나인,True,weighted_match,430,양송이 타파스,34,해물 누룽지 파스타,2,우렁 된장 크림 리조또,2,차돌박이 된장 크림 파스타,2,소이소스 버섯 리조또,2
catchtable_nuYz1mpAQSNgCEdhbizxvQ,또보겠지떡볶이집 붕붕허니비점,True,weighted_match,303,버터갈릭감자튀김,54,날치알볶음밥,51,즉석떡볶이 2인,6,즉석떡볶이 3인,6,즉석떡볶이 4인,6
catchtable_eNPHIZeArNaIEe3Kf7HAnA,돈멜 서현 직영점,True,weighted_match,490,목살,29,열무국수,17,묵사발,11,된장술밥,8,새우라면,5
catchtable_JvtxWfCCFExksILE8NQrww,비스타 워커힐 더뷔페,True,weighted_match,135,,,,,,,,,,
catchtable_llvkSue543sNXE6weRhSLQ,무명스키야키:가든,True,weighted_match,204,스키야키한우++ (150g),42,고기추가)한우++ (150g),15,고기추가)미국산(150g),12,무명하이볼,10,"하이볼(산토리,짐빔,봄베이,샹그리아)",5
catchtable_PJhHcYIKcyFggcuNhHsUhg,EATALY 더현대서울점,True,weighted_match,228,트러플,14,해산물 파스타,2,알리오 올리오,2,참돔 스테이크,2,등심 스테이크,1
catchtable_mK7gaDzwPXEVPcEILm3pQQ,사사노하,True,weighted_match,668,세비체,18,치킨난반,15,마라마제소바,11,슈토 알리오올리오,4,나폴리탄 스파게티,2
catchtable_b5ZtUKEUOYo2heLycGdCcw,봄담아 방배점,True,weighted_match,166,목심,3,살치살,2,쭈꾸미,1,목살,1,부채살,1
catchtable_KCMQVLe8UALy3wrt8XrVCA,한마음정육식당 동탄호수공원점,True,weighted_match,167,생선구이,7,숙성 삼겹살,7,생선쌈밥,6,돼지 한마리,6,돼지 반마리,6
catchtable_5qGXYhPbW8KrmMZ0CKwk8g,정육면체,True,weighted_match,257,깨부수면,34,마라새우면,14,홍탕 우육면,9,초유린기(小),4,초유린기(大),4
catchtable_5CFc-LlaYad-A0ypJltNkg,타펠룬데 서울 와인바,True,weighted_match,674,단새우 파스타,24,프랑스식 육회,14,트러플 감자전,12,이베리코 목살 스테이크,3,리조 젤라또,3
catchtable_kC_wEFsdkyJwTtXILpqjTg,왕밀면냉면,True,weighted_match,140,돈까스,46,비빔밀면,11,만두,10,물밀면,8,물비빔밀면,3
catchtable_UraLERohxZqZnSB_c6xOJQ,양인환대 북창점,True,weighted_match,130,숄더랙,2,타락죽,2,갈비살,2,꿀등심,2,볶음밥,1
catchtable_3RBVvi0CjlkskZ1UuRv4OA,탈스티,True,weighted_match,493,오렌지 와인,285,🍰 오렌지와인 바스크 치즈 케이크,251,와인리스트/계절 메뉴,216,🍜 우렁이 국수,19,🍽️ 탈스티 테이스팅 5코스 (1인),17
catchtable_8gM5zkwjReNHRFX7Mxry4A,남산광어,True,weighted_match,1850,소금김밥,985,오징어 김치 수제비,90,무늬오징어사시미 + 초무침,71,기장 멸치튀김,54,1% 대광어 숙성회 + 깨순샐러드,51
catchtable_jnlR58QLuF2MuGmstRjQWQ,도시크랩 광안,True,weighted_match,144,대게치즈버터구이,25,동사할린 대게(내장 마가단급),22,대게와 함께라면,21,블루킹크랩 치즈버터구이 (2인),14,블루킹크랩 신규입고,11
catchtable_OD7w6J2zzSMzpJmijCr5Vg,르 셰프 블루,True,weighted_match,143,,,,,,,,,,
catchtable_WJm_ilHtOwFDhQlSBONgfQ,돌판짜장 짜마 ,True,weighted_match,205,찹쌀 백설탕수육,69,직배송 한정판 산낙지 돌판짜장(2인),44,3대를 이어온 돌판짜장(2인),42,부동의 인기 커플세트(2인),5,신의조화 패밀리세트(4인),1
catchtable_bmdc3mRC-U-bcz0SAi8QpQ,민생주,True,weighted_match,108,"1월 2am창민,히밥,살빼조,수퍼비,호미들 방문 감사합니다",13,포뜬 무늬오징어 회,13,오합,6,활새우회&연어알과우니(머린튀김),4,제철)통낙지미나리전,4
catchtable_QzvD8Tb4x0Qr4eFaXfRFwQ,장심도 블랙,True,weighted_match,261,강화도 갯벌장어 특상,130,숯불장어덮밥 한마리,126,투뿔 ++ 숯불장어 특상 한마리,118,임금님 잔치국수,13,무병장수탕x발아현미 솥밥,4
catchtable_SNOQJ5PLTN83dEduN23FGw,더나인클럽,True,weighted_match,879,,,,,,,,,,
catchtable_AOs_B4WOIS-hPJo8UFEwCA,창창,True,weighted_match,978,꿔바로우,77,라즈지,47,짜사이 볶음밥,7,차돌박이 사천탕면,6,연두부 튀김,5
catchtable_xQWgQW3z0Vy1MCH0w2XM3Q,뉴올재즈라운지 재즈와인바,True,weighted_match,1107,홍새우 비스큐 파스타,128,초리조 관자 파스타,75,NEWALL 시그니처 오리 스테이크,26,무알콜 플로리다,11,무알콜 선라이즈,11
catchtable_RpUFfIelZApNTQFn7_EkTQ,갸우뚱,True,weighted_match,122,마파두부,34,꿔바로우,4,어향가지 덮밥,1,깐풍기,1,팔진 해물 덮밥,1
catchtable_a1YCoau63BX1GQW3ej_jow,미미미가든,True,weighted_match,111,,,,,,,,,,
catchtable_qC0Bz7lIml3Hu8l6-h6xug,쁘띠문래,True,weighted_match,216,우니파스타,12,트러플파스타,6,트러플 크림리조또,1,가리비관자 로제리조또,1,비스크단새우파스타,1
catchtable_OWrYpa20lAZ-eYH5GiPKuQ,레스토랑 주은,True,weighted_match,557,점심정찬,2,저녁정찬,2,,,,,,
catchtable_ApbvlsetKgYWWjEtLlrATw,규카츠정 판교점,True,weighted_match,174,규카츠 카레 정식(매운카레),36,규카츠 카레 정식(버터크림),36,규카츠 타마고텐동 정식,35,규카츠 카레 점보정식(매운카레),33,규카츠 카레 점보정식(버터크림),33
catchtable_5tnc5wSvWopPKExpQaWEvg,코타바이뎐,True,weighted_match,1003,코타 기본코스,227,코타 키즈코스 (6.5만),210,Vip 스테이크코스,168,,,,
catchtable_2hf5he_aSVdnUs9h9mSVBw,육지,True,weighted_match,552,삼겹살,50,돈대갈비,34,들기름 막국수,11,꽃목살,4,벌집덧살,4
catchtable_ueea-0IIap-FPRJnc2gfXQ,스시우미 잠실,True,weighted_match,2685,주말 및 공휴일 런치 오마카세,442,디너 오마카세,410,런치 오마카세,409,"콜키지(와인, 사케)",15,"콜키지(위스키, 소츄)",15
catchtable_aOCB9gYZNA8kl9suSlmebA,에디페브,True,weighted_match,114,오리 가슴살,20,보타르가오일 파스타,15,홍새우 꼰낄리에,9,항정살,5,버섯 크림 뇨끼,5
catchtable_R6_uPeTQkMLq8G_d89a8Lg,안안 운중점,True,weighted_match,379,반쎄오,78,분짜,19,월남쌈,6,파인애플 볶음밥,4,소고기 쌀국수,3
catchtable__tlQF4MNVxNnA5zv0oae-w,포도리 성수,True,weighted_match,191,와인,215,갑오징어 어란 파스타,17,트러플 화이트 라구 파스타,12,하몽 알감자 튀김,10,흑돼지 잠봉 타르틴,9
catchtable_bRBRUh84H0wlelQOB10jSA,스시 야스무,True,weighted_match,353,런치,33,디너,29,,,,,,
catchtable_eFijif31YBDndaBrHz2iwQ,스시나나,True,weighted_match,163,스시 사시미 오마카세,71,스시 오마카세,70,,,,,,
catchtable_7l4X36kaHpPXHVivR2yG1A,우직 목동본점,True,weighted_match,937,우직코스,126,한우육회 (150g),37,한우 특갈비 (본갈비+살치살)100g,25,한우 갈비살(생/양념)100g,25,,
catchtable_KxmA-qaSf0z7oK1bgIJs-Q,파도집,True,weighted_match,145,육사시미,37,숙성 광어회,19,숙성 시마아지(흑점줄전갱이),17,참돔 유비끼,11,대 삼치회,5
catchtable_BvmusjcXYsSIHP7XngPF2Q,르꽁비브 (Le Convive),True,weighted_match,885,연말 1월 1월까지 런치메뉴입니다,20,연말 1월 1일 까지 디너 메뉴입니다,20,,,,,,
catchtable_C1gGlc1MyhQGXv1Dlz9-NA,운암회관 잠실점,True,weighted_match,101,한우차돌박이 구절판(중),17,생고기비빔밥,14,한우차돌된장찌개,14,한우 육회,9,뭉티기세트,4
catchtable_IzQmAu21ZeO_KVOrKRB9Dw,옥여,True,weighted_match,208,봉초밥,37,안키모마끼,14,야끼소바,10,치킨난반,9,도미머리조림,1
catchtable_hcaKJ-ZUCdk-r0HBwufP_g,스시유키,True,weighted_match,411,런치 카운터 오마카세,52,디너 카운터 오마카세,52,,,,,,
catchtable_x6Lgcb6QGEOEGV-PBpKR2g,부부 드 꼼뜨와 Bubu De Comptoir,True,weighted_match,227,부부닭,17,라구,14,보름달 부부닭,3,크렘블레,2,부부 삼겹살,1
catchtable_hPt8n3Ksn0LyQgGIbMhegQ,뇨끼룸 ,True,weighted_match,518,훈연 치즈 크림 소스 뇨끼,238,"갈릭, 홍합, 허브버터 생면 파스타 (생면 딸리올리니)",65,"트러플 크림 소스, 하몽을 곁들인 감자뇨끼",33,와규 부채살 스테이크 (최고 등급 산지 직송),33,척로스트 볼로네제 파스타,21
catchtable_C6eOK8W7tniYWTcNDmNVGA,세렌디피크닉,True,weighted_match,280,에이드,6,와인에이드,6,하이볼,5,티라미수,5,프렌치토스트,5
catchtable_ddR1-ownRB7srP22XE1Q_Q,영통백합칼국수 광교점,True,weighted_match,187,계란죽,68,반반 파전,53,통새우 미나리 해물파전,50,미나리 계란죽,44,백합탕 낙지 샤브샤브 세트,15
catchtable_NZXoG-0eWN8vkL7vO9zzLA,큐리오 Curio,True,weighted_match,1276,,,,,,,,,,
catchtable_3xMXClihqDlV5rBHYfTVDw,몽중헌 광화문점,True,weighted_match,121,새우창펀,5,유린기,2,우육탕면,2,홍두포자,1,팔보채,1
catchtable_LOEEwW9BeKeTeGUWl2LVbw,케이아틱 chaotic,True,weighted_match,317,단단면,18,오이무침,13,샤오기,12,양고기 만두,7,비풍당,2
catchtable_6JvcFq1rydwjXwP4x77dpw,피스케스,True,weighted_match,166,해산물 튀김(Frutti di mare),35,(변동메뉴) 오늘의 생선구이,23,소라 뇨끼,17,그릴 피쉬 오일 파스타,15,"발효 표고, 화이트 라구 파스타",9
catchtable_qrUEa9d58t7P7J6oZ0uyJw,마켓오 압구정점,True,weighted_match,351,PM8 방문 고객 콜케지 프리 이벤트,52,마켓오 와인 무제한,40,캐치테이블 예약 할인 이벤트,24,마켓오 시그니처 1++ 한우 채끝 등심 스테이크 200g / 400g,12,미국산 안심 스테이크 180g,12
catchtable_7EAabXSsxz9RzYFYhYAFbw,송헌집,True,weighted_match,255,떡갈비 백반 1인 (350g),112,,,,,,,,
catchtable_3Zy6fzfNSdUHpJLWhIrG5g,이치에,True,weighted_match,340,아지,5,멘치카츠,5,창코나베,4,사시미모리아와세,3,우니,3
catchtable_dpsNrGIuMDnJdnBcP9CjlA,해오름 한식다이닝,True,weighted_match,388,,,,,,,,,,
catchtable_DqSAzzBzCkCr3IXzWEWvDg,우하나 그랑서울점,True,weighted_match,443,런치 스페셜 코스 (120g/150g),119,우하나 시그니처 코스 (140g),119,우하나 A코스(90g/120g/150g),117,우하나 B코스(90g/120g/150g),117,우하나 C코스(120g/150g),117
catchtable_3Ywl6jex7dhcwnL6bmedjA,고상봉,True,weighted_match,141,봉살,31,숙성 목살,18,한방 돼지껍데기,14,돼지생갈비,10,숙성 삼겹살,5
catchtable_mPloRF2pt9T5ULYTNB9BjQ,소설옥 금남시장점,True,weighted_match,159,사장님의 오늘의 와인안주 한상(1인),104,양념 벌집 돼지 껍데기,5,카프레제(부팔라치즈&바질페스토),3,소설옥 화육 볶음밥,3,항정살 150g,3
catchtable_qGdBP1pyC8Wg1GS4ey22VA,무티 청담,True,weighted_match,536,양갈비 뼈구이,7,현무암 치킨가라아게,6,해물 토마토나베,4,카라이 아와비소바,4,명란 로블랙,2
catchtable__yhXGvWtZSHb5y3suJhseA,양산집,True,weighted_match,438,수육백반,30,순대국밥,5,섞어국밥,3,일반국밥,2,살코기국밥,1
catchtable_mwW_DdTGyDKSXtxCu_7jIg,라따뚜이 인 서울,True,weighted_match,327,[전식 Entrée] 🌱 땅 아래에서 (Sous la terre),13,[비건]라따뚜이메뉴 '전식'- 당근 벨루떼,13,[비건] 라따뚜이 메뉴 '본식' - 라따뚜이,10,[비건]라따뚜이메뉴 '후식' - 비건 갸또 쇼콜라,10,[후식 Dessert] 🦢 미운 오리의 부활과 비상 (La renaissance et l'envolée du vilain canard),8
catchtable_yJfw9F5KdIuwf5ft413uBA,맘스키친,True,weighted_match,400,스프카레,38,명란파스타,18,연어덮밥,16,키마그라탕,12,탄탄면,8
catchtable_NWJnbwU2buJ7L5opvLUXRg,장수장어대전 방배본점,True,weighted_match,488,진품 장어솥밥 정식,221,특품 특대장어 솥밥정식,220,강화갯벌 특대장어 (1인),34,강화 갯벌 특대장어 (1인),34,일품 전복솥밥 정식,33
catchtable_CnXCh7k7inkZJS-y0CaiJQ,정희 타임빌라스 수원점,True,weighted_match,370,고사리크림수제비,28,감태타르타르,13,새우감자전,10,강된장케일쌈밥,9,묵은지회말이,9
catchtable_UGSJKnM15R3_q7niP_MakQ,다오라참치초밥 중동시장점,True,weighted_match,127,스페셜초밥(10ps),6,물회,5,유부우동,5,도로초밥(10ps),4,육회스테이크덮밥,3
catchtable_Mhhx009J8ws6J7BJGEi0VQ,타와,True,weighted_match,244,무와 시그니처 히츠마부시,46,카이센동,44,숙성 연어 사시미,15,무와 모둠 숙성 사시미,12,"일식카레 (카레, 가라야게, 양송이 )",9
catchtable_XPpw3myzE0R3R3Y_z7BrTg,고요,True,weighted_match,371,라자냐,9,관자,6,문어,3,치즈,3,타야린,2
catchtable_b1bfC0ZK5qGaPk_CqeiVuA,츠보,True,weighted_match,298,디너코스,29,솥밥변경,4,,,,,,
catchtable_hRxwjyEWvb7TG7DKlQGSUg,안돈 오마카세 송도직영점,True,weighted_match,438,돼지고기 오마카세 1인,85,,,,,,,,
catchtable_TbdK1FsCxFog90krTMWvww,두가헌 레스토랑,True,weighted_match,224,,,,,,,,,,
catchtable_s2U0445Qxlhbr55eBO8d2w,스시쥬고야,True,weighted_match,664,런치 오마카세,70,디너 오마카세,67,,,,,,
catchtable_c4sEqR6piSSt6sdx-VH-sA,이타쇼,True,weighted_match,782,참치마끼,25,사바보우즈시,7,테바사키,4,소내장조림,2,제철 모듬 사시미,1
catchtable_5qnL4zYHd3X80ragj729zA,부천 심가면옥,True,weighted_match,110,소양념갈비,31,돼지갈비,21,영양갈비탕,16,함흥냉면,12,한우 육회 비빔밥,5
catchtable_qqIcffCaz1T5uHpyPFmFyg,교자쇼푸,True,weighted_match,118,오이무침,14,새우교자,10,볶음밥,9,건두부무침,5,야끼교자,4
catchtable_YpojXXZlInxyLehjBrwa6w,호미담,True,weighted_match,262,바삭 명란 감자전,38,항정살 연저육 삼합,23,해물 냉채 비빔면,13,아롱사태 수육전골,11,맑은 물총조개탕,9
catchtable_LDfobZZ_hJKuWPqq98pNaA,스시요이,True,weighted_match,386,점심 코스,19,저녁 코스,19,,,,,,
catchtable_VVCBPpBBgyx0bpAEBjxCcA,초이다이닝 연남점,True,weighted_match,240,연어 후토마끼 (5pcs),46,덴뿌라 후토마끼 5PCS,30,초이 마제소바,28,만찢남 동파육 덮밥,20,항정살 명이 오일 파스타,15
catchtable_AaRe0OggzktiJXN1Apoyzw,비토 (아웃트로바이비토),True,weighted_match,464,"포르치니 버섯 뒥셀, 세이지 버터 소스, 생면 타야린",31,도미 파피요트,28,"단새우, 부라타치즈, 비시슈아즈, 오징어먹물칩",17,"참바지락 봉골레, 생면 스파게티",15,에스카르고,14
catchtable_0CM9i3QobmLUQQKtWzVBSQ,보나피자 도곡,True,weighted_match,227,초리조 스트라치아 텔레 토마토 파스타,85,로메인 리코타 샐러드,11,모르타델라 부라타,8,포모도로 스파게티니,6,푸타네스카,4
catchtable_RHWv-3vNgTpT9rMZvP4itg,스시쇼쿠젠,True,weighted_match,612,런치오마카세(12월1일부터),104,디너 오마카세(12월1일부터),104,콜키지,4,,,,
catchtable_79qd_777TIjOEGktGXMAyA,따로집,True,weighted_match,232,통모짜 토마토 떡볶이,14,통새우 부추지짐이,12,따로집 김치볶음밥,8,트러플 들깨 크림 순대,4,낙지 청어알 젓갈 두부,4
catchtable_tLfQeQ-2F0MAw7zjo3d-jQ,란주쿠,True,weighted_match,387,후토마키,2,우니크림파스타,2,한여름마끼,1,치즈곶감말이,1,사바보우즈시,1
catchtable_8d-KTe5NL31EmHYf4IjuzA,삼동소바 판교점,True,weighted_match,432,온소바,10,사누끼 우동,2,짬뽕소바,1,매콤 우육소바,1,짬뽕 우동,1
catchtable_CStNYVr0Zt0fKdycQXLn5g,공감 홍대점,True,weighted_match,263,명란크림파스타,2,유린기,2,칠리새우,2,한우모츠나베,2,켈리,1
catchtable_nacJopyMWpcLEyw9ytoPTQ,구아이,True,weighted_match,188,A코스,119,S코스,116,B코스,100,C코스,100,평일점심 A정식,3
catchtable_aC-grZ4ZsEtFapcVpxINhw,반슈,True,weighted_match,447,<저녁> 안주정식,18,<점심> 반슈정식,1,,,,,,
catchtable__fGlHhW-3xdY-kQ7QGlhaA,하카 (HAKKA),True,weighted_match,958,유린기,26,샤오롱바오,24,탄탄면,22,버터 꿔바로우,16,하가우,13
catchtable_IGhRefP37yhRvUUZRuhZIg,디에트로,True,weighted_match,1094,양갈비 스테이크,16,한우 카르파치오,4,갑오징어 오일 링귀니,3,가리비 관자,2,플랫아이언 스테이크,1
catchtable_eyDxvWWKbSgTvxj_8cO0Tg,뻐끔수산,True,weighted_match,219,모듬회+생새우회+매운탕,75,모듬회+생새우회+해물라면,63,모듬회+생새우회+왕새우튀김,49,왕새우튀김,49,모듬회+생새우회+왕새우파전,37
catchtable_7xpqZ4IdvJx2j9n6wmidNg,퍼즈남영,True,weighted_match,234,뽈뽀,15,브리치즈,5,우니 들기름 콜드파스타,4,마라크림새우,3,아보카도 문어,2
catchtable_VI5QQBEv87oQIg-ygfr2ng,체나레 인 서촌,True,weighted_match,325,Scoglio,1,,,,,,,,
catchtable_2GLWuO4ssLQW2sFM73tKdw,토끼다이닝,True,weighted_match,128,하이볼 3+1 EVENT,11,아롱사태 수육,10,뻥튀기 아이스크림,7,우삼겹 순두부 김치찜,7,채끝 육회,5
catchtable_Z10a1qrpB-Z39N1Qnp5E0w,서울리에,True,weighted_match,368,수제 고기만두 (1조각),32,전복 솥밥,21,LA갈비 솥밥,20,대하솥밥,11,도미 솥밥,7
catchtable_MsAOh77oVyndcn7z1Iewog,신라스테이 역삼 Cafe,True,weighted_match,909,주중 및 주말 조식 뷔페 (성인),82,주중 및 주말 조식 뷔페 (어린이),82,주중 브런치 뷔페 (성인),78,주말 런치 뷔페 (성인),78,주중 브런치 뷔페 (어린이),78
catchtable_bR8QuE1K61lUQjuVpfxKUg,세로(sero),True,weighted_match,434,오스스메,28,방방지,2,안키모 빠떼,1,치킨 난반,1,닭구이,1
catchtable_9oqBNkgZxPmoRryndwJ8kA,쌤쌤쌤,True,weighted_match,2189,철판 스테이크,393,,,,,,,,
catchtable_I1vOXk55gTLOzYf51OzAgg,피오피오,True,weighted_match,138,꿀대구,28,무화과크림파스타,20,꿀연어 핀초,9,무화과핀초,1,뿔뽀,1
catchtable_-HRW0fI_q1hkiE4clPeKQw,김기덕 스시앤참치,True,weighted_match,176,스시오마카세코스A (1인),62,스시오마카세코스B (1인),62,참치리필(1인),27,,,,
catchtable_CbD0lZ5NuDmxksbpgwLszg,도순,True,weighted_match,429,단새우,21,라구,21,트러플,19,봉골레,18,살치살 스테이크,5
catchtable_WbKlXJ6qh6RMhG0jrip2zQ,라로타 파스타바,True,weighted_match,102,계절별 메뉴변동,10,,,,,,,,
catchtable_OtHeF82u5ueYGL9ojnxJQA,모노로그,True,weighted_match,424,오마카세 코스,77,,,,,,,,
catchtable_PwT68enDxkZHKoQrNqzWmw,스시코마츠,True,weighted_match,548,런치,51,디너,17,,,,,,
catchtable_RXHB9URBjhn9UVLUqKUIyQ,SSOC 쏘옥,True,weighted_match,1417,양갈비,56,"감태, 백합",8,"랍스터 새우, 흑보리",6,"블랙 트러플, 푸아그라",4,"부라타, 토마토",3
catchtable_kbTwZAogL1yU0JiiusDlwg,에스토,True,weighted_match,634,런치 5디쉬 쉐어코스,105,디너 10디쉬 쉐어코스,105,,,,,,
catchtable_cjLjcWbsz-X1Qf9Rw_ndPQ,우솔,True,weighted_match,185,육회,17,살치,8,안심,6,안창,6,모둠,6
catchtable_SOww6RY4Qlai12oPbUrOcQ,인생한우,True,weighted_match,276,매장내 고기 이용시 홀,115,매장내 고기 이용시 룸,115,한우고기국수,108,한우육회비빔밥,13,한우 육회,13
catchtable_DuPTc9l1msOcGQTQgPaH-A,인량훠궈,True,weighted_match,288,훠궈,171,룸 훠궈,71,가물치 3판,54,새우완자,10,노루궁뎅이버섯,5
catchtable_JwK9OfE3synRhWkC-mbAyg,희옥,True,weighted_match,304,시오라멘,139,블랙쇼유라멘,137,고기밥,20,,,,
catchtable_vVQzLLUJ7c3Op-Wm6ft25A,무벳 MOUVETT,True,weighted_match,247,"돼지 안심 스테이크, 페루식 소스, 당근 퓌레, 적양배추 피클 (무벳시그니처)",28,한우웰링턴 코스 (2인이상 주문가능),27,오리가슴살 잠봉cru,16,"파리지엔 뇨끼, 양송이 소스, 구운 시금치",15,"홋카이도산 생관자, 깻잎 치미추리 콜드 파스타 (생면)",14
catchtable_e9APcEBzhO-2OWIn7DfZQA,이재모피자 서면 중앙점,True,weighted_match,495,이재모 치즈 크러스크 피자 L,154,이재모 치즈 크러스크 피자 S,154,크러스트 포테이토 피자 L,10,크러스트 불고기 피자 L,10,크러스트 불고기 피자 S,10
catchtable_h-9UOgBs4YKBhD4yH2joew,런던베이글뮤지엄 수원,True,weighted_match,4252,당근라페,18,플레인 베이글,14,꿀,12,블루베리 베이글,12,아메리카노,9
catchtable_cuF2zPCotzMrHw8owVLZ6w,을지로 볼(ball),True,weighted_match,404,해산물 도시락,15,사케,15,트러플 라멘,4,오뎅바,4,감자튀김,4
catchtable_HwZuxJT6xWWNZmqfRvugvg,김철수스시선수,True,weighted_match,267,오마카세 초밥(요리사에게 맡기다),66,,,,,,,,
catchtable_GJpZ5_QAfR3-CKzrin-tOA,다올 숯불구이 명동점,True,weighted_match,130,돼지양념갈비 정식(250g),64,돼지양념갈비(250g),50,소양념갈비(220g),16,다올 전통된장찌개,10,다올 삼겹살 정식(150g),9
catchtable_jnxupmRNZ5tssB03RZWLKQ,Harbour,True,weighted_match,865,오징어 카사레치아 파스타,9,바질 토마토,6,요거트 머랭 아이스크림,5,치폴레 라구 아란치니,3,서프 앤 터프 스테이크,3
catchtable_lThbGncIYbSutS956RCJkg,풍원장집밥 명지점,True,weighted_match,700,한식뷔페,130,음료,19,어린이(48개월초과~초등학교6학년이하),2,유아 (48개월 미만),1,,
catchtable_XC2XNL8y9IiXBg9Rv2N03Q,아루히 모모,True,weighted_match,415,,,,,,,,,,
catchtable_ypVDmQnkiAF7TSbhfNy6Bw,니꾸바키라,True,weighted_match,689,런치 오마카세,84,니꾸바키라 오마카세,83,채끝등심,7,업진살,6,,
catchtable_mxEp2YjJxWEg06_keY5Cbg,바샤커피 청담 플래그십 스토어,True,weighted_match,704,"아이스 막달레나 커피, 신선한 오렌지 주스",361,마다가스칸 바닐라 커피 밀푀유,345,"스팀밀크, 마르칼라 엑설런스 커피 얼음",340,"티라미수, 비엔나 던 커피",339,Takeaway 커피,338
catchtable_HDokvGry71tVuvi-SST9IQ,스시소라 대치점,True,weighted_match,3100,런치 룸 스시오마카세,1038,디너 룸 스시오마카세,1038,런치 카운터 오마카세,294,디너 카운터 오마카세,294,,
catchtable_nNJ3Xo7sECCuSFfTIRGQkA,키츠,True,weighted_match,101,시그니쳐 덮밥,10,양갈비 수육 (2인분 240g),8,生 양등심,4,숄더랙 生 양갈비(±120g),3,특제양념숄더랙,3
catchtable_z9tPTwdtTJA7a1tz860VMA,라모라,True,weighted_match,254,한우1++ 채끝등심 넘버 9 (300g),5,POLPO,2,CACIO E PEPE,1,SCOGLIO,1,,
catchtable_cmNFn9ncj0Oe2rM7w-SjbQ,한와담 가든,True,weighted_match,157,한우불고기볶음 & 된장찌개,7,차돌깍두기볶음밥,6,한우 등심 솥밥,6,한우 등심,6,한우 꽃등심,6
catchtable_b2JnWZ7OKv5h6yoJrrWhLw,아장아장 아빠가만든전복장,True,weighted_match,311,구운 알배추샐러드,62,토마토해장파스타,31,저염전복 비빔(밥)[2마리],19,저염 전복장덮밥,17,전복게우 크림스파게티니,8
catchtable_PBt4gWLTHLuwfLHVGZZxYg,가락골 마산아구찜,True,weighted_match,203,"아구찜, 아구탕",44,"해물찜, 해물탕, 낙지찜",26,낙지볶음돌솥밥 2인,14,갈치조림돌솥밥 2인,2,,
catchtable_knTUYxSdvTmj2VYrZ67vMw,차경,True,weighted_match,1219,와인,223,전통주,35,명란메밀면,15,삼계리조또,9,감태에 올린 육회,4
catchtable_Uu2NmxuE7zv8Qm8bnt_sdg,무색 MUSAEK,True,weighted_match,1413,사바보우즈시,12,빠다야끼,7,후토마끼,7,카이센 토마토 나베,6,뉴 키레이나 스시,4
catchtable_ZBPo7gzX1Pv72eST-upbLw,희릿,True,weighted_match,1415,뇨끼,261,비프웰링턴,221,뽈뽀,30,트러플 파케리 파스타,16,안심리조또,10
catchtable_5F684bGyzsKQRb9qor_ZmQ,조앤도슨 연남본점,True,weighted_match,145,,,,,,,,,,
catchtable_XWImY8vUgEbjok7N-lWOiA,에디슨바이댄,True,weighted_match,218,베이컨 스테이크,8,치미추리 치킨 스테이크,3,명란 크림 리조또,2,라구 리가토니 파스타,1,버섯 크림 파스타,1
catchtable_3aAKR1QGtgfxk4w9t8bB9g,투떰즈업,True,weighted_match,571,밤모스,27,블루베리,22,맘모롤,14,오페라라라,12,피스타치오 딸기,11
catchtable_FEGGqgUlJf2Rbm9HqGpuPQ,표주,True,weighted_match,370,김치전,9,백숙 리조또,5,오징어순대,5,항정 미나리,4,회 무침,1
catchtable_ibX67vcFDmSbnG8kxV00-Q,해천어부,True,weighted_match,189,별주부전 랍스터 물회 코스 별주부전 랍스터 물회코스 (2인이상 주문가능),44,핫앤스파이씨 랍스터 먹방 세트 핫앤스파이씨 랍스터 먹방 세트 (2인이상 주문가능),33,용왕님 스페셜 랍스터 코스(2인이상 주문가능)1일 5테이블 주문한정판매,14,만세하는 랍스터 코스 (2인이상 주문가능),12,트러플 랍스터 버터그릴 (2인이상 주문가능),4
catchtable_23Zfpn_eZiKwjZEQ_e06pQ,HON 하우스 오브 신세계,True,weighted_match,380,최상급 한우 투플 사로인 야키 (1인),76,[고기 추가] 이베리코 흑돼지 목살 80g,40,[고기 추가] 한우 채끝등심 1등급 80g,36,[고기 추가] 한우 투플 채끝등심 80g,35,[야채 추가] 샤브샤브 야채 1인,28
catchtable_bUdPDSPg-hooDl3G1Ufd7A,스시센몬,True,weighted_match,934,런치 오마카세,192,디너 오마카세,187,레몬,22,음료,2,화요25,1
catchtable_U4DwPsztMwJAnB6VCPfJbw,몽중헌 강남점,True,weighted_match,725,유린기,15,춘권,9,북경오리,5,어향새우가지,5,하교,4
catchtable_mRP4lQjQfqYaF22aGjzqTQ,미나미 서초점,True,weighted_match,316,우니,18,니신소바,16,카모소바,5,참치소바마키,4,스키야키소바,4
catchtable_xGPk4s7zgi9QuOLWddFXXQ,이딸리아,True,weighted_match,157,라자냐,11,봉골레,5,까르보나라,4,티라미수,4,깔라마리,3
catchtable_pvmOfDUvY-q3tX47bSAq-g,PEPE SINSA 페페신사,True,weighted_match,592,Octopus,1,Gnocchi,1,Truffle,1,Tenderloin,1,Tiramisu,1
catchtable_4qhwNTthoSSzrBQDwbo0hw,스시부엌,True,weighted_match,500,사시미코스,113,스시코스,79,부엌스페셜 오마카세,54,부엌 오마카세,50,,
catchtable_cKuH0p9j5MQZaEeeVXR-wQ,바랗,True,weighted_match,315,갈치조림,3,특회,3,성게삼합,2,안주물회,2,성게비빔밥,2
catchtable_nLBZb73J3U4lA4jfcbVseg,레스토랑 오와이 OY,True,weighted_match,426,코스 메뉴,50,,,,,,,,
catchtable_Bc17sELzBzWcRqcQBEdWNg,우와 명동점,True,weighted_match,269,토마토새우 오코노미야끼,45,클래식 야끼소바,36,시오 돼지고기 야끼소바,34,바질페스토 야끼소바,31,클래식 오코노미야끼,17
catchtable_9Ch2kAPlXkYG2oMd7g2pHw,더이탈리안 클럽,True,weighted_match,2035,뇨끼,141,봉골레,45,티라미수,35,깔라마리,35,화이트 라구 파스타,25
catchtable_AtN4crNPpO2dX28cDc4FLA,오마카세 오사이초밥 송도점,True,weighted_match,151,코스 초밥,27,런치 스시 오마카세,10,디너 스시 오마카세,10,왕새우튀김2pcs,4,추가 피스 세트(우니 + 장어 + 오도로 + 왕새우튀김1ps),3
catchtable_P9D-m5KetnKKHtiyCY_5sw,거북이동네 용호점,True,weighted_match,114,가족 세트(800g),9,,,,,,,,
catchtable_iItUroA34bErCd3-wu00AQ,울타리 곱창,True,weighted_match,212,야채곱창,20,치즈곱창,18,소금막창,15,데리야끼막창,8,오돌뼈,5
catchtable_oCsLByJjPqK_9yWR5Abbzg,파작,True,weighted_match,210,잠봉 트러플 허니버터,4,알티엠,3,애플민트 스리라차 닭가슴살,2,유러피안 코호 연어 샐러드,1,샌프란시스코 크랩 샐러드,1
catchtable_62_c95EswpWwWWRqQLA7wQ,문스타파 공덕점,True,weighted_match,174,미트볼,4,미트볼 파스타,3,하몽 시저 샐러드,1,머쉬룸 알 아히요,1,봉골레 파스타,1
catchtable____hqftxRtd_VbN9Ciy-dQ,타츠 로바타쇼 신사,True,weighted_match,208,모듬 야채구이,1,숯불 명란 오니기리,1,시메사바 봉초밥,1,해산물 토마토 나베,1,해산물 나가사키 나베,1
catchtable_zbavsAaZf3suiidFBhFGnw,국보가든 삼성본점,True,weighted_match,111,생일/청첩장 모임 이벤트🎉,15,수제 양념게장/요아정 아이스크림🎁,10,국보 한우 양념갈비 정식,8,국보 한우 양념갈비 200g,8,국보 설화 양념갈비 정식,7
catchtable_QItfMOwN7t4KBfO80x9_WQ,쇼니노,True,weighted_match,3471,Lemon butter chicken,1,Homemade tiramisu,1,,,,,,
catchtable_BAkG8SVrtC60hpELMcW1kA,마리스테이블 MARI’S TABLE,True,weighted_match,114,누룽지 해산물 스튜,9,마리 홈메이드 라자냐,5,바나나 브륄레 프렌치 토스트,5,무화과 프렌치 토스트,5,수제 떡갈비 함박 스테이크,4
catchtable_IKUWa2YFiYvSxITLSzqP8A,삼동소바 하남미사점,True,weighted_match,263,삼동소바,19,유부초밥,10,꾼만두,5,온소바정식,3,대게튀김,3
catchtable_o6DfMZ3FRDEhcXWanGXN2w,팔당원조칼제비 본점,True,weighted_match,337,죽,39,해물파전,12,감자전,11,얼큰칼제비,8,부추전,7
catchtable_9Ea08nF_FMdQ6pOR71lzWA,스시아오마츠,True,weighted_match,1894,런치,180,디너,145,토요일 및 공휴일 런치,3,,,,
catchtable_GUskrFtOhtd2pJ178sHN1w,웨스틴조선서울 루브리카,True,weighted_match,527,고메 딜라이트 코스,59,쉐어링 딜라이트 세트 (2-3인),2,,,,,,
catchtable_rRQ7DpSgomJ9xf70-jPsbQ,르쁠라,True,weighted_match,471,라비앙 로즈 안심스테이크,49,갓브로콜리(스페셜요리),30,마들렌 오 미엘 1pc,15,소르베 시통 바질릭,11,에스까르고 드 브르고뉴(달팽이),6
catchtable_SeDzPcM4V-KQ-qnDKBrBxA,거대곰탕,True,weighted_match,1089,이북식만두/김치손만두 한 접시(6pcs),126,고기곰탕 (맑은곰탕 / 뽀얀곰탕),83,김치손만두 한 접시(6pcs),60,김치손만두 반 접시(3pcs),60,모든 탕메뉴 특 주문시,39
catchtable_vKP5KZa5dRRKjg2Vq4aq2A,이재모피자 서면 본관,True,weighted_match,2510,이재모 크러스트,29,오븐치즈스파게티,8,페퍼로니 스파게티,6,상하이 파스타,4,불고기 피자,4
catchtable_pPQIkGx-VxPsvaZV9ZLD3g,쇼쿠도카이,True,weighted_match,173,고등어봉초밥,15,연근튀김,3,오마카세 코스,3,테마끼스시,1,모찌모찌,1
catchtable_t6n39M9nQvYZNiRNiJhgDQ,용산피보,True,weighted_match,167,"All You Can Drink *리스트는 매일 변화하며 (총 8종 (칵테일3,스파클링1,레드와인2,화이트와인2)",3,Pivo Pasta,1,주류 메뉴,1,,,,
catchtable_g4SXm4--vmvkhtlGHqSrtw,신도세기 도곡직영점,True,weighted_match,381,"세기의 킹덤 특선세트[가족 & 회식 & 모임 대표메뉴]1,040g",56,14일 숙성 금돼지 삼겹살 150g,35,14일 숙성 금돼지특목살300g[2인분 기준 제공],27,14일 숙성 금돼지 숄더랙 380g[2인분 기준 제공],27,20일 숙성 금돼지 본삼겹 360g[2인분 기준 제공],22
catchtable_DzxVUvuCm2XhkNeDcorOSQ,자연활어 수정궁,True,weighted_match,476,상견례특선: 예향정찬,43,상견례특선: 예향오찬 (점심),42,심해대구조림정식 (다이닝홀 전용),15,심해대구조림 (다이닝홀 전용),11,어린이정식 (다이닝홀 전용),9
catchtable_kiFKeTd2gfukd3t9YNVJKg,미니타이,True,weighted_match,117,똠양쌀국수,5,뿌팟퐁커리,4,쏨땀,3,텃만꿍,3,창,1
catchtable_UBCxKHI-Zku7Quk5fZ5mSg,엘리펀트 빌리지,True,weighted_match,1096,투움바 파스타,145,스테이크 볶음밥,102,샥슈카,45,태국식 새우 볶음밥,42,,
catchtable_uMiDctziahSMAjpOIhpCxQ,마초스테이크 수원직영점,True,weighted_match,378,마초 립아이 스테이크,75,마초 한우 등심 스테이크,55,리베라 비법소스(추가),53,마초 한우 안심 스테이크,49,1파운드 추성훈 스테이크,47
catchtable_Yz3epFbAfO01XiLYwkV3bQ,최강금돈까스,True,weighted_match,1424,안심돈까스,491,안심돈까스 추가(0.5인분),476,등심돈까스,437,상등심돈까스,423,등심돈까스 추가(0.5인분),408
catchtable_-i-zX4U8glAqmAjaX4O9-g,양대산맥 군자,True,weighted_match,101,양갈비 수육 200g,58,오이탕탕이,18,양갈비 쌀국수,9,사천식마파두부,9,양갈비 전골 소 (300g),6
catchtable_bkE8_IxaFlTNkaqdjzi2ZQ,안민 명지,True,weighted_match,201,生돼지 통 목살,17,生돼지 껍데기 항정살대표,11,生돼지 통 삼겹살,11,항아리 순두부찌개,9,生돼지 특수부위 모듬,9
catchtable_llZlxIlQ2_kPY46fLn2_CQ,우브리앙,True,weighted_match,248,한우 양념 갈비살과 조개 된장찌개 반상,25,셰프 특선 맡김차림,25,런치 오마카세 라이트,23,디너 오마카세 라이트,21,고추장 한우 육회 - 150g,11
catchtable_Y4UqUr1eZWLedKo2-c--ag,육즙당 광화문점,True,weighted_match,115,고기순두부찌개+공기밥,74,고기순두부찌개 추가,73,소고기육개장+공기밥,3,소고기 육개장,3,돌솥밥,2
catchtable_7dQTO7_vRXRp5bMtZRwfBg,Pimfy 홍대,True,weighted_match,511,Australia Toowoomba pasta 페투치네 투움바 파스타,46,Fettuccine truffle cream pasta 페투치네 트러플 크림 파스타,45,"Chop,french rack steak 차이브 찹 양갈비 프렌치렉 스테이크",40,Salad pasta 샐러드 파스타,37,Spicy Bacon Tomato pasta 매콤 베이컨 토마토 파스타,36
catchtable_EekSYIqJmM8GG_etvG8YvQ,씨네드쉐프 압구정,True,weighted_match,374,몽탄 짚불 우대갈비 코스,49,그릴드 미니코스,42,LUNCH 3코스,41,LUNCH 4코스,41,LUNCH 5코스,41
catchtable_TNPtYcDjRreBpR-kqXHsJg,야키니쿠 우,True,weighted_match,135,모둠야채,10,A++한우 낙엽살 100g,6,A++한우 갈비본살 100g,5,A++한우 업진살,5,A++한우 제비추리,5
catchtable_w0AwnVhMD3Oi0W1a8S_UjQ,소울 SOUL ,True,weighted_match,1392,별미진미 Set,16,,,,,,,,
catchtable_JJzK5-zdej8rxwwMumd6qA,한올,True,weighted_match,144,살치살스테이크리조또,15,명이 항정살 구이,12,알배추구이,8,완도 전복,6,갈치 속젓,6
catchtable_xn3J6irHL-PJlm8DvvTzPg,그린퍼센트,True,weighted_match,203,꽃다발,10,크림트러플 머쉬룸 라자냐,10,볼로네제 라자냐,10,토마토 절임 & 부라타 치즈,4,치즈 플래터,3
catchtable_aLnjGaFV4d4NMbWQxqKMjA,설담,True,weighted_match,235,설담 시그니처,2,프라이빗 룸,1,런치 C코스,1,런치 B코스,1,런치 A코스,1
catchtable_dASyoqhMwV-p-HQj3Xxm6g,까사지안나,True,weighted_match,187,올리브,11,띤또 데 베라노,2,살모레호 토스트,2,뽀라스,1,끌라라 꼰 리몬,1
catchtable_kIalqSGMsWncQ5kcN0XsUA,아올,True,weighted_match,227,우대갈비,96,아올 뇨끼,4,파스탉,2,아올 프렌치랙,2,탕수카츠,1
catchtable_bpnyu14VA3DmySu5JidT9A,몽중헌 반포점,True,weighted_match,928,유린기,14,춘권,9,북경오리,8,팔보채,4,구채교,4
catchtable_00prRPlpJZA3Et21ucnD6Q,르오뇽,True,weighted_match,958,[예약주문] 기념일 케이크,131,런치 코스,126,디너 코스,122,,,,
catchtable_-dsP3fLWOm8Oi3ZCLYxjZg,스시 시오미즈,True,weighted_match,252,디너코스,15,런치코스,14,,,,,,
catchtable_akhZjiySpJ1EvU7zofzcyg,지유켄,True,weighted_match,256,마파두부,43,탄탄멘,14,중화소바,12,완탕,9,가지튀김,8
catchtable___SqT3QKV8KX5l0o99htLQ,어거스트힐,True,weighted_match,327,티본 스테이크(700g),60,토마호크 스테이크(700g),40,새우 오일 파스타,29,새우토마토파스타,27,치폴레 페퍼 크림 파스타,26
catchtable_1b7jwfxl5H_p975iknxekw,소울한우 마포도화 본점,True,weighted_match,214,504시간숙성 특안심100g,12,차돌된장술밥,9,풍부한 육즙의 한우육전,8,불고기 버섯 전골,6,간장게장 들기름 막국수 정식 (2인 이상),5
catchtable_sQPt8wlQTSXeG8LbZugDxA,임피아또,True,weighted_match,244,찰토마토소스 파스타(건면),53,돼지감자와항정살구이,39,제노베제 파스타(건면),37,트러플 딸리올리니,25,채끝등심스테이크,25
catchtable_dXLpRXbqpceErjAv4Cq39A,한가향,True,weighted_match,143,연향 코스,24,천향 코스,23,감향 코스,23,화향 코스,23,일향 코스,23
catchtable_U2aWIm9xXePuIr-IFcCYjw,제너릭,True,weighted_match,245,,,,,,,,,,
catchtable__w3tZBwvrGzwG0yKAA84BQ,수변최고돼지국밥 광안점,True,weighted_match,1046,항정국밥,143,항정수육,27,고기국밥,20,수육백반,17,항정수백,10
catchtable_XGZ4Ldt3lvBgj3V-4rxIsQ,스케줄 성수,True,weighted_match,2368,하이볼,6,콜키지 프리 이벤트,3,페퍼로니 피자,2,볼로네제 파스타볼,1,칵테일,1
catchtable_0BKwHE3n4o8q0KGwNx2sSQ,일편등심 홍대점,True,weighted_match,111,한우1++ 된장밥,15,한우1++ 육회,6,육회 냉면,6,한우케이크 (총 840g),5,한우 특상우설,5
catchtable_mS3oYW-vZzr7bSsHRJ_WeQ,한우반상,True,weighted_match,172,한우반상코스 - 간장게장,27,한우반상코스-채끝스테이크 1++No9,22,한우반상코스-양념갈비 1++No9,20,연평도 암꽃게 간장게장,15,한우반상코스 - 떡갈비,14
catchtable_QczXv9PBoUVZP1BcEpAGQw,아누보,True,weighted_match,235,아누보,7,,,,,,,,
catchtable_V0uF0YYYvrxNaI-bCanKXA,고량주관 하우스오브 신세계 강남점,True,weighted_match,499,어향가지새우튀김,8,잔술 코스,4,양지볶음밥,3,마파두부면,3,우육탕과 볶음밥,3
catchtable_SrT_ZbpW2bM-3s1KFXi-ig,명지도 금옥갈비,True,weighted_match,109,(우대) 生돼지갈비 180g,7,버섯 들깨탕,7,[점심특선] 산더미불고기,5,보리 비빔밀면,4,[점심특선] 한양식 샤브불고기,1
catchtable_9fbzBdr5hQIytDO870lrYg,어슬 도곡,True,weighted_match,213,감자전,15,항정살 오일 파스타,2,어슬 소갈비찜,1,누룽지 떡갈비,1,우렁된장 크림 리조또,1
catchtable_ZkgYAR9xBAK2Ku9kd3Zdow,더 리버사이드 호텔 뷔페 더가든키친,True,weighted_match,121,,,,,,,,,,
catchtable_K0TLnxv2AhuZjuzf6_KvzQ,붓처스컷 도산점,True,weighted_match,1019,한우 티본 스테이크(750g),238,함박스테이크 & 갈릭 라이스,201,프렌치 어니언 스프,32,프라임 립아이(200g),32,한우 안심(200g),32
catchtable_-ccb9RqhB32hlTW3ehllKw,피제리아 디 파올로(PIZZERIA DI PAOLO),True,weighted_match,144,리코타치즈 샐러드,28,그릴 야채 샐러드,13,알리오 에 올리오 파스타,12,잠봉 크레마 파스타,12,화이트 라구 파스타,12
catchtable_mODxkMWNSjpRltDVm30Kiw,심경희라라랜드 여의도,True,weighted_match,241,56시간 숙성 참숯 LA갈비,43,56시간 숙성 매운 LA갈비,43,신라면투움바리조또,39,우렁이 된장술밥,19,열무 칡 불냉면,7
catchtable_sLOvKNJWMo6h-ivl-RK40w,h245,True,weighted_match,126,어란 파스타,53,육전,17,화이트라구파스타,12,Toyo플래터 2인기준가격,9,양갈비스테이크 유럽식 400g,5
catchtable_sQG8szmE8dm3KIgq8CJ7Zw,모던눌랑 여의도점,True,weighted_match,277,XO소스 게살볶음밥,12,블랙페퍼 안심 스테이크,8,동파육 with Buns,8,올데이 A,6,올데이 B,6
catchtable_s3mJJjSyLI6TJVnbCueabA,숙성도 송도점,True,weighted_match,161,720 교차숙성 흑돼지(앞다리),15,된장술밥,8,720 발효숙성 목살,8,960 숙성 뼈등심,7,720 발효숙성 흑삼겹살,5
catchtable_uAtERzhojb7Ji0cLVloBzA,물푸레,True,weighted_match,158,해산물 스튜,3,서리태 마스카포네,3,쭈꾸미 파스타,1,레몬그라스 램 스틱,1,뽀모도로,1
catchtable_QBMPQSgEXetltYDKF3ev6A,요코소,True,weighted_match,699,점심 스시오마카세,192,디너 오마카세,124,,,,,,
catchtable_rOQSqGadShBbbhQNzcUr9w,심퍼티쿠시 서울역점,True,weighted_match,953,차돌 고사리 파스타,12,우대갈비 리조또,5,들기름 마요 알배추 샐러드,4,고추오일 명란크림 파스타,4,김치볶음밥 아란치니,2
catchtable_Mv0P-2H1qwygWm9c3EwP8w,현우동,True,weighted_match,143,카케 우동,11,토리텐,5,니꾸 우동,3,템뿌라 우동,3,치킨가라아게,2
catchtable_ZJEVN3Sl-zCWveBssax2uA,설성목장 타워팰리스점,True,weighted_match,105,설성한우 불고기 정식,14,한우 안심,11,한우 등심 불고기,11,설성한우 특선 모둠구이 정식,9,한우 등심,7
catchtable_krSZXjqgof8z1z40feqGLg,오마카세 오사이초밥 잠실송리단길점,True,weighted_match,214,우니,36,런치 스시 오마카세,18,디너 스시 오마카세,18,주류,6,추가메뉴,1
catchtable_01St9xOQkZmQgi3wieXJVA,솔솥 연남점,True,weighted_match,206,유린기,4,스테이크솥밥,4,도미관자솥밥,4,연어솥밥,3,돼지고사리솥밥,2
catchtable_eTLK3D3Q19g8swcPTpaOow,대가원 서울 본점,True,weighted_match,109,백합탕 샤브샤브 세트,21,백합탕 낙지 샤브샤브 세트,19,백합탕 해천 샤브샤브 세트,19,1++ 순한우 암소 생등심,18,한우 육회 비빔밥 & 미니 백합탕,18
catchtable_6rRjVVBRo4K-yiN3tnED4w,런던베이글뮤지엄 인천,True,weighted_match,659,꿀,3,무화과 베이글,3,플레인 베이글,3,메이플 피칸 크림치즈,3,아메리카노,2
catchtable_OSN_abnWWmQfV3IS3azY7g,연주방 송리단길점,True,weighted_match,183,모듬해산물,13,연포탕,10,해물라면,9,미나리낙지전,4,낙지비빔밥,4
catchtable_HZKBN4U1O6Soh_bsMqnuEQ,버섯집,True,weighted_match,479,들깨버섯탕,137,버섯생불고기전골,74,눈꽃버섯탕,28,얼큰/맑은 버섯탕,17,,
catchtable_9kSXC001za3OWjPWr5q44g,수변최고돼지국밥 마린시티점,True,weighted_match,115,항정국밥,6,고기국밥,3,순대고기국밥,1,수육백반,1,항정수백,1
catchtable_9vuKGqgeJFFGveve7UPtWA,브렛피자,True,weighted_match,100,하클렛,5,에푸아스,3,마르게리타,2,화이트 클램 파이,1,수퍼 페퍼로니,1
catchtable_OYdNvVXa-3xmOLoKqpNozA,알돈 ,True,weighted_match,132,만남의카츠,8,치즈카츠,8,안심카츠,7,등심카츠,3,카츠산도,3
catchtable_w7U594xi_TLRURthC5sOgA,해담채 남부터미널점,True,weighted_match,183,해초고등어 반상,19,가족특선,13,보리굴비 정식,9,해담채 정식,8,활우럭매운탕 정식,8
catchtable_XrBCX7TIYGHmJpBYtY5GBg,모담다이닝 어반 여의도점 IFC몰,True,weighted_match,173,수제 떡갈비와 전복구이,4,수라상,2,보리굴비와 은이버섯,2,미나리 한우 육회 비빔밥,2,모둠해물장과 감태버터밥,2
catchtable_A9Bahp1qqbHF1LaxVEuuOA,스시리큐,True,weighted_match,1346,런치,110,디너,89,,,,,,
catchtable_vUpRs_Armbv-ZeDCbLkgCQ,리브(REEVE),True,weighted_match,146,차완무시,3,스파이시 나베,1,전복 공심채 볶음,1,참소라 내장소스 파스타,1,보우즈시,1
catchtable_uMYJH0jJ75TIfMWzyMYBjA,스시코테이,True,weighted_match,765,런치 오마카세,96,디너 오마카세,95,,,,,,
catchtable_hrzZ79Rzbb7EgM7qrgkN1Q,스시렌마,True,weighted_match,525,런치 오마카세,62,디너 오마카세,62,,,,,,
catchtable_NY8Z5CSIDt8ZgbW_GFyCaA,출입구,True,weighted_match,326,1인 디너 오마카세,14,,,,,,,,
catchtable_qkUTwHUnWrRgn_UqL_9XrQ,냉수탕가든,True,weighted_match,312,오리불고기,43,도토리묵,11,오리백숙,6,토종닭백숙,2,옻닭,1
catchtable_5YIjpuYZnMurqSxqCoH1HA,정우,True,weighted_match,194,카이센동 정식,3,열구자탕 정식,1,++1 한우 스테이크 정식,1,,,,
catchtable_rASepOe7dDNRN8_uuFNhRA,히비,True,weighted_match,426,고등어 봉초밥,23,멘치카츠,8,히비마끼,4,모로큐,4,얼그레이 하이볼,4
catchtable_HJmcLy7S8qT7EXxakd2JTA,83해치 광안리점,True,weighted_match,569,된장술밥,34,비빔냉면,17,통목살,17,얼큰해물라면,8,갈매기살,5
catchtable_JGKeIVHRxN1xENlnba9U1g,스시심타카이,True,weighted_match,1517,런치 오마카세,210,디너 오마카세,210,,,,,,
catchtable_wGgsTgCXfvJWvn1IvER7FA,완스,True,weighted_match,295,감자튀김,5,스지 파스타,4,채끝 스테이크,2,양갈비 스테이크,1,홍새우 타르타르,1
catchtable_bfG8l8CECLyPLER_XlwGrQ,요아케,True,weighted_match,157,시오라멘,48,아지타마 시오라멘,33,쇼유라멘,13,아지타마 쇼유라멘,9,,
catchtable_2aC8PHt9dJb91PycwkydJA,시그니엘 서울 STAY,True,weighted_match,249,,,,,,,,,,
catchtable_nu5CgGPvtvTj7GWIBYcbiA,고료리 켄,True,weighted_match,108,오마카세 코스,20,,,,,,,,
catchtable_UIcy6gbH2LnJ9UINjUFdwQ,진작다이닝 용산점,True,weighted_match,515,카이센동,29,후토마끼,26,사케동,19,호르몬동,11,돈토로동,9
catchtable_Vjn99tLT1LoWapGRzlSn4A,몽상가,True,weighted_match,314,토시살,13,늑간살,10,짱꼬나베,10,튀긴양파흰쌀밥,9,부채살,8
catchtable_NYW9VmSfB1BOIySJrQyEqw,탄토탄토 Tanto Tanto,True,weighted_match,215,하우스 스테이크,3,라자냐,2,BBQ찹스테이크,1,미나리 봉골레,1,명란 알리오올리오,1
catchtable_T4cQvdDcikNAhCm6B9aUKQ,스시코호시 동탄점,True,weighted_match,1782,,,,,,,,,,
catchtable_qXdjKhUSNeIqk8jtZZMoMg,북한강막국수닭갈비 삼봉직영점,True,weighted_match,591,메밀전병구이,19,메밀막국수,15,숯불닭갈비,12,,,,
catchtable_-hj9GwSiYKqnRCjTASseMw,청기와타운 홍대점,True,weighted_match,106,15cm 수원왕갈비,19,서울왕갈비,10,LA양념갈비,10,생갈비,9,15cm 생왕갈비,8
catchtable_4iEgaAYA14tkRX8GF0ubSg,오마카세 오사이초밥 부천신중동역점,True,weighted_match,231,가지구이 초밥,52,간장새우 초밥,46,도로(참치뱃살) 초밥,43,초밥 추가피스 세트1,43,초밥 추가피스 세트2,43
catchtable_xyWvoqyLU_fQyoJsr62yPg,10월19일,True,weighted_match,236,New 디저트4코스,85,New 디저트 6코스,85,New 디너코스,85,1019 낮식당,8,,
catchtable_CoGIfMP_NrQdivXwAuJDUg,용가회전훠궈 안산점,True,weighted_match,332,주말 및 공휴일,7,평일 점심 (~15:00),3,평일 저녁(15:00~),3,,,,
catchtable_HT1faJvS__JBBh3ePjmWbA,서교난면방,True,weighted_match,161,서교난면,29,가지튀김과 라구소스 (6pcs),13,들기름 난면과 모르따델라 햄,12,구엄닭 피편,11,프리마토르 밀맥주 (체코 생맥주),8
catchtable_g41fNBKxk-K7wKvXbZQkEw,대궐막국수 안산본점,True,weighted_match,755,메밀전병,6,고성 동치미막국수,3,황금옹심이메밀칼국수,1,속초 명태회막국수,1,메밀왕만두,1
catchtable_EDN6he1-4qA6vMD6PK7TZg,규카츠정 연남,True,weighted_match,875,규카츠 카레(버터크림/매운카레)정식,338,규카츠 정식,253,규카츠 타마고텐동정식,238,규카츠 점보정식,234,,
catchtable_j7zVin5r2BNpOdnXfSQ56Q,냐옹지마,True,weighted_match,1149,,,,,,,,,,
catchtable_h86zNE0sJi31eipEmr8b1w,온센 본점,True,weighted_match,200,온센텐동,18,이까텐동,6,에비텐동,4,아나고텐동,2,온센 샐러드,2
catchtable_16fHLijUc9sKVzDs0022gw,명품 화덕 고등어 본점,True,weighted_match,298,모듬생선구이 정식(2인),108,수제 양념게장 포장,15,삼치구이 정식,10,갈치구이 정식,10,고등어조림정식(2인),9
catchtable_yDcCGfOqmiKKuxBppQxSBA,일쏠레(IL SOLE),True,weighted_match,134,카다이프 레몬 오일,5,카르토치오,5,트러플 버섯 크림 또뗄리,3,카치오 에 페페,2,한우 찹스테이크,1
catchtable_AjufByOmzU4_4ii7F08bEw,닥터로빈 서초점,True,weighted_match,116,통단호박콩크림스프,21,단호박콩크림스프,21,키즈스테이크파스타 세트,5,구운가지토마토리조또,4,매콤새우콩크림파스타,4
catchtable_RjMARCuOUxwjrFkxlOheQw,스시료코,True,weighted_match,178,스시코스 런치,47,스시코스 디너,47,오마카세코스 런치,35,오마카세코스 디너,35,사시미코스 디너,18
catchtable_KmW2shgc7xAxpY8IzNojIg,세이버릿(Savorite),True,weighted_match,813,뇨끼,106,세비체,44,비스크,38,애호박,21,트러플 아뇰로띠,6
catchtable__lxYsUhsuWxALqcnec44Lg,소연옥 부산광안점,True,weighted_match,238,규카츠정식+연어덮밥정식세트,72,규카츠스몰+비프멘치1/2 정식+우동,30,살치살규카츠스테이크정식+우동(갓성비),24,연어덮밥 정식+우동,24,규스몰+멘치1/2정식+연어덮밥정식세트,20
catchtable_qGkxXn3E4Ea8OhQir6L8bA,송산스시,True,weighted_match,1076,디너,87,,,,,,,,
catchtable_4OFSz6mVb1x1v4icPGeFjA,테모리,True,weighted_match,212,제철모둠사시미 2인,36,오마카세 1인,29,테모리 초밥,21,후토마끼,10,,
catchtable_-CqM-1H12sNKYtFaDcJ9Kg,버드나무집,True,weighted_match,426,뼈구이,103,계란찜,69,주먹밥,51,라면사리,13,볶음밥,13
catchtable_McknNfddJZyNrwruQDSzZw,소이빙수,True,weighted_match,210,팥,56,팥빙수,14,인절미빙수,6,녹차빙수,4,눈꽃만,3
catchtable_el1xeL1AzNBFGShT8SuOEg,모락샤브 강남점,True,weighted_match,194,나가사키 육수,14,맑은버섯 육수,14,얼큰버섯 육수,14,스키야키 육수,13,야끼소바,10
catchtable_WSzMfPK28yH6437YcMg6uQ,인손 서울,True,weighted_match,876,숯불 삼치 구이,110,계란말이 어쩌구 (매콤소스),57,딱새우반 중뱃살반,52,명란구이,50,딱새우 회 한접시 (20마리),37
catchtable_e0K92dK85jUrnsFhC5bvkw,라이베쿠헨,True,weighted_match,221,에그인헬,101,슈니첼,46,그릴드 소세지 (단품),8,토마토 파스타,7,치즈 라이베쿠헨 & 소시지,6
catchtable_G1VUMcGd02KPyadSccu0Cg,후라토식당 잠실직영점,True,weighted_match,336,규카츠,187,반숙 오므라이스,19,새우튀김&치킨가라아게,18,스테키 정식,9,스테키 덮밥,9
catchtable_2gZr3nLCl9DP4LCRLswXKQ,스시오마주,True,weighted_match,2624,디너오마카세,340,런치오마카세,339,,,,,,
catchtable_fUrpFV07K05x05FuWIg50g,정각 망원본점,True,weighted_match,130,340정각 프리미엄 돈치살 150g,11,직화소갈비 된장찌개/술밥,8,340정각 특상 목살,6,들기름막국수,4,망원막국수,3
catchtable_iGy5krfru50lBTTNh-JFCA,맷돌,True,weighted_match,455,참다랑어 토스타다,8,관자 토스타다,1,돼지고기 까르니따스 따꼬,1,멕시칸 초리조 따꼬,1,"과카몰레 딥, 수제 또르띠아 칩",1
catchtable_P2K6QRVeHUAzKEovOyv_hA,리르,True,weighted_match,360,감바스 오일 파스타,2,메가크런치,1,김퓨레 파스타,1,화이트 라구 파스타,1,시저 샐러드,1
catchtable__dxS4jQL7jCcqyRGs-3DVg,녹지 다산점,True,weighted_match,326,명란파밥,12,숄더랙,3,프렌치랙,2,소고기 장터국,2,우 세트,1
catchtable_LMTNAnFNvFXFOnGBc5imfw,정돈 강남점,True,weighted_match,100,등심&안심돈카츠,26,새우&안심돈카츠,24,새우&등심돈카츠,16,스페셜 등심돈카츠,14,카레,12
catchtable_77FODm-30SOS8IsPYPeeYQ,리파인 신사역 가로수길점,True,weighted_match,1846,감자전,191,우대갈비,130,크림수제비,41,우삼겹청양파스타,23,아란치니,20
catchtable_HhO9qD0W_nlpeCWvS_ttlQ,르도헤,True,weighted_match,1173,,,,,,,,,,
catchtable_P-7527PaynmWAGB5o_dvmw,보길도,True,weighted_match,690,콜키지/ 와인/사케 720미만1병당,12,콜키지/ 위스키/일본쇼추,3,,,,,,
catchtable_ED1_drgQ1EtEEQpTK3Ft9A,한우온,True,weighted_match,103,암소한우 꽃등심 볶음밥,4,양송이 플레이트,4,암소투플NO.9채끝등심,3,우니한판과 육사시미,3,안심팝콘,2
catchtable_MJY9waJ5t98mMMBSVK2UYA,퀴바라 qui va la,True,weighted_match,551,"부르기뇽, 레드와인에 조리한 소고기 찜요리",213,트러플 파테와 버섯 파스타,82,빠리지앵 뇨끼와 블루치즈 소스,65,팬에 구운 도미와 베흐블랑소스,40,오리다리 꽁피와 렌틸 콩,18
catchtable_Xn40W6B2j-8SAMkDxkZ7og,광안리 언양불고기부산집,True,weighted_match,181,언양불고기,38,등심,16,육사시미,2,,,,
catchtable_B2L7CLnDOwaqm2tBD9G1pQ,루왁 ,True,weighted_match,221,라멘,24,껍질,6,치킨버거,6,염통,5,날개,4
catchtable_FUSIcKH3CbQYi20_BSU3_g,아루히,True,weighted_match,609,주류 주문이 필수입니다. (콜키지 불가),57,디너 1부,1,,,,,,
catchtable_pEbHOAbxwJ0bBekAXtCKog,스시아키라,True,weighted_match,1032,런치 테이블 오마카세,196,디너 테이블 오마카세,196,런치 카운터 오마카세,174,디너 카운터 오마카세,174,,
catchtable_YUtYdsahwJDZpRv9Q3WftQ,스시미루,True,weighted_match,1553,런치 오마카세 카운터,224,디너 오마카세 카운터,224,런치 오마카세 룸,220,디너 오마카세 룸,220,"룸 사시미코스 (금,토,일,공휴일)",77
catchtable_nJrQtC4cqHgQhQzoPWkrnw,스시키요시,True,weighted_match,682,디너 오마카세,84,런치 오마카세,83,,,,,,
catchtable_WwSm6b9NBlJQqVvZ0wAX8w,세카로 스테이크 송파본점,True,weighted_match,119,주류 무제한,47,월드 스테이크 무한리필,47,세카로 스테이크 무한리필,38,,,,
catchtable_KVj-Vo3FSLPqZleJVDOpdg,용이초밥 광안리점,True,weighted_match,237,연어초밥 세트 13P,6,소고기초밥세트 8P,3,활어초밥세트 14P,2,,,,
catchtable_f-hAc1Kqe1KKrK-xOOFMeg,컴피,True,weighted_match,211,화이트와인,43,레드와인,39,새우 비스큐 파스타,23,까르보나라 피자,16,살라미 피자,15
catchtable_ur2_GGS8ot1WMi8hNZV6vg,수린 광교,True,weighted_match,563,"주말, 공휴일 코스",71,수린 코스,70,런치코스,69,한우스테이크솥밥,58,한우구이반상,57
catchtable_LSn2rJaQ1kMzfXHuS_W9IA,요리하는남자,True,weighted_match,174,까르보나라,6,청포도리코타치즈,4,라자냐,2,고르곤졸라,1,마르게리따,1
catchtable_kIH7vs8_49hqSxT_awTlRw,이문동그집 본점,True,weighted_match,283,볶음밥,47,대패삼겹살,9,소주,8,한우해장국,7,한우갈빗살,4
catchtable_ehk7VsRL_XUzDkdN5CkkGQ,비딸레,True,weighted_match,927,새우봉골레 파스타,128,화덕에 구운 문어 파스타,126,사과올린 고르곤졸라 화덕피자,87,초리조 화덕피자,85,비스마르크 화덕피자,85
catchtable_IeKCMR8fkR60VDFjx7_RZQ,뽁식당 트리플스트리트점,True,weighted_match,105,트러플 크림 스테이크,18,비프 스테이크 (400g),15,비프 스테이크 (200g),15,프리미엄 비프 립 스테이크,15,봉골레 파스타,11
catchtable_WccRB6nkqJyaT0ITe-eBBQ,원기옥 성수낙낙점,True,weighted_match,594,갈비찜,34,곰탕,20,홍탕,10,원기반,9,3품냉채,8
catchtable_tZc0jLai7rvcK6vuLA25tg,정면,True,weighted_match,1014,백면,233,단호박 식혜,155,홍면,130,(포장) 수제 단호박 식혜,119,(포장) 곁들임 냉제육 한접시,51
catchtable_QYZfvI21Jl62FHaGfVkNXg,OPNNG,True,weighted_match,895,와인 스낵메뉴,355,버터 론지노 파스타,76,트러플 오일 감자 튀김,12,,,,
catchtable_99dRdwREzb-HlKbVekMY5w,문갓포,True,weighted_match,1848,오마카세,1056,,,,,,,,
catchtable_yBdWjpSPbdgsozwyWrLoxg,티엔미미 강남점,True,weighted_match,2969,오이무침,289,마라크림새우,274,토마토탕면,188,마늘새우찜,151,어향완자가지,103
catchtable_N12WsvafzbnrpVSXcPWqBA,호낙가 더가든(일산직영점),True,weighted_match,145,호낙가 양념 우대갈비,25,무쇠 꽃게 된장술밥,14,양념갈비김치볶음밥,5,프리미엄 숙성 제주 생갈비(200g),4,프리미엄 숙성 한돈 양념구이(200g),4
catchtable_ROkaCbPj29elJ5ipouS03Q,GiwaKang 기와강,True,weighted_match,247,런치 테이스팅 메뉴,18,디너 테이스팅 메뉴,18,,,,,,
catchtable_ZOdtSe7Uumgjg61v6Doozg,메이플탑,True,weighted_match,103,드립커피,12,메이플탑 팬케이크,9,프렌치토스트,8,덴버오믈렛,4,훈제연어 베네딕트,3
catchtable_9fFmTbUexQlf4YcEFb1c0g,우나기현,True,weighted_match,170,장어덮밥(한마리),93,장어덮밥(한마리반),93,장어 계란말이,51,장어구이(소금or간장)반마리,48,장어구이(소금or간장)한마리,48
catchtable_3vw9YZZX9exgxI1P2fYeYA,서울낙업,True,weighted_match,192,고등어봉초밥,2,차돌박이참깨나베,2,연어모듬사시미,2,치킨난반,1,9첩사케동,1
catchtable_soiSNETvtmk-pQeM0wXUCg,야끼호,True,weighted_match,387,염통,17,오니기리,11,츠쿠네,7,껍질,7,연골,2
catchtable_FJaCwYY8IIkb60rdVcKRaQ,솔솥 익선점,True,weighted_match,213,도미관자솥밥,6,연어솥밥,6,전복솥밥,5,유린기,3,스테이크솥밥,3
catchtable_On_imk41HvpK_-nMsIeFQQ,라까사 키친,True,weighted_match,114,장어리조또,14,버섯 크림 리조또,11,루꼴라 샐러드 피자,9,안심 스테이크,6,스테이크 플래터,6
catchtable_r5UDbFZu1-TtgI5LtJZQAQ,로얄호텔서울 그랜드 키친,True,weighted_match,215,저온 숙성의 프리미엄 한우 안심 스테이크,9,호주산 안심 스테이크,8,영덕게살 루꼴라 오일 파스타,7,스페인산 유기농 이베리코 스테이크,6,스페인산 프리미엄 이베리코 스테이크,6
catchtable_IveiMbzxOcQEA6AXd4BupQ,성수 리타르단도,True,weighted_match,1392,랜치 라구 번,98,선데이 로스트,53,봉골레 프레골라 파스타,27,버섯 크림 파스타,19,청양고추 파스타,18
catchtable_zX1Dt8oPZbaZDnoQpKfCyg,더기와 용산점,True,weighted_match,325,말차 막걸리,51,국내최초 우베 막걸리 (NEW⭐),24,더기와 한상차림,23,솥뚜껑 돼지고기 김치전골,14,미슐랭 트러플 치즈감자전,14
catchtable_1WqF5XL99LGgIrDvS2-wEQ,파라다이스호텔부산 사까에,True,weighted_match,361,스시 오마카세,76,,,,,,,,
catchtable_o4E71-truy03LSrUxSCzHA,뽀모,True,weighted_match,327,라자냐,46,판나코타,10,티라미수,4,오늘의 스프,4,뽀모도로 스파게티,4
catchtable_luXcBu3bGuVdF9tkJAvRAA,나이트폴,True,weighted_match,181,바질페스토,2,깔라마리,2,바질 치킨,1,아마트리치아나,1,부채살 스테이크,1
catchtable_PLho8e1XoCDFnCln7UDaWA,호감도,True,weighted_match,419,짚불스지찜,5,가지튀김,2,유자크림새우,1,쿠로가라아게,1,짚불살치살타다끼,1
catchtable_4_UkuvlIolWruLgtsSmvyg,스시미나모토,True,weighted_match,550,런치 오마카세,102,디너 오마카세,101,평일디너 5시 특별할인가,11,,,,
catchtable_JuBI5cL4KZGOWQJuZXsPBA,푸에르코 여의도 파이낸스타워점,True,weighted_match,162,플루마,5,새우살,2,황제살,2,갈비살,2,시그니처세트,1
catchtable_tGU0gYnQXODdNNWK031zpw,수퍼판,True,weighted_match,1127,어란파스타(점심 단품 가능),95,김치 라구 리조또(점심 단품 이용 가능),85,기름 떡볶이(점심 단품 이용가능),54,잣소스 해파리 냉채(점심 단품 이용 가능),28,한우바싹불고기(점심 단품만 이용 가능),24
catchtable_qCFOrq8tGbRDx50s0y9n5g,카밀로라자네리아 2호점,True,weighted_match,1226,"에밀리아나 라자냐(샐러드,레몬밥,디저트포함)",326,"깜보라자냐 (샐러드,레몬밥,디저트포함)",311,"몬타냐 라자냐 세트 (샐러드,레몬밥,디저트포함)",308,"브라자또 디 만조 (이태리식 아롱사태 와인찜)샐러드,레몬밥,디저트 포함",95,카밀로 시그니쳐 프라임등급 부채살 스테이크 (200g),93
catchtable_DidXsreOZka-FqF99svGYQ,동화고옥 선릉점,True,weighted_match,831,향연 양념 갈비,7,대관,4,아롱사태 육전,3,한우 육회,2,금란(錦蘭) 갈비 코스,2
catchtable_xxDGYDrwUVwaaUM-R9uVBw,스시하쿠야,True,weighted_match,1121,런치 오마카세코스,239,디너 오마카세코스,239,,,,,,
catchtable_lS8acEqEROOKKSCX1sqTew,스시도,True,weighted_match,755,디너,41,런치,34,삿포로 생맥주 400cc,12,,,,
catchtable_Hbg5iTo32rOhe9FrJ_g8aw,청목,True,weighted_match,269,간장게장정식,55,간장불고기 직화그릴정식,27,고추장불고기 직화그릴정식,26,보리굴비정식,25,소불고기그릴정식,23
catchtable_6EPXXA7lid8-g45W2QpKXg,서울로인 서울숲점,True,weighted_match,669,서울 불고기 밀면 세트 ( 평일 런치 ),219,"진연 한우 코스 ( 런치,디너 )",102,"선화 한우 코스 ( 런치,디너 )",100,종가 한우 코스 ( 런치 ),100,"수라 한우 코스 ( 런치,디너 )",100
catchtable_LpXHnpWUs_iyujBW3olZTw,카메스시,True,weighted_match,431,런치 오마카세,62,디너 오마카세,59,,,,,,
catchtable_XBThN84fr193Rd_CGqZABQ,정돈 현대백화점 판교점,True,weighted_match,126,카레,8,A세트,2,생선카츠,2,등심돈카츠,1,스페셜 등심돈카츠,1
catchtable_U65PlLGkxR5WquXCQYQtrg,규우정,True,weighted_match,568,1++한우스지된장전골(1인분),79,한우육회비빔밥,60,오무라이스,52,된장찌개,32,평양냉면,3
catchtable_wseCLVwx7tiNWHyscLvplg,아난티 앳 부산 빌라쥬 버지니아,True,weighted_match,468,뇨끼,12,감자튀김,9,문어,7,비프타르타르,4,티라미슈,4
catchtable_KAthlJoqI174VDCN9OmfTg,라프레플루트 성수,True,weighted_match,536,딸기 벌집꿀빙수,180,딸기밭케이크,95,딸기 벚꽃밭 케이크,94,딸기 요거트 아이스크림,50,딸기 소프트아이스크림,42
catchtable_STiEB6aQURBF48DOCUH9Eg,와우리장작구이 동탄점,True,weighted_match,142,고기무한메뉴(1인),32,생오리차돌정식(1인),19,생오리차돌구이(부추),18,매콤생오리차돌(부추),18,오리바베큐,14
catchtable_ddJOmezXkJkfIDa7hO_rxQ,스시 니,True,weighted_match,249,런치오마카세,46,디너오마카세,46,,,,,,
catchtable_QrN-tORJ46Go3pu6JRar8A,알비꼴레또 (Al Vicoletto),True,weighted_match,314,Funghi Pesto Cream Pasta 버섯페스토 크림 파스타,109,Pollack Roe & Clam Pasta 명란 백합 파스타 (오일/크림),95,Tirami sù 티라미수,19,Fritti di Mare 해산물 튀김,19,Ragu pasta 라구파스타,9
catchtable_peMe1kH2Zp6CTvHK-WPXNw,우참판 서래본점,True,weighted_match,486,계란찜,6,삼합,5,버섯,4,된장찌개,4,된장말이죽,4
catchtable_wIJ_WFxcFvVM-R3SADrkYw,야키니쿠 쇼신,True,weighted_match,129,야끼소바,8,오늘의 부위 100g,6,와규 소꼬리 200g (おすすめ!),5,한우 라면,3,미소 항정 120g,3
catchtable_7yjywdfVyCVpEd3tmskvLw,창고43 무교점,True,weighted_match,113,계절맞이한우된장밥,7,한우 양념등심 정식,6,한우 불고기 전골,5,비빔냉면,4,한우명작 모둠,4
catchtable_WNjp0bJnaOrEeWkcsRGZFA,육다시구,True,weighted_match,195,라구 파스타,30,버섯크림 리조또,19,치킨스테이크,9,연어스테이크,8,치즈 플레이트,4
catchtable_AePCN6LGQLyt-uhFfqmR1A,스시키,True,weighted_match,1622,런치오마카세,240,디너오마카세,238,,,,,,
catchtable_fLZeqa6fvWJViHcCav-JuQ,샤브올데이 안양삼덕공원점,True,weighted_match,273,다양한 샐러드바 무제한 제공!,54,주말 및 공휴일(고기무제한),14,신선한 월남쌈 무제한 제공!,11,리버스탭 맥주 무제한 제공!,9,품질 좋은 소고기 무제한 제공!,4
catchtable_jSOGz0aFXc74_Yg88LnVsw,하쯔호,True,weighted_match,508,런치 스시오마카세,141,디너 스시오마카세,141,,,,,,
catchtable_E2UFN423wSWpGoYcz1d4oA,부토(BUTO),True,weighted_match,313,베지테리언 사시미,34,가지멘보샤,25,마라청어알비빔면,3,항정살구이,2,도미크루도,1
catchtable_q-vo5DzG6Xt9Ytk7YbzX0A,판교장어타운,True,weighted_match,285,장어탕,62,냉모밀,10,멸치국수,9,장어정식,9,장어솥밥정식,7
catchtable_PPcnTr5HYINGl1UftEi6PQ,만복래 한우곱창,True,weighted_match,158,볶음밥,62,막창,30,한우암소육회,14,한우대창,14,한우곱창,12
catchtable_mJpWbj5TYcxItpjL1QlBvw,더빛남,True,weighted_match,1270,"차돌박이, 양지, 도가니 쌀국수",469,양지 쌀국수,348,"차돌박이, 양지 쌀국수",342,차돌박이 쌀국수,314,새우짜조 3p,30
catchtable_JdiITojR398xRJuFgNVzSA,빕스 롯데백화점 광복점,True,weighted_match,287,주말 성인 샐러드바,40,주말 청소년 샐러드바,40,평일 런치 성인 샐러드바,34,평일 디너 성인 샐러드바,34,평일 디너 청소년 샐러드바,34
catchtable_XKYPnVEsz0zfdWWS3cumgg,포시즌키친 양재천점,True,weighted_match,104,트러플 크림 뇨끼,7,관자 들깨 크림 뇨끼,7,명란 오일 쉬림프 파스타,6,잠봉 로메인 샐러드,5,얼큰한 크림누룽지 뚝배기파스타,4
catchtable_qVJYzwJdeHj9QW9ePi8ntA,무오키,True,weighted_match,1637,,,,,,,,,,
catchtable_VDG6UlsLoLQlx4pTGgvulQ,오스테리아 어부 (음주양식당 어부),True,weighted_match,603,런치 파스타 코스,171,(메인생선)시그니처 테이스팅 코스,74,(메인1++한우)시그니처테이스팅 코스,54,,,,
catchtable_Fg3j1wde2PFUeo_uHJyC5g,거울못 식당,True,weighted_match,544,봉골레,5,전복 리조또,2,라쟈냐,1,포모도로,1,마르게리타 피자,1
catchtable_VYZtXUkV-Ka0paZRfDCI5w,콘피에르 셀렉션 광화문 스타필드 애비뉴 그랑서울점,True,weighted_match,389,홍새우 미나리 비스큐 파스타,83,시그니처 코스 C,54,시그니처 코스 B,54,시그니처 코스 A,54,제주 흑돼지 안심 스테이크,41
catchtable_vQOPG0UwiEiiDtLWaFpV3A,골드피쉬 얌차하우스,True,weighted_match,411,소룡포,17,오향장육,12,멘보샤,6,쇼마이,5,구채교,4
catchtable_XIvVHbzIwmFVQsoVzDB2Cw,충렬함박,True,weighted_match,117,땡초함박,5,우동,5,충렬함박,2,왕돈세트,1,냉모밀,1
catchtable_bW7N2zBrbtxecro0rv7Jtg,사이카이,True,weighted_match,307,런치 스시 오마카세,113,디너 스시 오마카세,113,,,,,,
catchtable_4XU7ZHko4NjDEkULtFHbAA,퀴버(Quiver) 서울숲,True,weighted_match,264,라구떡볶이,29,바게트,9,피스타치오 크림 리조또,8,관자 파스타,4,명란크림 파스타,2
catchtable_RokOAFYa7OCp0gsxcZGmew,비노 탭 시에나,True,weighted_match,1388,한우 라구 소스 리가토니,21,김치볶음밥,6,"시칠리아식 포항문어, 야채절임",5,키조개 관자 샐러드,1,루꼴라 샐러드 피자,1
catchtable_jBVIm26xGaRRjEN15o9ImQ,야키토리경청,True,weighted_match,146,호르몬,7,네기마,5,네기,5,포테이토 사라다,3,오니기리,3
catchtable_LoFsyqPxvrtmJP8guGUGKA,오마카세 오사이초밥 용산 용리단길점,True,weighted_match,133,간장새우 초밥,32,가지구이 초밥,26,도로(참치뱃살) 초밥,23,민물장어 초밥,23,엔가와(광어지느러미) 초밥,22
catchtable_c8SrBz20Nrm-NnvkKxt22g,크로스비,True,weighted_match,216,봉골레 파스타,14,명란 로제 파스타,9,해산물 떡볶이,8,토마토 베이컨 파스타,5,명란 크림 파스타,5
catchtable_28i79C-xsiZciGgUQRJEqQ,몬자상,True,weighted_match,459,호르몬 야끼소바,3,시오 야끼소,2,명란오차즈케,1,오야꼬 몬자야끼,1,명란 키리모찌 몬자야끼,1
catchtable_TV6KeuK01SaAW-2mJHLGxg,슈퍼텅,True,weighted_match,424,,,,,,,,,,
catchtable_VlkmvrVP64ovSiuigeAmGA,앙시앙,True,weighted_match,456,부산 명지 대파크림 바게트,68,더블버터 크림치즈 스콘,63,SNS 화제의 초코 바게트,30,동양 명란 바게트,26,피스타치오 초코롤,22
catchtable_pnF1Bbsw8GwGxds7Vps4_Q,쿠로마구로,True,weighted_match,155,숙성 메로구이,6,지중해 참다랑어,5,참다랑어 나또 무침,5,"참다랑어 감태마끼 (반줄,한줄)",5,우엉튀김,3
catchtable_Istq6njsenN7vNCYvb_hUg,요수정,True,weighted_match,2313,믿고맡김 런치 코스,324,믿고맡김 디너 코스,324,,,,,,
catchtable_DgJpPfJUDZTEADyqJJXIXA,누를(Nurle),True,weighted_match,274,관자,12,생선,10,냉우동,5,숯불야채,4,치즈,4
catchtable_eQrXdEXZDXtiHgTNKVdnoQ,오드버드올리버,True,weighted_match,108,페퍼콘 살치살 스테이크,13,치폴레 로스트 치킨,12,참소라 푸타네스카,8,화이트 라구 파스타,8,피스타치오 잠봉 파스타,7
catchtable_wehIbjq5IDHvXFITSMJPew,티엔미미 홍대,True,weighted_match,2789,오이무침,256,마라크림새우,196,토마토탕면,158,찹쌀공,149,어향완자가지,92
catchtable_RS9vWYOmXQktuo1qdfcVKQ,소크 (SOAK),True,weighted_match,194,와인,103,맥주,8,트러플 뇨끼,7,비프 타르타르,5,알감자 프라이,2
catchtable_zgm4te6pmQWCk_u40K_0Vg,네모집 한남점,True,weighted_match,370,함흥냉면,4,트러플 한우 차돌 버섯 솥밥,2,소주,2,누룽지,1,트러플 차돌 버섯 솥밥,1
catchtable_a2cXHMm74wtNI89cSDBnBw,일월카츠 안국점,True,weighted_match,1550,히레카츠,104,로스카츠,43,아부라 비빔면,20,목살카츠,19,모듬카츠,13
catchtable_QfJYu8Lx8zudhaLMQ_WBYQ,추수,True,weighted_match,122,짚불 떡갈비 반상,36,짚불 민물장어 반상,2,,,,,,
catchtable_yKhHpeTzAG7kXk7pnKak5A,황곱,True,weighted_match,169,소곱창전골,79,한우육사시미+육회,3,1+한우육회,2,,,,
catchtable_C_krPN-imSovxeFU3XmX8Q,마노디셰프 삼성점,True,weighted_match,291,봉골레 알리올리오 파스타,26,프리미엄 토마토 씨푸드 파스타,22,할라피뇨 알리올리오 파스타,21,크랩 & 쉬림프 파스타,21,홍새우 알리올리오 파스타,20
catchtable_7Dhwj38c6b-OO_nd4-VZqQ,무안회관 여의도점,True,weighted_match,102,한우 수육,5,미나리 육전,3,보양 모둠 전골,2,낙지 탕탕이,2,육회 낙지 탕탕이,2
catchtable_CUTKuoabLy_2fmjdGZVhCA,우미돈 블랙(牛未豚),True,weighted_match,502,런치 스페셜 : 런치 시그니처 코스,101,블랙 시그니처 코스,95,올데이 B : 관서풍 스키야키(등심),84,런치 B : 한우 불고기,54,올데이 A : 비프 플래터,45
catchtable_i1pUhgQHDYCv81_KywvRUA,뀌쏭82,True,weighted_match,328,라비올리,18,리조또,11,양갈비,6,오리가슴살,5,닭가슴살,3
catchtable_Vezv1gW0Kb_2lm-w2rYukA,스시미우라,True,weighted_match,730,디너 오마카세,100,런치 오마카세,100,,,,,,
catchtable_-3mZAMRjq996TEZwjaTv3A,더피제리아마켓 해방촌,True,weighted_match,176,우엉 아이스크림,23,담양 죽순,19,서울 마르게리타,5,봄나물 튀김과 산초 마요,4,젖산 발효 피클,3
catchtable_skZfOEUiQ2gvQQ5EXgoejg,오드ODD,True,weighted_match,375,세비체,27,보타르가,7,양갈비 스테이크,3,버섯구이,2,문어 스테이크,2
catchtable_cNiFUUZztOU5mDu1EafSWQ,홍반,True,weighted_match,149,탕수육,11,홍반 북경오리 세트 2인,10,홍반 북경오리 세트 4인,10,북경식 오리,10,홍반 딤섬 런치 세트 메뉴,10
catchtable_Q7DyuPoLTPNzyfNorR_sfw,놉스 사당본점,True,weighted_match,229,티본 스테이크 (100g 당),101,토마호크 스테이크 (100g 당),82,포터하우스 스테이크 (100g 당),75,감바스 명란 파스타,24,아라비아따 파스타,24
catchtable_SGRIRzGXhV9u1d5MZT7avQ,솔솥 송리단길,True,weighted_match,166,도미관자 솥밥,15,유린기,12,스테이크 솥밥,12,갈치 순살 솥밥,9,직접 만든 새우튀김,5
catchtable_cqbUQADGJCByLzJCX9eDHA,솔밤,True,weighted_match,1382,,,,,,,,,,
catchtable_vUwsJ4tHjaPwysszBFCtFg,레스토랑 엠비언스,True,weighted_match,551,디너 시그니처 코스,71,런치 엠비언스 코스,62,,,,,,
catchtable_Cs230D4wjyfFUPi8jHvO8w,소야일식,True,weighted_match,341,사케(콜키지),4,와인(콜키지),1,,,,,,
catchtable_baFPaEu0ktJq0eBmZ_JoLg,차르,True,weighted_match,308,점심 뷔페 성인,20,저녁 뷔페 성인,20,점심 뷔페 소인,18,저녁 뷔페 소인,18,,
catchtable_S44rWSb_1VBsjJQl4iFLKA,돈멜 본점,True,weighted_match,675,목살,56,근고기,38,열무국수,26,오겹살,22,된장술밥,11
catchtable_XKeoN9frCQAHYegLSdTzeQ,샤브올데이 평택소사벌점,True,weighted_match,227,다양한 샐러드바 무제한 제공!,42,리버스탭 맥주 무제한 제공!,17,주말 및 공휴일(고기무제한),13,신선한 월남쌈 무제한 제공!,11,품질 좋은 소고기 무제한 제공!,7
catchtable_7kLH8RcAh0Op3wftsbKNAA,대디스바베큐,True,weighted_match,209,"셀프 캠핑라면(feat.계란,대파)",25,물맑은 양평쌀 공기밥,25,마시멜로우,24,대디스 하프갈비(양념)(250g),23,항아리바베큐(400g) *한정판매*,15
catchtable_BlbhNI2N_HFcR4d9QCbYfw,헬로브라질,True,weighted_match,284,평일 런치 슈하스코 무한리필,49,평일 디너 슈하스코 무한리필,49,주말&공휴일 슈하스코 무한리필,49,평일 슈하스코 5~10세,19,주말&공휴일 슈하스코5~10세,18
catchtable_QtkpZomvRI0lqgjZK-Nrag,알트에이,True,weighted_match,113,짜장면,7,탕수육,6,유린팽이,5,유린육,5,가지덮밥,2
catchtable_bRSzikJ9qEeQpstY7lGnIA,우희 본점,True,weighted_match,110,안창살,5,꽃갈비살,5,토시살,4,살치살,3,된장술밥,3
catchtable_eM4ynVbwGG5dxRnFl6lXxQ,공감 합정점,True,weighted_match,214,1++한우육회 + 연어사시미,9,산토리 하이볼,7,메이커스마크 하이볼,7,야마자키DR하이볼,7,한우 모츠 나베,6
catchtable_0WAQcNqLX7v9VqefEGY_bg,피클스,True,weighted_match,219,,,,,,,,,,
catchtable_4HF9gOcj4r_qOqTLb9YqlA,호르몬치치 부산남포점,True,weighted_match,237,새로,11,우설,10,매실 하이볼,2,매실,2,소고기라면,2
catchtable_BQ0tiWY0m39Pkxm8iXpEdQ,온더보더 광화문 D타워점,True,weighted_match,344,보더윙,12,얼티밋 화이타,8,타코 샐러드,8,더블 스텍 클럽 퀘사디아,8,치미창가,7
catchtable_qC39zhxlbwmPfJ4g-GklNw,삼강장어,True,weighted_match,284,누룽지,13,복사시미,4,청하,3,고시히카리 솥밥,2,강화 갯벌장어,1
catchtable_YAzhNnCj_4XuMY4q_Eg8rg,미카도스시 미사역점,True,weighted_match,131,모든 접시 균일가,10,,,,,,,,
catchtable_Egfqt_eqP8d7eawYSWTxbw,마우로아,True,weighted_match,217,와규 플랭크 스테이크&시즌 트러플,27,프렌치 어니언 스프,26,프렌치 비프 타르타르,10,봄을 부르는 미니코스 샐러드,9,2인 세트,6
catchtable_qqzcuiRXovc9dGJfvx4G6Q,앤드밀 성수점,True,weighted_match,185,바질크림고구마,7,무화괌말랭이,3,연어 샌드위치,2,청양애플브리바게트,1,새우에그샌드위치,1
catchtable_m9t-ZyEm67rvc5QX01PS5g,모담 송도점,True,weighted_match,463,전복구이와 수제떡갈비 차림,22,보리굴비와 녹차물 차림,19,모담상,11,한우 불고기전골 차림,5,모둠해물장과 버터밥 차림,2
catchtable_MczrSeOEtZxrtqYLmYFwgA,시칠리,True,weighted_match,522,토마토파스타,121,양양 송이 레지네테 파스타,113,한우 라구 파스타,112,시칠리안 전갱이 파스타,111,SICILI 시그니쳐 디너 코스,55
catchtable_Zzd1tdF3IoetjXfi3zZ7hQ,이안 IAán,True,weighted_match,127,디너 테이스팅 코스,25,런치 테이스팅 코스,25,와인 메뉴,16,,,,
catchtable_kclu6ibVBxA7E-QJswmEQw,고메스퀘어 미사점,True,weighted_match,514,런치,9,디너,6,,,,,,
catchtable_UFLGypRpcxWrIVGwZ5EqwQ,디라이프스타일키친 잠실점,True,weighted_match,1737,해산물빠에야,10,토마토 파스튜,9,치즈오븐스파게티,3,관자감자퓨레,2,LCHF 해산물 빠에야,2
catchtable_hXEZ16Rgq_8TTPOlSZFdmw,볼트 스테이크하우스,True,weighted_match,1765,,,,,,,,,,
catchtable_nWdKAVImivDmaIlH63LTTA,어느멋진날,True,weighted_match,303,전복밥,56,홍게살덮밥,10,버터전복구이,2,새우장전복밥,1,트러플 전복죽,1
catchtable_P8F8mp2Bn7RyWnw61FyD4A,깡통만두,True,weighted_match,2616,육전,143,찐만두,45,손만둣국,28,생선전,6,조랑떡만둣국,4
catchtable_6M0ESJqRZuB5nYkM2yp0yw,려,True,weighted_match,558,오마카세,226,런치 오마카세,117,,,,,,
catchtable_rW2u5k56cBkge_TFSPUnpw,반얀트리 서울 / 페스타 바이 충후,True,weighted_match,213,[런치/디너] 어린이날 스페셜 코스,28,런치 코스,27,디너 코스,27,미식의 정원 Gastronomic Garden,3,,
catchtable_UQF1sXhqB0QMeAp5dTq2mA,스시전 田鮨,True,weighted_match,296,디너 오마카세,29,런치 오마카세,28,사케 페어링(1인 3잔 기준),27,,,,
catchtable_P3HtNAdCzYmVykpMIxbMhQ,"오복수산참치 오투타워 여의도점





",True,weighted_match,348,카이센동,38,백합탕,3,민물장어 덮밥,1,게살크림 고로케,1,카니미소구이,1
catchtable_3YNS84nHSBCumq6ixIl-ew,GRee:E 그리에(Secret Room),True,weighted_match,411,비건 메뉴가 준비되어있습니다,8,꽃다발,2,,,,,,
catchtable_otxixxfdkFZryCh1RgcO1w,스시우로코,True,weighted_match,326,디너 스시 오마카세,77,런치 오마카세,42,9시30분 간단한 술안주코스,21,,,,
catchtable_NEoCj3plb_UFEumMFuS5kQ,스시카이시,True,weighted_match,670,주말/공휴일 런치 오마카세,128,평일 런치 오마카세,125,디너 오마카세,124,,,,
catchtable_eZ-MSjNHoi81LvEqYnZJkQ,다스티더히든,True,weighted_match,117,부여토굴 명란오일 파스타 (대표),21,크림 뇨끼,9,채끝등심 스테이크 300g,8,루꼴라&프로슈토 피자,7,부라타 치즈 루꼴라 샐러드,5
catchtable_gSiKtDsgGw-RkzCCCybn1A,도원스타일 무역센터점,True,weighted_match,155,곤륜(Kun Lun)코스,15,무릉(Wu Ling)코스,14,도원(Taoyuen)코스,13,봉래(Feng Lai)코스,13,수미(Xu Mi)코스,13
catchtable_jg4j2n26xrYQMxmg0fHb3A,에토레,True,weighted_match,117,티라미수,2,가지 라자냐,2,베이컨 크림 뇨끼,1,관자,1,볼로네제,1
catchtable_7izjqWG9O-aAxMGIKudUcA,이타마에스시 광화문디타워,True,weighted_match,220,참다랑어 중뱃살,10,참다랑어 대뱃살,10,참다랑어 붉은살 간장절임,8,극상 니기리 세트,7,참다랑어 붉은살,4
catchtable_R3tuir4NsCf0Wg5Ni5U-mw,가가바,True,weighted_match,842,탕평채,24,육회,19,새우가지튀김,18,닭강정,16,낙지미나리샐러드,12
catchtable_2m1GApPwZmku-Xq4SZi_iA,고기굽는남자 서면점,True,weighted_match,161,삼겹살,36,목살,10,껍데기살,5,항정살,4,양념돼지갈비,4
catchtable_-QZKXk3LmIy9CrPuZ99v0g,사브서울 SAV Seoul,True,weighted_match,1941,비프 타르타르,19,모네의 정원,17,프렌치 프라이,4,컬리플라워 튀김,3,테린 드 부당느와,1
catchtable_zCzPKYxPSTiJrW66T5vD_g,라마다서울신도림호텔 카페라라,True,weighted_match,169,주말 및 공휴일 저녁 (성인),6,주말 및 공휴일 저녁(소인),6,평일 점심 (성인),4,평일 점심 (소인),4,평일 저녁 (성인),4
catchtable_Ke6XfEDa-F08RqLePy7HRQ,Blue by 필레터,True,weighted_match,927,파스타,36,문어,25,대구,23,가리비,22,파인애플,20
catchtable_eejwZ1MY__n0ZQeJzgjgKg,현선이네 용산본점,True,weighted_match,118,즉석 떡볶이 1인 (2인이상 주문),35,떡볶이 (반반따로 1.0추가),20,현선이 세트,15,모둠튀김,11,수제순대,10
catchtable_i4e8Coq2hw4tLfospF3lEA,파니엔테 ( Far Niente ) 신사가로수길점,True,weighted_match,109,시칠리안 바질 페스토 파스타,9,레드 페퍼 쉬림프 파스타,4,크리스피칩 & 마스카포네,3,크림 뇨끼 그라탕,3,부라타 콜드 파스타,3
catchtable_P0mnaZK9vUEY0lyCAROfSg,셰프스 키친,True,weighted_match,760,중식 뷔페 / 성인,103,중식 뷔페 / 소인,100,1부 조식 뷔페 / 성인,94,2부 조식뷔페 / 성인,94,1부 조식뷔페 / 소인,92
catchtable_sW-RnoI-1DNMwaxncs1JmQ,난포 한남,True,weighted_match,972,새우감자전,53,강된장쌈밥,39,곰국,29,제철회묵은지말이,17,돌문어간장국수,16
catchtable_IviWFuZlQSZ10JzW3ItHjA,스시류,True,weighted_match,235,런치오마카세A,52,런치오마카세B,52,런치 Chef 오마카세,52,디너오마카세,52,디너 Chef 오마카세,52
catchtable_cVeMXCczcnpX4IRbFP6F3w,해운대 어가횟집,True,weighted_match,159,매운탕,24,해삼,2,물회,2,개불,1,회덮밥,1
catchtable_XiP7ng4cB5zY64qfQTCemg,고메스퀘어 천호점,True,weighted_match,136,주말/공휴일,5,주말/공휴일 초등학생,5,주말/공휴일 미취학아동,5,평일 저녁,4,평일 점심,4
catchtable_S05bfqjONygJgHy5-CDaKA,하이파이 코리안 소울푸드,True,weighted_match,144,치킨 텐더와 감자 튀김,38,치킨 볶음밥,30,하이파이 수제 돈까스,21,로제 떡볶이&킬바사 소시지,16,크림 치즈 통닭,3
catchtable_Ira7KHQ3Fq99CTUDzpK5BA,데케드(dekad),True,weighted_match,653,슈,10,가자미,6,로스트포크,3,그린샐러드,2,샬롯 갈레트,2
catchtable_v-HOz6muUsxFF6asRn6wDQ,후루사토,True,weighted_match,123,안주 오마카세 1인,31,일본식계란말이,15,새우튀김,7,쿠시야키 꼬치구이,4,가라아게,2
catchtable_4xsj34P8BsslHGjFpQjVPw,묵정 ,True,weighted_match,292,오겹살,24,빙수,21,닭,13,표고새우전,13,두부후무스와 김부각,3
catchtable_T2NNOvcmw2IatrnXsH9NHw,여운관,True,weighted_match,384,여운 스페셜 모둠(400g),58,한우 갈비 구이 한상차림,45,여운 시그니처 짝갈비 Chef's Cut (700g),44,한우갈비살(130g),42,한우 갈비라면,42
catchtable_QH4vC6BkthWE8Es2ljaZ0Q,바비레드 스타필드 고양점,True,weighted_match,228,레드 크림 갈비 파스타,36,오븐 치즈 파스타,19,참나물 꼬막 콜드 파스타,18,레드 크림 쉬림프 파스타,17,레드 크림 라구 파스타,16
catchtable_3eDSlMPNp4la1VlqlHfB7Q,너비집,True,weighted_match,384,48시간의 마법 솜사탕 매운갈비찜,43,한우1++no9 특상 등심(100g),43,한의사도 놀란 몸보신 궁중갈비찜,30,,,,
catchtable_36xWFf00AE9BcWcsuigS_g,반핀 전포점,True,weighted_match,498,가지튀김 소,5,가지튀김 대,4,콜라,4,포도녹차,3,타이완 라멘,2
catchtable_NhrFkmsQsUP_nC9AsffHGQ,플플마(plusplusminus),True,weighted_match,390,스테이크,57,라구떡볶이,16,아이스크림,7,바나나브륄레,4,바질웨지감자,3
catchtable_a3AvTnaNAtfRQr3YoSsWiw,스무스서울(Smoothseoul),True,weighted_match,212,잠봉 스테이크,7,어란 파스타,6,웜샐러드,5,치즈 플레이트,3,스무스 파스타,2
catchtable_CV8t9eK-Gmv4hueDlIZccw,강민주의들밥 본점,True,weighted_match,2735,금실 보리굴비,344,해선 간장게장,92,어서기 고등어,68,직화 쭈꾸미,30,,
catchtable_Crij3C3CZw4MSv9i4Tnopw,청기와타운 신사역점,True,weighted_match,372,안창살,6,빗살로스,5,토장찌개,4,무생채 볶음밥,3,양곰탕,2
catchtable_qBVgzh9HRpApY1-i4vKQnQ,호박꽃 홍대점,True,weighted_match,173,김쌈,12,우설,8,된장찌개,5,닭목살,4,꽃갈비,3
catchtable_wxeaik6eGC3kEcw-Q7S6jw,더즌 오이스터 한남,True,weighted_match,722,,,,,,,,,,
catchtable_AaE7TrUybwOIRURKvHhZcw,마이에마스,True,weighted_match,415,라자냐,27,감바스,7,농부 파스타,5,카르파치오,3,치즈볼 아란치니,2
catchtable_LRUhk_MjXj50jGKqmfJVWQ,푸에르코 강남 EAST점,True,weighted_match,156,[이베리코 돼지고기] 시그니처세트,17,[이베리코 돼지고기]푸에르코세트,6,한우매콤짜파게티,5,한우된장말이밥,5,황제살,3
catchtable_evkPptdXAZ8WmcjEaG3w3g,콤바크 KOMVAAK,True,weighted_match,814,Truffle Potato Gnocchi 트러플 감자 뇨끼,83,Squid & Butter Sause Pasta 오징어 버터 파스타,53,철판 아조씨 스테이크,38,White Ragu Pasta 화이트 라구 파스타,30,Pasta with Tomato Sauce & Stracciatella 스트라차텔라 치즈를 곁들인 토마토 파스타,29
catchtable_zYxOHqqPF0p6ZeTYcXMEUA,뜸 오시리아본점,True,weighted_match,142,금태솥밥,4,소고기표고솥밥,2,삼치구이,1,성게연어알솥밥,1,전복소라솥밥,1
catchtable_I3nnOL4wQwzRkg-Ci28i6g,멘야비토리,True,weighted_match,143,이에케라멘,60,아부라소바,42,니보시 이에케,21,매운이에케,4,,
catchtable_z-2adoaap1-AEF8klT9NxA,비스트로 가마,True,weighted_match,1116,티본 스테이크,60,티라미수,55,감자 파베,16,라구 파스타,14,푸타네스카 파스타,14
catchtable_gaZJ6FRK43kEmQzM2ZPx7w,아트와떵,True,weighted_match,631,닭간빠떼,17,크렘브륄레,5,조개레몬버터 생면파스타,5,프렌치 토스트,3,"프렌치랙, 양파 라비올리",1
catchtable_db5En0zeMwWxS7F6ijfshA,토우베,True,weighted_match,1008,오픈기념특가 런치 5 -> 3.9,162,오픈기념특가 디너 8.5 -> 6.9,162,,,,,,
catchtable_J_VdTh_ROEKOqkx5u8KX_A,오베르쥬,True,weighted_match,368,런치 4코스,3,오늘의 스프,2,알리오올리오,1,런치 5코스,1,런치 6코스,1
catchtable_S9k6ggSXUgzS3KtV401uXA,임파스토,True,weighted_match,760,문어샐러드,73,라자냐,67,구운뇨끼,46,알리오올리오,39,봉골레,17
catchtable_T53owc5XR4mH5TNuLcuDLQ,오스테리아 에덴 ㅣ Osteria EDEN,True,weighted_match,585,단새우 우니 카펠리니,12,트러플 모짜렐라 뇨끼,2,트러플 치즈휠 딸리아뗄레,2,꿀 대구 스테이크,1,스파이시 쉬림프 비스큐 리조또,1
catchtable_OY_lOcyw0er1Vr3aDfG4GQ,설야멱 서면직영점,True,weighted_match,334,육회김밥,11,순두부찌개,10,우니육회,6,얼음김치말이국수,1,낙엽살,1
catchtable_kDGDZdffFIO-NhWwwcS-fQ,동남방앗간 한남,True,weighted_match,328,방앗간 플레이트,3,스테이크 샐러드,3,방앗간 뇨끼,2,방앗간 떡볶이,1,방앗간 라자냐,1
catchtable_YTQwnECui1_rKVdd3x-RaA,제로베이스,True,weighted_match,500,디너 코스,38,,,,,,,,
catchtable_n4zfXV8YP0VlNktZ8umb_A,이키,True,weighted_match,816,완도김파스타,47,나메로,19,크림브륄레,11,제철사시미,10,치킨난방,5
catchtable_G9u0nEcmmmaisjIb4gGMaA,쿠시쿠로,True,weighted_match,160,오마카세,40,,,,,,,,
catchtable_EYzG1KM9D5pmlaHvGQnSNw,로기,True,weighted_match,1238,Cabbage,3,Beef rib,1,Duck,1,,,,
catchtable_k--sbn8bDv_J6L0dgetEvg,핀치브런치바,True,weighted_match,853,뇨끼,46,페스토 파스타,20,후무스 샐러드,15,머쉬룸 오픈샌드위치,2,후무스 플레이트,2
catchtable_Arb-k8dkuuGWY7cNvUTsrg,레 꼬빵,True,weighted_match,190,레꼬빵 잠봉 샌드위치/Les Copains Jambon Sandwich,7,아티장 치즈/Artisian Cheese,5,비프 부르기뇽/Bœuf Bourgignon,3,화이트라구 파스타/Ragu Pasta,3,샤퀴테리/Charcuterie,2
catchtable_tONq3TfPRbpX7gaDYrrm5w,햄햄팡팡,True,weighted_match,2655,햄햄팡팡,147,후라이드 치킨,27,치즈함박,11,에그함박,4,감자 튀김,1
catchtable_SZBgbRL8e7Y8dLntMQiWog,크리스탈제이드 상하이펠리스 도곡점,True,weighted_match,439,북경오리,95,새우탕 크리스피 라이스 핫팟,18,이베리코 스테이크 자장면,12,7선 해물 짬뽕,9,두부피 새우튀김 (3PCS),9
catchtable_EjTY5R9Hc9owDcrxMxVXyg,포이 키친,True,weighted_match,406,소,77,우니파스타,13,삼치,13,고등어 봉초밥,11,알감자,11
catchtable_XRPOheN4ar_CG8g4-qKrlQ,꼰미고 송리단길점,True,weighted_match,504,타코세트,8,꼰미고 세트,7,샐러드 세트,6,빠빠 레예나,5,엔살라다,4
catchtable_MW4QcXNwmmPCsg9ZPLxY_Q,이시즈에,True,weighted_match,195,사시미 모리아와세,24,대방어 사시미,23,치킨난반,3,우니,2,사바보우즈시,2
catchtable_9tIsAsrYwtwNXD79xNtMDQ,육화식당,True,weighted_match,140,암돼지꽃목살,23,육화김치볶음밥,11,대게장볶음밥,8,소고기된장술밥,8,돼지고기 김치찌개,6
catchtable_994__2iFqimnU7-EkeVpZw,메이필드호텔 캐슬테라스,True,weighted_match,323,05월 04일 [가정의 달 프로모션] 주말.공휴일 금액,14,,,,,,,,
catchtable_kesw1IXGW8A6LEf_Fc03dw,델리카트슨 한남,True,weighted_match,389,티라미수,6,아이스크림,4,봉화오리,2,크림브륄레,2,티본,2
catchtable_mltJsVTGSzP4YIeM4XCfSg,기마이,True,weighted_match,607,육회,41,더덕구이,34,우니,19,육회냉면,10,육회비빔밥,7
catchtable_Htznmu0nn_ZMJFnL1hwMpQ,다람쥐마을 누룽지백숙,True,weighted_match,626,건강한밥상,69,누룽지백숙,37,소박한밥상,11,,,,
catchtable_IA3v8pdAFKX9w0tSJjoxVA,스시 윤,True,weighted_match,160,디너 오마카세,25,점심 오마카세,24,,,,,,
catchtable_2B-TazE-Oux_BUH77JlmAQ,진중 우육면관 본점,True,weighted_match,653,우육면,216,수교,109,오이소채,91,흑돼지 탕수육 (16:30-20:30),22,마파두부 (16:30-20:30),14
catchtable_wThPeWBPSTOzBtoEc5H2sg,[본점]몽중헌 청담점,True,weighted_match,1401,북경오리,41,유린기,10,구채교,9,춘권,9,하교,8
catchtable_QSblh3tcWn_KSAzx2TljHA,바다약방 연남본점,True,weighted_match,107,소금김밥,14,아귀간 소금김밥,5,고등어봉초밥,5,감태,3,전복내장크림파스타,2
catchtable_t3Ysp8RlENfwmurwQPkIoQ,묘우 송도점,True,weighted_match,241,카운터코스,70,룸코스,57,런치코스,52,VIP코스,52,1++No.9 한우 타르타르,22
catchtable_Z0xRoaamRh3Tow60r2yxzQ,어슬청담 판교아브뉴프랑점,True,weighted_match,299,명품푸짐 어슬 소갈비찜,24,새콤명태회 들기름 파스타,14,중독성갑 항정살 오일 파스타,14,갓성비 누룽지 떡갈비,13,고사리 파스타,10
catchtable_Up1fqbEpt1wztTASwy0v9A,교촌필방 오마카세,True,weighted_match,134,주류 페어링 치킨오마카세,26,치킨 오마카세(4분기),17,,,,,,
catchtable_7jFD-y2C1HUd1qevI2C-fQ,몽마메,True,weighted_match,177,감자 문어,31,바질면,17,양갈비,8,다시마버터 & 바게트,4,대구 라바올리,1
catchtable_6SxOK2gfWkeWsi3ZWctnPg,연하동 연남본점,True,weighted_match,1283,꼬꼬동,317,연어국수,151,연어김밥,66,대왕꼬꼬동,23,연어볼동,4
catchtable_T09fROsDfuYIB2wgPNosww,쉐프의콜렉션,True,weighted_match,401,고등어봉초밥,37,우나기동,3,우니 콜렉션,2,숙성회 콜렉션,1,우롱 하이,1
catchtable_oS7RbR6Jetp5zU_v3TnCVw,Sushi702,True,weighted_match,339,해물우동 & 스시 3p,41,스시 런치,40,냉소바 & 스시 3p,40,스시 A 세트,40,스시 B 세트,40
catchtable_b5CljX8RaoIr1XIF7XoHRA,클로즈키친,True,weighted_match,184,뽈뽀,19,아마트리치아나,3,주꾸미 버터 파스타,2,한우 채끝 스테이크,1,단호박 트러플 뇨끼,1
catchtable_4_NMrUm3Bk7IHfQybPojGw,부산쪽쪽갈비,True,weighted_match,149,바베큐양념 180g,25,소금구이 180g,21,누룽지탕,10,대하구이,7,된장찌개,6
catchtable_uLKD9XmU4Gm3PQ3FLjx2zg,리파인 일산점,True,weighted_match,132,감자전,7,크림수제비,7,우대갈비,5,육회,4,해물파전,4
catchtable_7M6yuUOTqTv21BfHH74AvQ,스시산원 궁,True,weighted_match,560,런치 오마카세,113,디너 오마카세,111,,,,,,
catchtable_uuXlOqJ0UBhDTZs6r9Qk7A,Chai797 시청점,True,weighted_match,197,탕수육,10,유린기,3,남자짜장,3,딤섬플래터,1,게살덮밥,1
catchtable_KCUgFdqw8EM-OnRthIY_pQ,스시사이토 쥬욘,True,weighted_match,503,디너 오마카세,19,,,,,,,,
catchtable_UV9Tld6oGDZuYDb_DgiOlw,게방식당 논현,True,weighted_match,196,간장게장 정식,5,양념게장 정식,3,꽃게 범벅,1,해물 타파스,1,오징어 타파스,1
catchtable_pDfLR5yoy86zbtnEvRat4A,곰터먹촌,True,weighted_match,111,김치말이국수,33,녹두전,17,김치전,7,곰탕,6,해물파전,5
catchtable_cfkmPyJRXhLusWGpL2Jouw,한와담 한남본점,True,weighted_match,272,암소 한우 특안심,31,1++ 한우 새우살,19,한우 짜파구리,13,한우 육회비빔밥,13,1++한우 등심,13
catchtable_BicR5twOJd7RQaOPpmtczg,주문,True,weighted_match,364,김명파,54,전통주,42,항정수육,26,대막칵테일,16,아수라 파스타,10
catchtable_R4hGI5gTqZhF-VH_VeeNWw,가리게트 신세계백화점 강남점,True,weighted_match,212,나폴레옹,62,크림 디럭스,24,피스타치오 & 라즈베리,14,얼그레이 & 살구,5,쇼콜라 & 캐러멜 넛츠 & 바나나,4
catchtable_ebPwilR_7D_HK5q19dytFw,송쭈집 본점,True,weighted_match,133,"시그니처 쭈꾸등심 1인분 프리미엄 쭈꾸미 & 1++한우 채끝등심 100g당 19,800원",30,송쭈피클냉면,11,계란찜,10,날치알 볶음밥,10,미나리 볶음밥,8
catchtable_N1mWez-teUW8YSq1jgRDZQ,에픽키친(EPIC KITCHEN),True,weighted_match,145,채끝등심 스테이크 300g,70,,,,,,,,
catchtable_Rcp1gMn1cAl57gVCF6uHPQ,고귀관,True,weighted_match,139,된장찌개,15,(점심특선) 된장찌개정식,8,(점심특선) 육회비빔밥+된장찌개,7,돼지라면,6,숙성삼겹 (130g),3
catchtable_RL0wxbpyflNecU_VXpnHLg,후와후와 모치점,True,weighted_match,185,호박 크림치즈 보로보로,35,딸기 팥 샌드 베이글,29,귤모찌 샌드 베이글,23,말차 체리 샌드 베이글,21,얼그레이닐라 샌드 베이글,19
catchtable__YDV0XgVG84LK1OK71mjlw,스시센시 SUSHI SENSI,True,weighted_match,208,런치 오마카세 (월~토),54,런치 오마카세 (일),54,디너 오마카세 (월~토),54,디너 오마카세 (일),54,,
catchtable_gErCHNtot8x0sAgjtIfo_A,연남한양집,True,weighted_match,285,한양집 자두 막걸리,22,삼겹튀김 김치찜,20,한양집 막걸리,20,경의선 소 갈비,15,들기름 막국수,10
catchtable_psrtNOD73UqwKw9AisG40A,스코파더쉐프,True,weighted_match,125,Panna Tartufato대표,2,,,,,,,,
catchtable_cBvXL2RpVwt6MN4kTyre1w,카페 크리스타리움,True,weighted_match,1087,자이언트 비버 돈까스,16,린과 가이아의 커피쿠키,10,빅 소시지와 '웨지' 감자튀김,4,챔피언 소고기 볶음면,1,트라이테일 닭가슴살 샐러드,1
catchtable_IFBrJwIVmLUWjwjWY-6e1g,쿠시라쿠,True,weighted_match,259,쿠시라쿠 기본 코스,14,쿠시라쿠 시그니처 코스,12,,,,,,
catchtable_bNYNcEUby1Zryfu6X5hsnQ,카와카츠 합정점,True,weighted_match,981,안심 한 덩이,117,"밥, 국, 샐러드, 반찬 리필 무료",84,한입카레,57,히레(안심)카츠 [210g],26,유린기카츠,22
catchtable_dbqCrtTD58ee-dmyCnyRNw,OK도매횟집 광안리점,True,weighted_match,186,소주,10,초밥알,2,해삼,2,멍게,2,개불,2
catchtable_NE01a99KC78ZPEvK7UYxZw,타쿠미곤 たくみ ごん,True,weighted_match,667,,,,,,,,,,
catchtable_rLerS5JvC3oXR0r9Xfj79A,이마쇼쿠,True,weighted_match,114,초절임한 고등어 봉초밥,25,모듬 숙성 사시미 (2인),24,도미 어란 파스타,14,후토마끼,11,닭연골 가라아게,6
catchtable_TdGcFA0JY4QJAInLIlrOcw,미우치,True,weighted_match,1883,런치 오마카세,280,디너 오마카세,280,,,,,,
catchtable_39d053HZxp6gnb5iA7yteg,산 (saan),True,weighted_match,114,음식,40,,,,,,,,
catchtable_9YaSyXUCpILxaSWifdPGfA,갓포신,True,weighted_match,449,스페셜 코스,82,디너 코스,76,런치 코스,72,,,,
catchtable_QNyJZdbAvfh5LrEgZPnPVA,청기와타운 여의도점,True,weighted_match,186,생갈비,2,무생채 볶음밥,2,토장찌개,2,돼지갈비,2,양곰탕,2
catchtable_WvTtXo-7rYJTr0PJeL5HMA,오스테리아 워모잡,True,weighted_match,180,디저트,20,고르곤졸라,4,부라타 샐러드,3,안심 스테이크,3,안심 샐러드,2
catchtable_0enL-sr8mi9p5iFYRD8QcA,분식,True,weighted_match,376,봉골레,55,바질 페스토,41,수제 살시챠와 문어 라구,11,새우 비스크,7,,
catchtable_Am8K95yDgg1zYqOhk7dcLQ,비원식탁 기장 오시리아점,True,weighted_match,108,간장게장,20,보리굴비,15,양념게장,5,떡갈비,5,떡갈비솥밥정식,1
catchtable_OjG2JxFHAF-EAMyfaCtZ9A,연남동 수라간,True,weighted_match,133,닭볶음탕,24,감자전,14,제육볶음,6,왕새우부추전,2,명란계란말이,1
catchtable_l40f8ytnfjMPAfi_6UEJaw,라이브 뮤직바 바티칸,True,weighted_match,116,글라스 와인 / 맥주,6,클래식 / 시그니처,5,화이트 와인(1),5,화이트 와인(2),5,과일 & 치즈 플레이트,4
catchtable_a54Cabn_Ck6PRU7M1hLQZg,산아래 우렁쌈정식,True,weighted_match,239,우렁무침,51,[국내산] 우렁이/제육,23,제육볶음,18,우렁쌈정식,3,,
catchtable_r7saBzxRhx0dD_mZQW1svw,오제제 신용산점,True,weighted_match,1620,카레,34,카다이프 새우튀김,16,말차 자루우동,7,사이다,2,새우 비스크 카레우동,1
catchtable_FUQ1hWXSsvZHCD0FkTfg9g,맛집막국수,True,weighted_match,122,수육,25,전병,8,물막국수,7,비빔막국수,4,곱빼기,2
catchtable_vZJ_vBiXvQfp9_u5OOuDyQ,8번대물집,True,weighted_match,667,소금김밥,411,1% 대광어 숙성회,129,광어&참돔 반반,73,(한정수량)무늬오징어 사시미,54,대물 뽈락 구이,23
catchtable_PocYdtk3eTqtxPbiImkwGg,음주가밀 전포,True,weighted_match,210,표고멘보샤,6,고기소가지튀김,3,성게들기름볶음면,3,밀푀유찜,2,유황오리스테이크,1
catchtable_tMyRIUwbP7Zmk2LBmLd0MA,보타르가 비노,True,weighted_match,189,,,,,,,,,,
catchtable_z0z18dJoNbBVVymT5H9vTA,울버린시티,True,weighted_match,354,가지그라탕,42,샐러드,6,코티지파이,4,트러플크림파스타,2,엔초비파스타,2
catchtable_j4JSuIsh-Jvl8Kj251eL8A,제제,True,weighted_match,402,북경오리,14,샤오롱바오,13,탄탄면,11,마파두부,8,어향가지,6
catchtable_SZ0xbiZCv4g5Ewl9B9FLkQ,연남토마 롯데몰 김포공항점,True,weighted_match,116,부채살크림파스타,15,차돌중화크림파스타,15,명란바질오일파스타,15,생연어덮밥,4,믹스덮밥,3
catchtable_LJie5IQZYhDEeP-vJOwORg,운산국밥,True,weighted_match,352,맑은곰탕,11,순댓국,7,굴국밥,5,수육무침,2,운산A세트,1
catchtable_xmRhGrzhcAQzPQ2RGwNveA,우찬,True,weighted_match,396,탕평채,15,베이컨 감자전,7,돌미나리전,5,순두부 라면,5,된장 술밥,2
catchtable_1onojTih5TY3EPC_uRqqFA,해운대 하선집 숯불돼지갈비 전문점,True,weighted_match,102,[점심]빠싹돼지불고기(간장) 정식,14,점심특선 양념돼지갈비1인분+미니육회비빔밥,10,점심특선 生한우육회비빔밥 정식,7,양념 소갈비살120g,7,비빔밀면,5
catchtable_jXYeY-cpGjzam-S_KNKQqg,뉴웨이브서울,True,weighted_match,675,아란치니,21,들기름대파,19,항정살 스테이크,6,레드,4,페스카토레,3
catchtable_e8BNCescA4xa8a9ipOI4Aw,구찌 오스테리아 다 마시모 보투라 서울,True,weighted_match,738,,,,,,,,,,
catchtable_4XcDO9mHPLQ99yJr9An1mQ,샤브20 영도점,True,weighted_match,165,"평일디너, 주말공휴일(고기무제한)",14,"샤브20의 시그니처닭강정(양념,간장)",11,최고급 소고기 무제한/돼지고기 무제한,10,평일런치(고기무제한),2,,
catchtable_7QnxXbbjREY3jOpMSlrJDA,키라메키,True,weighted_match,300,,,,,,,,,,
catchtable_GRsPS9sw9JTShRm0Ge4EDA,양화옥 송정해수욕장점,True,weighted_match,148,양갈비 라면,26,양등심 가득 된장찌개(100g),14,맥주,6,또띠아,2,,
catchtable_ArVbmSs8Gl_-oqzTHEZx6A,산울림1992,True,weighted_match,290,치즈 감자전,23,수비드 된장 맥적,12,비빔파스타,9,해물 파전,6,매운 쭈꾸미 볶음 소,4
catchtable_UmDR_Bd_E9EJ8-XIBD-XUg,CHARARI(차라리) 압구정로데오,True,weighted_match,662,오감자,50,우대갈비,48,버섯튀김,18,육회,13,게 내장파스타,8
catchtable_xBTqUx9-JJNGuTAEEDBTUQ,스키당 스키야키,True,weighted_match,243,1인 샤브 샤브,34,일본식 양송이 새우튀김,6,장어튀김 냉소바,4,가라아게(닭 다리살 튀김),4,1인 스키야키,2
catchtable_fYOLzIRUas_8UMabiW4LzQ,장수해물대첩 방배본점,True,weighted_match,520,돌문어 신선해물탕(2인-4인),110,낙지 한마리 해물파전,34,전복 해물 뚝배기,23,어린이 꼬막 비빔밥,16,전복 돌문어 비빔밥,15
catchtable_DWTfjZqG5hgN9crDWbBscw,해남천일관 - Haenam Cheonilgwan,True,weighted_match,282,상견례상차림,16,평일 점심 / 주말 종일 - 심 (心),4,평일 저녁 / 주말 종일 - 천 (天),4,,,,
catchtable_IIMN2-Z5zpLG_lcA6aJ06g,서울드래곤시티 일식당 운카이,True,weighted_match,113,디너 스시 오마카세,18,런치 스시 오마카세,18,셰프의 특선 생선회(2인 기준),10,DINNER 운카이 코스,8,DINNER 스시 코스,7
catchtable_OtRKkgKdqG6tnHEgT7rCGQ,하나레,True,weighted_match,194,장어튀김,16,미즈타키,5,혼마구로 마 낫또,2,우삼겹 락사나베,2,한잔조개술찜,1
catchtable_6F_zKUcmDsli2CePSjf3-Q,팔담순대,True,weighted_match,761,수제 모둠순대,282,오마카세정식,63,수육 (수비드 머릿고기),29,211 얼큰순대국 / 211 얼큰살코기순대국,25,맑은순대국 / 맑은살코기순대국,9
catchtable_u-Z9FdWwSZMf91XD9JbltQ,별양집,True,weighted_match,135,대창구이,58,곱창구이,23,특양구이,16,양념소갈비,13,양밥,5
catchtable_nN0Z1jljfEtJNddZy8ceVQ,리고수산,True,weighted_match,310,방어+연어 한상,32,달마새우,28,활새우 시즌 아웃,27,일산 대방어 + 모듬회 한상,10,활어 숙성 모듬회 한판,6
catchtable_QPBdjjRAZsW7iXlpkTE_Cg,오이지 연남,True,weighted_match,125,차돌 들기름 국수,6,명란 치즈 순두부,3,치즈김치볼,1,꼬막 비빔밥,1,흑임자 크림 수제비,1
catchtable_KRCWNwogwhbV-LVyHfqtpg,아실라 ,True,weighted_match,100,에브리데이 달라지는 아실라훈남쉐프의 파스타,13,비프스테이크를 올린 로제 파스타,8,깻잎파우더를 올린 차돌박이 오일 파스타,5,유자크림소스를 올려먹는 비프 프라이즈,5,다진허브와 보타르가향의 쉬림프 오일 파스타,4
catchtable_jD6LR2MI1ArVPOx3jzOziw,으뜸스시 파주야당점,True,weighted_match,111,"균일가 접시당 2,200원",13,,,,,,,,
catchtable_3dKFG3Yr4HdV-0hJMI7whg,홍대 미식가주택,True,weighted_match,509,주택식 고등어 봉초밥,124,전복 내장 파스타,52,주택식 금태 봉초밥,34,미식가 사시미,14,트러플 버터 파스타,7
catchtable_KH_vB7BsxgoczJzLRoyQog,가나안덕 일산본점,True,weighted_match,743,숯불 오리구이 (한마리),198,숯불 오리구이 (반마리),198,,,,,,
catchtable_p1pk3pfdn4RGQBbjdBRxew,버건디와인바,True,weighted_match,227,위스키 아이스크림,29,바질 샐러드 파스타,22,가지구이,16,갈릭 치즈 구이,13,하몽 씬피자,13
catchtable_3ZDyPQLeTK-6nuy-es03-A,위켄드 바베큐 노원직영점,True,weighted_match,141,[CAB등급]자이언트 비프립 꽃갈비 플래터 2-3인 / 사전예약 필수,21,[CAB등급]자이언트 비프립 꽃갈비 플래터 4-5인 / 사전예약필수,21,[CAB등급]시그니처 립 플래터 7-8인 / 사전예약 필수,15,텍사스 플래터(2인 바베큐 플래터),8,핫 칠리 포크 밸리 (200g),4
catchtable_SfJeRjgGLZQ3GchIOiprQQ,테이블포포,True,weighted_match,543,디너 코스,66,런치 코스,66,,,,,,
catchtable_nBt0xImeEmUvyA5losAQmw,수다 삼성 1호점,True,weighted_match,120,모듬꼬치,8,곱창전골,4,치명적인 감자전,3,우니단새우,1,모듬숙성회 2인,1
catchtable_X9oHtK0dC850k7nNKTPgTg,샤브올데이 서울 천호점,True,weighted_match,173,다양한 샐러드바 무제한 제공!,17,주말 및 공휴일(고기무제한),12,신선한 월남쌈 무제한 제공!,5,리버스탭 무제한 무료제공!,3,품질 좋은 소고기 무제한 제공!,2
catchtable_ZHCOtY3CoqxAA41xHqfsug,그랜드조선부산 팔레드 신,True,weighted_match,762,북경오리,76,신농,5,한우 탕수육,4,항아,4,반고,3
catchtable_Rgkh_M7vsim8eJbKVHhaGQ,스시미츠,True,weighted_match,2212,런치 오마카세,421,디너 오마카세,417,,,,,,
catchtable_2jvoi25-uTUv2b0cxRUaVQ,우직 방이점,True,weighted_match,698,우직코스,105,우설,75,333HA 1++ 한우 당일부위,55,소고기 듬뿍 냉이 된장찌개,35,안동식 소고기 해장국,35
catchtable_huJErwiFiI7v5z8185Ursw,신류 용산점,True,weighted_match,883,짬뽕,227,볶음밥,28,삼선짬뽕,22,삼선전복짬뽕,21,차파이,13
catchtable_x8FrUeYq3TLGf4-iYFEm9Q,빌리지,True,weighted_match,121,치킨 앤 머쉬룸 코티지 파이,7,단호박퓨레와 구운문어 스테이크,5,안심스테이크와 머쉬룸 다이앤,5,빌리지 미트볼 파스타,3,올리브,2
catchtable_0iAGdoMRcbnUPjbQ_iJyIg,나루,True,weighted_match,155,디너 오마카세,28,숙성 방어 사시미,27,숙성 모둠 사시미,22,사케,18,고등어봉초밥,12
catchtable_L5uhYcP2i-qo2uyL61jB_Q,쿠시모토,True,weighted_match,136,새우튀김,41,새우튀김 우동,38,새우튀김 냉우동,38,굴튀김,33,수제 모둠 쿠시카츠,5
catchtable_8pVxdX_tb6oG3-Gp4F5Leg,속초종합어시장 성복점,True,weighted_match,149,우럭,4,알밥,4,참돔,3,광어회,3,해삼,2
catchtable_8XVBJppAyfImPDv3WnKEeg,오늘초밥 동탄점,True,weighted_match,102,한 접시 당 균일가,10,,,,,,,,
catchtable_jXizsem6MGi328Xa7RPaVw,천상한우 여의도,True,weighted_match,101,천상 소불고기 폭탄밥,13,천상 한근 세트 *디너 전용,12,천상 한마리,12,천상 반마리(300g),12,천상 새우살 1++ (No.9)(120g),3
catchtable_0hRN7obfhm72yc_KPslcTA,라메종뒤땅 La Maison du temps ,True,weighted_match,236,순대튀김,11,화이트 라구 파스타,11,닭다리살 고추장구이와 바질소스,7,심야뒤땅 라면,4,스페인식 문어구이와 미나리,4
catchtable_3hJl-HqqJxO4Rh4EzNVWzA,도선재,True,weighted_match,102,평양냉면,33,한우떡갈비(300g),22,차돌우거지탕,18,비빔냉면,15,양지곰탕,6
catchtable_tMbSKQ6oaSWgKcgyjVrH7Q,목연,True,weighted_match,1134,목연오마카세,99,,,,,,,,
catchtable_4_Ism4zoUAKKIvxYFLF4Fw,고트델리 문래,True,weighted_match,139,잠봉뵈르,17,애플베이컨,16,머쉬룸 고트피자,1,루벤,1,잠봉프로마쥬,1
catchtable_ACqUGzM4Y1CighxKdr8pEA,팡즈,True,weighted_match,651,유포멘,100,차오멘,49,중화비빔밥,22,칠리새우,19,홍콩식토스트,17
catchtable_Q0yTCEGn97Z-3Maph3dXLA,코오리,True,weighted_match,206,테바사키,5,치킨난반,3,세비체,2,사카무시,2,보우즈시,2
catchtable_zsz4l9IRuV9ApOADTzFu6w,피노 PINO,True,weighted_match,164,안심 스테이크,18,채끝 등심 스테이크,16,봉골레,7,시금치파스타,7,명란 파스타,7
catchtable_eukAkOookfMY7bz-334S7Q,루위 如意 ,True,weighted_match,881,북경오리,562,소안심스테이크👍,36,VIP코스,35,새우완자탕면👍,20,채끝등심탕수육👍,19
catchtable_k59NB6-95SxuHlkIUWj55A,우살롱 (牛Salon),True,weighted_match,499,등심,32,육회,17,꽃등심,15,살치살,14,채끝,12
catchtable_pbz2xFJhGFc3dpbBCEY5Og,센티넬(SENTINEL),True,weighted_match,258,오렌지 샐러드,5,티라미슈,3,마라 크림 파스타,3,양배추 스테이크,2,살치살 스테이크,2
catchtable__BnEVY8ArzKSNlrc9Y6wpQ,더 이탈리안 클럽 현대 무역센터점,True,weighted_match,112,봉골레 파스타,17,남부식 살시챠 프리아리엘리 파스타,17,존도리 파스타,17,트러플 감자 뇨끼,12,참송이 풍기피자,9
catchtable_FHFfGLwLfzH7UlCxCOzrrg,청담고수 2호점,True,weighted_match,222,고수 숙성 목살,18,고수 숙성 삼겹살,17,냉면,13,고수 숙성 돈마호크,13,트러플 커리퐁듀,10
catchtable_CgIbbKNbn1nd9i3toDMlJA,더담우,True,weighted_match,1978,A 코스 한우 특수부위,218,B 코스 와규 특수부위,137,이벤트 히든 파르페,108,투뿔한우등심 타래소스구이,77,명품 이즈니버터 듬뿍 크림스피니치,56
catchtable_olew5kJ4KDxAOJvh0yB7WQ,창고43 청담점,True,weighted_match,106,육회,4,창고스페셜,2,물냉면,1,특안심,1,육사시미,1
catchtable_wdH9VtOqbjIE00aik7OezQ,서우 룸 다이닝 성수서울숲점,True,weighted_match,272,버터 탕수육,7,양장피,5,유린기,4,동파육,3,돼지고기 탕수육,2
catchtable_sBifg00zOUZSwEFpivNNYQ,낙원,True,weighted_match,285,한우 양념갈비구이 정식,43,국내산 한우 양념갈비 200g,28,1984 낙원 특양념대갈비 270g,22,"평양냉면 (물, 비빔)",13,한우 꽃등심구이와 곁들임 정식,11
catchtable_e5X6HeAwp32nfTi2paLSbw,춘식당,True,weighted_match,355,알곤이볶음,1,새우부추전,1,항정살구이,1,오뎅탕,1,김치전,1
catchtable_ZPF4rwXlRExdhpztedXmEw,안녕한우 해운대점,True,weighted_match,756,육회비빔밥,167,한우 육회 타르타르 150g,115,한우특수부위정식 100g,27,한우특수부위 100g,26,냉면[물/비빔],26
catchtable_Dbyi7WEs2pkv7YZqhr_ZTg,스시기요이 청라,True,weighted_match,284,런치오마카세,53,디너오마카세,53,,,,,,
catchtable_Gr5AFoq37_yxUZgUE4fS2Q,교카이젠 한남,True,weighted_match,117,당일 주문 가능한 메뉴는 인스타그램 스토리로 확인 가능합니다.,11,,,,,,,,
catchtable_vtzX6QehnUeobLfozZWzOQ,지즐 한우오마카세 합정점,True,weighted_match,649,디너주말) 한우 초가성비 코스,101,"디너주말) 한우 투뿔 1++No.9 안심,등심,갈비살 코스",74,디너주말) 한우 투뿔 1++ No.9 프리미엄 특수부위 · 랍스터 코스,67,디너주말) 한우 투뿔 1++ No.9 등심코스,59,평일런치) 한우 채끝등심 코스,59
catchtable_uDCWXH4XeJcBItCY0dnVCw,비네트 vignette wine bar,True,weighted_match,533,봄 시즌 코스,42,gamberi pistachio pasta,1,,,,,,
catchtable_K3U9yI9pBHnTcfy0ejzYmg,아벡재이,True,weighted_match,187,크림대구,24,파멍티에,18,라자냐,9,비스크,8,트러플 파스타,6
catchtable_0_TFVXAl0wimoiqSj8ESiw,을지깐깐,True,weighted_match,145,Bánh xèo 반쎄오,24,Phở lòng bò 소곱창쌀국수,19,Phở bò 소고기쌀국수,16,Cơm tấm 고기덮밥,14,Bún chả 분짜,8
catchtable__oi3KSqQ2uWPikYsRoSvMA,더레이크뷰,True,weighted_match,188,새우 샐러드 파스타,13,버터 페퍼 스테이크,10,안심 스테이크,10,메로 스테이크,8,양갈비 스테이크,8
catchtable_dII29XpKNBnRMTE4D4KoPA,오르노 목동점,True,weighted_match,117,프로슈토 루꼴라,3,마르게리타,2,콜키지,1,콜라,1,초리조,1
catchtable_08pxm5x4oouUYGuuZlj3mA,팔레드 신,True,weighted_match,1241,북경오리,244,하가우,42,멘보샤,22,어향가지,20,라탕면,15
catchtable_xA27m1MmkUNe5rM5Urgmiw,푸에르코 여의도 TP타워 WEST점,True,weighted_match,121,플루마,5,매운갈비찜,3,황제살,2,항정살,2,갈비살,2
catchtable_EhGO6Xmfb3_MTJsZDpgLkw,봄담아 목동점,True,weighted_match,279,평일 LUNCH 대인,2,평일 DINNER 대인,2,,,,,,
catchtable_kuGpMHwO_UFmaPpsEclvPA,미라이,True,weighted_match,454,사바산도,104,우니,24,아와비 야끼소바,7,생와사비,3,니싱우동,1
catchtable_owSZlMi78g9QaaGt0qSQew,하쿠텐,True,weighted_match,2169,이에케라멘,734,생맥주(레드락) 500ml,25,매운이에케라멘,12,,,,
catchtable__TQXE28nbgZbwMMno4K3Pw,스톤스트리트,True,weighted_match,666,청포도 샐러드,355,,,,,,,,
catchtable_OUopuhI0lSm0wzfj3R3Qsw,누메로도스,True,weighted_match,134,마스카포네,12,봉골레,4,아마트리치아나,4,마르게리타,3,잠봉,1
catchtable_jon15VKzrwGCBEHgHVJ1rA,초필살돼지구이 동래점,True,weighted_match,198,필살껍데기,115,진짜뒷고기,45,촌돼지김치찌개,17,더블치즈계란찜,13,애호박된장찌개,9
catchtable_-M7ti0O5CY3g0UcT9klTkw,본앤브레드 부산 더 스테이크하우스,True,weighted_match,622,시저 샐러드,3,비프 타르타르,2,해산물 파스타,2,와사비 시금치,2,아스파라거스&부라타,1
catchtable_XHQspaVP1G98fOXTGshtsg,샤브원 기장 동부산점,True,weighted_match,7776,"주말,공휴일 초등학생 할인가(이벤트 참여시)",237,"주말,공휴일 할인가(이벤트 참여시)",227,평일 초등학생 할인가(이벤트 참여시),180,평일런치 할인가(이벤트 참여시),170,평일디너 할인가(이벤트 참여시),170
catchtable_BRWwVkZEPvnWFoNi5Dg0Gw,하모,True,weighted_match,133,진주비빔밥,4,육전,4,헛제사밥,2,하모반상,2,석쇠불고기,2
catchtable_jDuH5skO8MyTKXWzdkeCxw,주점금붕어,True,weighted_match,157,100% 착즙 레몬소주,19,장별동 시그니처 닭구이,8,여수찌개,6,치즈파구이,6,몽골리안 닭구이,6
catchtable_SbMTUZivA9KmHjpP1oCABQ,서보,True,weighted_match,2323,족발덮밥,1321,태국식새우국밥,679,,,,,,
catchtable_ttbVjcWKX_FDFb48JTV7Tw,무드서울 MOOD Seoul,True,weighted_match,2548,트러플 파스타,22,문어,20,양갈비,9,비프 타르타르,8,피쉬 앤 칩스,3
catchtable_M861TaAuzTzLpLMM623NUg,제일제면소 서울역사점,True,weighted_match,138,매운 낙지 비빔칼국수,37,바지락칼국수,32,제일 샤브국수,23,얼큰 샤브국수,23,진한 들기름막국수,6
catchtable_gJRuFVfQqnxreqNPq5M62A,우테이,True,weighted_match,163,안심,6,우설,6,업진살,1,부채살,1,명란오이무침,1
catchtable_HlxSAKhIfSCGeN5VNKBwTA,을지다락 본점,True,weighted_match,142,다락 오므라이스,17,매콤크림파스타,12,차돌박이들깨파스타,12,가츠산도,9,와인에이드,9
catchtable_GxKTtkbO9HNHzhi8HHIvig,스시산원 반주헌,True,weighted_match,686,고등어 봉초밥,4,후토마키,3,슈토크림 파스타,2,방어세비체,2,은대구 미소구이,1
catchtable_hh2JHTAyTZZtcRO8aymGWg,스시시류,True,weighted_match,446,디너 오마카세,22,금 • 토 런치 오마카세,20,,,,,,
catchtable_i991nWeOM76QH-k1A1e5Fg,82올리언즈 강남점,True,weighted_match,459,몬테크리스토,60,코울슬로,14,볼케이노 맥앤치즈,11,레몬에이드,9,밀크쉐이크,6
catchtable_4-PZmyueraUDcgZvW__sSg,루쎄로,True,weighted_match,590,해물 빠에야 | Paella de Mariscos,132,꿀대구 | Bacalao al Miel,127,말라가 감자 샐러드 | Ensaladilla Malagueña,42,이베리코 스테이크 | Pluma Ibérica,17,감바스 알 아히오 | Gambas al Ajillo,11
catchtable_Do1Tb06pSE-MolmxMHT6Ww,야키톤 톤토로,True,weighted_match,366,톤토로,14,돈설,8,목살,7,꼬들살,5,뽈살,5
catchtable_dzat7kqXa4Xq1DE4xD5AMg,우마주 Woommage,True,weighted_match,348,우마주 시그니처 오마카세,33,,,,,,,,
catchtable_CfhaDvX9vtokvPX9S1e3lA,키친동백,True,weighted_match,156,런치 스테이크 코스,30,런치 파스타 코스,23,디너코스,12,,,,
catchtable_unx8Yi5U3jS5dBL5tSpOGA,호호방,True,weighted_match,148,치킨난반,3,게내장 볶음우동,3,육회김밥,2,삼치 사시미,1,메로조림,1
catchtable_N7UqlljnYe2Zrte3zHahnQ,그래비티 조선 서울 판교 앤디쉬,True,weighted_match,2596,성인 주말 및 공휴일,64,유아 주말 및 공휴일,64,어린이 주말 및 공휴일,61,성인 조식,11,유아 주중 점심,6
catchtable_Cg1pYmh5X0CfBxI_Akg-Hw,스시마카세  남부터미널점,True,weighted_match,140,런치 스시오마카세,42,디너 오마카세,16,,,,,,
catchtable_EBtuJjae1Xz8ICfEPFeVNg,태오 광안리,True,weighted_match,154,뽈뽀,40,쉬림프버터파스타,33,호주청정우 양갈비,5,"한우삼각살, 트러플, 수란, 이와시타",5,제주 뿔소라에스까르고,1
catchtable_quacv4o0YYh2Nzaqw-nAPg,비닐하우스,True,weighted_match,265,꿀대구스테이크,28,비프스테이크 마라크림리조또,6,고추장버터 부야베스,1,맬젓 오일파스타,1,바질조개술찜,1
catchtable_zYuoTP7SiiNmoBrkeqFNYA,스시스즈카,True,weighted_match,313,스즈카 3.5 (예약제),9,스즈카 4.5 (예약제),9,스즈카 5.5 (예약제),9,,,,
catchtable_Opbf8IhQhNKwwij0S7HhXA,본본레스토랑,True,weighted_match,238,12월 공연 스케줄,46,비스큐 파스타,32,쉬림프 크림 파스타,15,리코타 치즈 & 토마토 샐러드,10,랍스타 파스타,9
catchtable_xPsHIxZSaBwe_YZhIOCLVQ,부르 vuur,True,weighted_match,1079,토마호크,10,하몽,10,광어 세비체,2,우대갈비,2,구운 야채,1
catchtable_HuJ9Yr_7gDG7hsjtMW7zLw,옥토스 별관,True,weighted_match,413,활문어튀김,163,활문어코스,109,먹물라면,13,먹물죽,11,우니&단새우,3
catchtable_FS0x7_X2vvEYGK_f1iRi-Q,쌈보보쌈,True,weighted_match,458,막걸리샘플러,5,쌈보한상(2인이상),1,,,,,,
catchtable_WMOlcSCLkGiT2b5tJH5YFQ,을왕리꾸덕집 합정직영점,True,weighted_match,242,숯불 모듬생선구이 정식,81,숯불 모듬생선구이 스페셜 정식,81,숯불 모듬생선구이 특정식,78,청정제주금게 간장게장 한접시,36,해남우거지 왕갈치 조림,29
catchtable_rQ64VnOVkjMPdapGpMjOxA,라미아파밀리아,True,weighted_match,255,"이탈리안 한상(주중,주말가격동일)",9,평일 점심/ 단품메뉴,1,,,,,,
catchtable_roaiQGuyC0RifEXdCtsNjw,키친오늘 금호점,True,weighted_match,103,성게 어란 파스타,17,새우 세비체,4,베트남식 소고기꼬치+라이스 버미셀리 2P,2,베트남식 소고기꼬치+라이스 버미셀리 4P,2,,
catchtable_1Pp163Nr7Tu8fkIj3fwvoA,무라사키 사케다이닝 바(murasaki sake dining bar),True,weighted_match,224,"사시미 모리 (2인정도) Sashimi (tuna, flatfish, sea bream, sea bass, wheatfish)",10,🏆마구로 타타키 Tuna Straw Grilled,9,일본식 오뎅 fish cake,7,생 아나고 덴뿌라 conger fish tempura,6,한우 볏짚 타타키 스테이크 k beef steak,4
catchtable_mt_rSsjpGWG5u16QI7jfgw,TBD 한남,True,weighted_match,1377,Petit Four,1,,,,,,,,
catchtable_W9djtCwOBYZdRHGaj-Aggw,스시무카,True,weighted_match,321,이,185,무,122,기,113,카,67,동,33
catchtable_c-b4sLzjS2SrFKrH0OKQWQ,스시소라 서초점,True,weighted_match,6089,(룸) 런치 스시 오마카세,1803,(룸) 디너 스시 오마카세,1803,(룸) 런치 사시미 오마카세,594,(룸) 디너 사시미 오마카세,594,런치 카운터 오마카세,574
catchtable_62TjFFpvKOj38d5sUge0rQ,바이킹스워프 코엑스점,True,weighted_match,2250,성인 - $110,5,어린이 (36개월~만 12세) - $55,4,,,,,,
catchtable_-P2Cw5W3i2WZgRu5L333qQ,souv_seoul(소브 서울),True,weighted_match,107,항정살 구이,7,뇨끼,6,우니 파스타,5,양갈비 스테이크,4,페페로니 파스타,3
catchtable_T3zxV2O-V3v_0Sn6uZhUCA,호텔 카푸치노 레스토랑 핫이슈,True,weighted_match,303,시그니처 코스,6,티본 스테이크,4,문어,3,나폴리탄 파스타,2,스테이크 세트,1
catchtable_r74FOYWqOsM1ehLLUanSQQ,동면식밀면,True,weighted_match,1463,비빔밀면,134,물밀면,107,청양만두,57,고기만두,36,아롱사태수육,17
catchtable__L3uGHev_s2DA4VEiwE12w,샤브올데이 서울자양점,True,weighted_match,288,다양한 샐러드바 무제한 제공!,40,주말 및 공휴일(고기무제한),14,신선한 월남쌈 무제한 제공!,10,품질 좋은 소고기 무제한 제공!,7,초등학생,4
catchtable_KYNhTDES-NssLr4PPGgf0w,몰입 MOLIP,True,weighted_match,107,,,,,,,,,,
catchtable_Civ81d1rtcR6P-Y6Ab0lvA,브네 VENEZ  Wine bar,True,weighted_match,642,포르치니 삼치 파스타,114,가지튀김,91,세비체,79,소꼬리 트러플 로제 파스타,28,양배추 & 미소버터 소스,24
catchtable_zDVQmKIOOOQWOHQhcfIuWQ,처그 (chug),True,weighted_match,150,모렐버섯 파스타 (생면),15,전복과 관자,5,브로콜리튀김,3,한우 타르타르,2,참가자미 스테이크,1
catchtable_tv6yubJkgK6Ldy8_jUlTsg,팔도미역 서초방배점,True,weighted_match,210,[주문 1등] 순살가자미 미역국,56,[제주의추억] 성게 미역국,44,[기분좋은얼큰함] 얼큰 소고기 미역국,42,[진한.국물이.일품] 황태 미역국,40,[겨울보양식] 매생이굴 미역국,38
catchtable_FYeVpPN-r-LEKa5XExj1mQ,메밀단편,True,weighted_match,346,들기름 메밀면,84,차돌 메밀전,14,한우 수육,13,비빔 메밀면,12,한우 어복쟁반 (중),12
catchtable_WKdWUPsrn8ssRnQ-A51p-g,헤이베르트(heyvert),True,weighted_match,177,,,,,,,,,,
catchtable_8Bfw2LIe1omQcw3n3qq3_g,우동 키누(udon kinu),True,weighted_match,384,돈까스,48,가케우동,25,붓가케우동,20,붓가케우동 세트,2,가케우동 세트,2
catchtable_7LzjJDoxIohjnqttovILvA,크리스탈제이드 상하이 팰리스 잠원점,True,weighted_match,399,북경오리,76,새우탕 크리스피 라이스 핫팟,15,채소 계란 볶음밥과 眞마파두부,9,두부피 새우튀김 (3PCS),9,양주식 볶음밥,8
catchtable_epov6UY8Kjqxz0iwNwiEug,스시미우,True,weighted_match,344,런치 오마카세,70,디너 오마카세,70,,,,,,
catchtable_V6TUkyhtSPSGRR-y-yn32g,열기,True,weighted_match,386,김치말이국수,38,살치살,33,된장찌개,30,비빔국수,6,열기볶음밥,5
catchtable_goUlNFBEWMTjb98CE7Q1ig,우마담 호수,True,weighted_match,817,우마담 호수 오마카세,105,,,,,,,,
catchtable_Pea_ioSgZp2ZJIjf_3EOBg,솔솥 성수점,True,weighted_match,390,유린기,9,스테이크솥밥,8,전복솥밥,5,도미관자솥밥,3,꼬막솥밥,2
catchtable_8v-LYa7w6hwUp2y9smo76w,무제오(Museo),True,weighted_match,468,Dinner - Signature 코스,61,전통주 페어링(4Glass),31,MUSEO 프리미엄 백반,11,한우(++1No.9) 채끝 구이,7,,
catchtable_DHVQhsFvP-0VSsZBN9mNUg,양인환대,True,weighted_match,596,꿀등심,25,프랜치랙,15,갈비살,14,양전골,10,타락죽,7
catchtable_0n8-LOw2c9losmjrmpjKHw,생또오,True,weighted_match,175,런치 오마카세,55,디너 오마카세,54,오늘의 초밥,15,심야식당 (주류필수),4,후토마끼 한줄,4
catchtable_EYoZLZqPzTf_JXvcUqC87g,라뷔 ,True,weighted_match,152,Agneau,1,Spagetti,1,,,,,,
catchtable_BX9e_hsSM2pXpraQhzP9-g,언노운다이너,True,weighted_match,515,채끝 스테이크 버섯 샐러드,112,WET AGED ++1 한우 채끝 스테이크 300g,80,버섯피자,26,마르게리따 피자,22,프로슈토 루꼴라 피자,22
catchtable_SFqvys1CTto71hXb9xP8Pw,마마리다이닝,True,weighted_match,365,연근 닭강정,5,유린기,3,마마리 한돈 제육반상,1,닭다리살 숯불구이,1,문어 바질 샐러드,1
catchtable_wghxez9QXavlUDTobYh4FQ,도슬박,True,weighted_match,1084,닭곰탕 장어구이 세트,120,도슬박 주안상 디너세트,76,닭곰탕 항정강정세트,70,닭곰탕,40,갈비찜 반상,25
catchtable_x5rpgMoc5oN8fblGALIa4A,Pimfy 이태원,True,weighted_match,1339,"Chop, French rack Steak 차이브 찹 프렌치랙 양갈비 스테이크",163,AustrailaToowoomba Pasta 투움바 파스타,123,Fettuccine truffle cream pasta 페투치네 트러플 크림 파스타,85,Salad pasta 샐러드 파스타,73,Steak with Rice 스테이크 덮밥,72
catchtable_XW1Ly7NKpQNUvyJVLougng,스시이찌 가산점,True,weighted_match,133,주말 런치 스시오마카세,35,런치 스시오마카세,32,디너 스시오마카세,32,,,,
catchtable_-rdeioiOjOJWKfpAcRqU9g,베이비펌킨 신용산점,True,weighted_match,148,고사리 파스타,17,고고 샌드위치,14,우삼겹 깻잎 매콤 파스타,13,쥬키니 라구 파스타,12,부라타 치즈 & 계절과일 샐러드,11
catchtable_4JP0wZ6FaTs8cTDxwI0mhA,오르노 용산점,True,weighted_match,584,마르게리따,18,프로슈토 루꼴라,4,리가토니 로제 파스타,3,콜키지,3,마스카포네 스피니쉬 루꼴라,2
catchtable_JRFDzm9KfAxt1-05xStVvg,더펄 바이 그릴도하 THE PEARL by GRILLDOHA,True,weighted_match,605,샥슈카,5,타진,4,팔라펠,3,무사카,2,꼰낄리에와 마스카포네 오븐 파스타,2
catchtable_CZ0h5n0vFMFvnvI9G0yOZw,스시카이,True,weighted_match,232,런치 스시오마카세,83,디너오마카세,33,,,,,,
catchtable_qaOjhOXry0PY32Xo8wdjXA,샤브올데이 부평오거리점,True,weighted_match,194,다양한 샐러드바 무제한 제공!,27,주말 및 공휴일(고기무제한),10,신선한 월남쌈 무제한 제공!,7,품질 좋은 소고기 무제한 제공!,3,리버스탭 무제한 제공!,3
catchtable_trZcS7fvpQRa5H3FnqGJjA,푸에르코 판교점,True,weighted_match,214,플루마,7,갈비살,6,항정살,6,황제살,5,샤또브리앙,3
catchtable_9vbf34A-VscCy2YBuAE0Ug,정희 판교아브뉴프랑점,True,weighted_match,859,고사리 크림수제비,21,감태 타르타르,18,봉골레 칼국수,14,묵은지 회말이,8,육개장 칼국수,6
catchtable_BbbTrT71xce_FSVxHlKNdw,작은스페인,True,weighted_match,738,바르셀로나 꿀대구,22,바르셀로나 기념일 세트,21,화이트 크림 뇨끼,15,하몽 샐러드,14,채끝 등심 스테이크,5
catchtable_VZE5sWUefeso-loq7fR0oA,주신당 신당역 본점,True,weighted_match,248,시그니처 12지신 칵테일,93,클래식 칵테일,77,감자전,10,고양이케이크,7,달나라 떡볶이,3
catchtable_QQKEP3vw3TppptBc6SdJcA,더타코부스 코엑스점,True,weighted_match,124,비리아 타코 (2Pcs),28,까르네아사다 타코 (2Pcs),25,감바스 타코 (2Pcs),25,연어 타코 (2Pcs),25,뽀요 타코 (2Pcs),25
catchtable_4lSAAbcVRcSnsppUa5fFlQ,음 이터리,True,weighted_match,208,"칙피 후무스 아일랜드 (VG, GFO)",13,고메 샌드위치,12,"파머스 플랜티풀 커리 (V, VGO)",10,"홈메이드 당근라페 치킨 샐러드(LCHF, GFO)",10,나의 그리스식 파스타 (V),10
catchtable_PgkNN0Zgp1B3QUidGJG6vg,우애,True,weighted_match,128,육회,11,등심,8,새우살,5,트러플육회,4,특안심,4
catchtable_OT6MfL2X8YV_YSF2hsZ0Cw,105405 Steak & Bar 마곡,True,weighted_match,386,런치 스테이크 코스 [USDA 토시살400g],165,디너 C코스 [한우1++9]400g,64,디너 A코스 [USDA 토시살400g],63,디너 B코스 [USDA 살치살450g],63,,
catchtable_PdoLoHOTQBjOVANj0kO2YA,천하장사냉면굴전문,True,weighted_match,143,매생이탕,9,굴찜,7,만두,4,굴떡국,2,굴라면,1
catchtable_ptDjBcc1v1GGXVKA-qpgsw,The형제 논현 본점,True,weighted_match,467,특 스페셜 코스 (1인 싯가),63,스페셜 코스 (1인),63,계절 코스 (1인),54,주말 패밀리 코스 (1인),49,형제 코스 (1인),47
catchtable_MriTVERNKCpUkqPZxBZeYg,소연옥 해리단길점,True,weighted_match,132,규카츠정식+연어덮밥정식세트,32,규카츠스몰+비프멘치1/2 정식+우동,20,살치살규카츠 정식+우동,19,연어덮밥 정식+우동,15,규스몰+멘치1/2정식+연어덮밥정식세트,9
catchtable_rXHR-koooGdCzuiQjQFE9w,노우즈 풍경점,True,weighted_match,259,부채살 스테이크,28,라디치오 샐러드,15,버섯크림스프,6,단호박크림 옹심이 오르끼에떼,4,베이컨 마늘쫑 토마토 스파게티니,2
catchtable_qYp8XaVam4GLLTJh2Urj2w,챕터 쓰리 ChapterThree,True,weighted_match,193,"오마카세 칵테일 ""OMAKASE""",121,술탄의 카이막 Sultan's Kaymak,3,로즈 뒤 프랭스 Rose de prince,3,살사 치즈 프라이즈 Salsa Cheese Fries,2,셜록 sherlock,2
catchtable_VcR84c5p7cymhrjqFINVxQ,양상국 해운대 직영점,True,weighted_match,160,한우 대창 1인분,43,한우 고기 된장찌개,13,특미 양 철판 김치볶음밥,7,수제 양 쌀국수,6,최고급 특양 1인분,4
catchtable_p3Z1YvXnD8eTwqeLZeW4EA,엘벧엘,True,weighted_match,385,유린기,21,게살볶음밥,20,해물탕면,20,레몬탕수육,15,차오멘,3
catchtable_orK8dci0TnOtT3pB2UDgDw,마키노차야 블랙31 롯데월드타워점,True,weighted_match,2355,와인뷔페,333,어린이 평일 저녁&주말 및 공휴일,67,성인 주말 및 공휴일,31,성인 평일 점심,31,성인 평일 저녁,31
catchtable_4zFz_MGAidageFqyuC9kKQ,샤브20 송파감일점,True,weighted_match,587,풍미 깊은 숯향과 육즙의 콜라보 LA갈비,161,주말공휴일(고기무제한),33,최고급 소고기 무제한/돼지고기 무제한,24,"샤브20의 시그니처닭강정(양념,간장)",22,생맥주 무제한 (품질보증),15
catchtable_w9SLinTnu7rR47FochSY6w,로프로프,True,weighted_match,114,아보카도 오픈 토스트,11,트러플 잠봉뵈르,9,프렌치 어니언 수프,7,시즈널 가든 프로슈토 샐러드,6,당근 라페 크림치즈,4
catchtable_KMDrCHK5jUWL9MeagFce8Q,MAISON HANNAM,True,weighted_match,1926,메종한남 티아라 케이크,62,에르메스 케이크,45,,,,,,
catchtable_jpwuV4P-EC1KDABGjdZavg,신주옥 오산점,True,weighted_match,101,얼큰 고사리 모둠내장국밥,13,순대만 갓순대국,12,맑은 고사리 갓순대국 수육정식,11,얼큰 고사리 갓순대국 수육정식,11,고기만 갓순대국대표,10
catchtable_nqqoY-lsQM-GBSIYcCTm7g,수유 섬진강민물장어 본점,True,weighted_match,128,솥장어덮밥,61,1984장어탕,59,1984장어죽,59,함초소금구이,6,마늘고추장구이,3
catchtable_OrV61WR7R-4GDzH5NeEnGw,하오카오스탠,True,weighted_match,547,새우,28,양꼬치,8,옥수수,7,가지탕수,6,고수크림새우,6
catchtable_RobnvS7w0NQAJR4s8Puc9Q,친화력,True,weighted_match,140,오늘의 파스타,7,세비체,4,타코롤,3,참소라,2,가라아게,1
catchtable_25Kk2gjkg7H_oELz0n_wFg,타테이와,True,weighted_match,531,전복내장파스타,75,오늘의 모둠 사시미,69,"제철생선스테이크, 보리리조또",24,미소 봉골레파스타,13,네기토로 아보카도,12
catchtable_6fn2t3K8jrpO_ND-c5bFCw,문화식당 성수점,True,weighted_match,184,뇨끼,20,김치볶음밥,7,오무라이스,4,아란치니,4,살치살 스테이크,2
catchtable_FMRiD5c9zzH6Hb9jwZCAAw,바른고기정육점 서래마을본점,True,weighted_match,324,1++한우 생불고기 평양냉면 세트 / 1인,39,1++한우 생불고기 비빔냉면 세트 / 1인,36,1++한우 생불고기,30,1++한우 생불고기 솥밥 세트 / 1인,30,불고기추가(점심세트) 180g,19
catchtable_kv0zcFtq7rX2CGjCMpv8qQ,빌라토,True,weighted_match,473,뇨끼,53,라구,26,보타르가,17,비스큐,13,봉골레,11
catchtable_dcKmPPOzsl0AOjbDPzXWiQ,기무,True,weighted_match,244,기무VIP코스,20,,,,,,,,
catchtable_4UP4Dui2zcWP3bRrwALAEA,크림 레스토랑앤디저트바,True,weighted_match,672,6글라스 와인 페어링,104,3글라스 short 와인 페어링,104,디너 코스,97,주류 콜키지,14,,
catchtable_FkyZt1tjy2chfvW0B7QSNQ,육즙관리소 양재역본점,True,weighted_match,119,고기듬뿍 특돼지국밥(점심특선),52,고기듬뿍 고추장찌개,50,고기듬뿍 고추장찌개(점심특선),50,오늘의 특고기(160g),47,김치 철판 볶음밥,8
catchtable_PkNoP0RxI8D4YcJaHbjS5g,유루유루스시,True,weighted_match,1653,디너,105,런치,96,,,,,,
catchtable_X_zKQFSKH_WmETCj8Usa4A,클라우드32,True,weighted_match,220,와인 SET,2,,,,,,,,
catchtable_ZsP7f3iDhQOId_3MocrQ3Q,베지스튜디오,True,weighted_match,144,깻잎-아보카도 채소주스,42,채소밥 VEGE RICE LUNCH,9,시즌 세트(런치),7,옥수수&연두부 샐러드,5,,
catchtable_y55Lo9PBMzQainsotK1mAQ,스시소라 종로점,True,weighted_match,281,런치)카운터 오마카세,30,디너)카운터 오마카세,30,런치) 룸 오마카세,27,디너) 룸 오마카세,27,,
catchtable_rBCr02wvAKN7chhdYayAdQ,더 페어링 롯데백화점 에비뉴엘 잠실,True,weighted_match,266,한치,3,육회,3,진갈비,2,전복 카바텔리,1,항정살,1
catchtable_4WWHNZcDeBnRKnPBgn-qxQ,스시사카바,True,weighted_match,344,· 鯖 / さば - 고등어,13,トマト ラーメン / 맥시코 토마토 라멘,10,煮魚 - にざかな / 생선조림,10,· あん肝 / アンキモ – 안키모,7,· 鰤 / ぶり – 방어,7
catchtable_CLQ2z62nz8xjtNQhqEZM_Q,산지,True,weighted_match,291,간장게장_포장,145,양념게장_포장,112,고등어 포장 1pcs,4,고등어 구이,1,,
catchtable_6bgGbGWtpVneIX_qT-WTuw,모던샤브하우스 여의도점,True,weighted_match,1191,성인,4,,,,,,,,
catchtable_cqHwnYv4dFWl8XZDQLq6Lw,스시 아오이로,True,weighted_match,1089,런치 오마카세,243,디너 오마카세,240,,,,,,
catchtable_UAMNUf4T2v_5tyxFfVUGbg,쿠시루,True,weighted_match,164,쿠시카츠 오마카세,38,쿠시카츠 오마카세 5종,37,쿠시카츠 단품,27,,,,
catchtable_whHLSDEQk6aj0eHui-OVNQ,예우,True,weighted_match,2807,,,,,,,,,,
catchtable_v2KrFIQoFsEpDSq8Oae3SA,스시키쿠,True,weighted_match,391,고등어 봉 초밥,71,레일 위 스시 접시당,65,네기도로 새우튀김,49,3시간 찐 전복+내장소스,15,참치뱃살,13
catchtable_A0HeHE-i4i1daAB3--6JuA,스시시미루,True,weighted_match,710,오마카세 디너,121,,,,,,,,
catchtable_PVPj1dqkWy0BrLlPj_yJZg,카멜커피 신세계 센텀시티몰점,True,weighted_match,452,카멜커피,86,라떼,21,아메리카노,12,밀크티,8,카푸치노,4
catchtable_eeSRmlVQ0nJqINHM9Qpt7Q,노말키친 혜화,True,weighted_match,230,만조 피자,23,깔조네 피자,22,치킨 크림리조또,22,삼겹살 로제 파스타,20,우삼겹 바질 파스타,15
catchtable_Nsxlu8hiJpRhzj9VE8ptnA,타코로 쌈바,True,weighted_match,220,칠리 크림소스 파스타,56,그릴새우 퀘사디아,17,멕시칸 옥수수 스프,14,고수 파스타,12,세비체와 나쵸,8
catchtable_BGqBmn6Kz_lilP0sR05nMw,주신당 용리단길 용산,True,weighted_match,112,말,21,양,20,용,18,소,16,개,8
catchtable_OBCXCA48xgzUikY-KMlePQ,갓포하루,True,weighted_match,129,쉐프 오마카세코스(스페셜),31,오마카세,30,봄맞이 한정 코스,11,스시 정식(한상 차림 제공),10,특정식코스(간단한 식사 및 안주),10
catchtable_yHLuidYYo0f4EbMjWNoRJw,산들해 송파점,True,weighted_match,237,한정식,11,황태구이,2,해물파전,1,홍어회무침,1,낙지볶음,1
catchtable_KjZBndO6egk-QqCy30CuKw,우일면옥 본관,True,weighted_match,116,냉면에 싸먹는 고기,56,비빔칡냉면(보),34,비빔칡냉면(곱),34,감자만두,6,,
catchtable_6O2HwR4NXbk6A7YTMUHxqg,워낭 사당본점,True,weighted_match,298,청첩장 모임 세트,61,참숯황제갈비 (250g),23,숯불갈비 한판,15,갈비 솥밥,15,치즈품은 감자전,13
catchtable_q6GysYT0KEETIZRGfldP6A,크리스탈제이드 용산 아이파크몰점,True,weighted_match,403,해산물 짬뽕,33,채소 계란 볶음밥과 眞 마파두부,27,숙성 한우 탕수육,22,크리스피 오리 튀김과 밀전병쌈,21,이베리코 스테이크 자장면,14
catchtable_2g2qgp60tc_fYqrAAoK5bw,동래정 아현점,True,weighted_match,249,차돌 뚝배기된장,22,제주산방 비빔밀면,15,동래목살(180g),14,애호박 고추장찌개,11,계란찜,6
catchtable_cjAy_NbP17irQfzaRfqoBw,CHOI. 쵸이닷,True,weighted_match,4104,Four Course,2,Dinner,1,,,,,,
catchtable_HdEZ1BmY1KH5ntCPdxozDA,스시미진,True,weighted_match,626,,,,,,,,,,
catchtable_IWEnmkE717yobTUt-nEMtw,리틀넥 한남,True,weighted_match,167,라자냐,20,새우 바질 리조또,13,명란 크림 파스타,13,고구마 프라이즈,11,하우스 스테이크,10
catchtable_YA1NQlcqwoh5UG_bb7CrDw,안목(安木) 성수점,True,weighted_match,143,돼지국밥,25,순대,6,2인세트,2,머릿고기국밥,1,냉수육무침,1
catchtable_LnM3P0JUQ9B_hgPrrgaGeA,BISTROT de HERMEL 비스트로허멜,True,weighted_match,111,생선,11,에스까르고,6,브랑다드,4,푸아그라,4,치즈,2
catchtable_eg3IntHJre83NkszON2MoA,또와요 짬뽕,True,weighted_match,125,짜장면,23,수제짬뽕순두부,19,눈꽃탕수육,16,황제누룽지탕,11,풍미볶음밥,6
catchtable_a7IfFijbdGwg-5pbfXJcbg,오스테리아 현,True,weighted_match,118,프로슈토꼬또루꼴라피자,11,비스큐 파스타,11,포르치니 트러플 버섯 피자,9,마르게리타 피자,8,암소 한우안심 고르곤졸라 피자,8
catchtable_jYorXcvCw94rl5-fEM1GpA,무우키 (MOOUKI),True,weighted_match,342,피스타치오 파스타,38,대구살 스테이크,32,컬리플라워,8,카치오 에 페페,6,청양고추 아이올리 빠따떼,5
catchtable_WngaLIafOHoSfVE9vZiTfQ,클랩피자 신세계사이먼프리미엄아울렛부산점,True,weighted_match,133,콘샐러드,2,치즈,2,라구 파스타,1,트러플 고르곤졸라,1,갈릭 슈림프,1
catchtable_Z2dHiXC52dW7uCwy6UfVeA,분지로 사운즈한남점,True,weighted_match,563,사케동,6,카츠 나베,4,스페셜 멘치 모듬,1,카라이 토마토 카츠 나베,1,스페셜 카츠 모듬,1
catchtable_L9P7cdQ2Ib_HwhlTkl_Gdg,음 세이로무시,True,weighted_match,108,마,27,고구마,18,야채,7,옥수수,3,스지오뎅,3
catchtable_OJfb7S2W0_q5LZtcMWRqXw,오마카세 우지 ,True,weighted_match,604,디너 오마카세,10,스지,6,메로구이,3,런치 오마카세,2,도미 머리구이,1
catchtable_BjVFc6MmsqnueB9xMJ8LFQ,남짐릇,True,weighted_match,169,카오카무,8,쏨땀,8,똠얌쌀국수,4,닭고기 쌀국수,4,까이텃,3
catchtable_r7VaGmVoGKX0X7x-1RqzlQ,목계화원,True,weighted_match,1005,[코스] 닭 시그니처 정찬 (1인),168,[코스] 살치살 시그니처 정찬 (1인),168,닭 샤브샤브 (1인),119,살치살 샤브샤브 (1인),119,장각구이 (1pcs),12
catchtable_aAK-uBXU_4v1vJbuWN8ewQ,Bored&Hungry 보어드앤헝그리,True,weighted_match,316,shrimp O.G｜새우버거,158,O.G champion｜O.G 버거,105,Mutant Hot shrimp｜뮤턴트 핫 쉬림프🌶🌶,32,Classic cheese｜클래식치즈,14,Chipotle spicy｜치폴레 스파이시🌶,3
catchtable_JrwyGKWyF3-DFpbK3GROvA,오늘초밥 용인 수지점,True,weighted_match,220,초밥,73,,,,,,,,
catchtable_G9mZCZsrqSfESybqCapWAw,샤브올데이 안산문화광장점,True,weighted_match,101,다양한 샐러드바 무제한 제공!,14,리버스탭 맥주 무제한 제공!,10,주말 및 공휴일(고기무제한),9,품질 좋은 소고기 무제한 제공!,6,신선한 월남쌈 무제한 제공!,6
catchtable_BcUr4DH8m0uBOosr4Pdy7A,어느달,True,weighted_match,203,연어샐러드,11,봉골레 파스타,4,갈릭쉬림프 파스타,2,새우 필라프,1,카프리제,1
catchtable_L5TQhVjUD8KS_2b-KW6Q3A,코트야드 메리어트 서울 명동 모모카페  ,True,weighted_match,303,주말 및 공휴일 런치 뷔페,43,평일 런치 뷔페,40,조식 뷔페,35,디너 뷔페,35,,
catchtable_3pW76L-REqkvSdBYGncSdw,스시도키,True,weighted_match,561,런치오마카세,89,디너오마카세,89,콜키지 와인/샴페인/사케,15,콜키지 매그넘,4,,
catchtable_jmGFoSyHTDX29RW2z376ZA,카밀로라자네리아 ,True,weighted_match,539,"에밀리아 라자냐 세트(샐러드,레몬밥,디저트포함)",204,"몬타냐 라자냐 세트 (샐러드,래몬밥,디저트포함)",193,"깜보라자냐(샐러드,레몬밥,디저트포함)",193,"먹물 생면 새우 비스큐 딸리올리니세트(샐러드,레몬밥,디저트포함)",82,,
catchtable_jiSdq_u_Zmi03QVoHrNJKA,스시유우히,True,weighted_match,1299,디너 오마카세,184,런치 오마카세,183,,,,,,
catchtable_CgDhLLJensbyaBDb-h9mZg,두어마리,True,weighted_match,139,장어회,25,장어탕,18,더덕구이,6,우니 장어회,5,우니한판,2
catchtable_A6GKrOxdUjOhVIurxNa0pw,익스프레스 노원 바이 미라쥬,True,weighted_match,229,스테이크샐러드,3,큐브스테이크,2,불암산 리조또,2,명란크림 파스타,1,태릉 솔밭갈비 파스타,1
catchtable_QobiAELPFhUa5nvCKKmgcg,다이키 잠실새내,True,weighted_match,154,사바보우즈시,4,마구로 타르타르,2,사시미 모리아와세,2,통우럭튀김,1,미소크림파스타,1
catchtable_rjJqbZ4kLszwzEuG4kll1w,숙성도 을지로점,True,weighted_match,897,960 숙성 뼈등심,36,720 숙성 삼겹살,24,갈치속젓볶음밥,12,된장술밥,9,명품김치찌개 추가,8
catchtable_wD_eYcw2PD1ajWm1fxfuBg,오카야,True,weighted_match,387,가성비 코스,118,오카야 코스 (마츠다부장님코스에서 이름변경),45,카이센동,17,,,,
catchtable_ejRvxp6F81dB5GByLKH2DA,SUTIMOON [수티문],True,weighted_match,1012,아연 | 雅宴,1,,,,,,,,
catchtable_fE10Mv8RxzNj_MlJ7I0Tew,오오키,True,weighted_match,977,런치,81,디너,72,,,,,,
catchtable_YmpaGn-DT7ZrL2jXgFaKag,까사 안토니오,True,weighted_match,218,,,,,,,,,,
catchtable_7fJcFpE2snYtIA6mEsD-mw,돼지맨숀,True,weighted_match,126,김치찌개,20,두툼목살 - 이베리코,14,인생목살,10,황제살,6,청국장,6
catchtable_J_iYIb6EUAwqIVI7Qlvogw,해물꾼조태산 양평본점,True,weighted_match,427,매일받는조개칼국수 1인,150,통통새우튀김(4마리),19,生낙지탕탕이(1미),9,배춧잎 찜만두 8P (고기 / 김치),3,갑오징어부추초무침,2
catchtable_el_DoZ_kv30-ucnREPLHwA,이태원 실비디스코,True,weighted_match,113,맥주,3,짜파게티,3,육사시미,2,냉제육,2,조개술찜,1
catchtable_ismFbcBRK42FfOpwb6kLCA,한우오마카세 청담 우월,True,weighted_match,215,우월 미니 테이스팅 코스,32,우월 클래식 코스,26,,,,,,
catchtable_W-X0RCNSIEBuJgQrgLAK1A,금수정 숯불장어다이닝 본점,True,weighted_match,202,장어탕,8,전복버터구이,5,전복죽,3,명란버터구이,2,냉열무말이국수,1
catchtable_--u-u6lRhPIwG-5H62yRrg,어머니와 아들(포방터),True,weighted_match,184,닭볶음탕,66,라면사리,20,닭곰탕,17,(여름 시즌 메뉴) 초계국수,8,떡사리,6
catchtable_YKFft_RIfY2JRUENQUqwrw,해남천일관 롯데백화점 에비뉴엘 잠실점,True,weighted_match,232,심(心) 코스 - 영광 보리 굴비 선택,49,심(心) 코스 - 한우 갈비살 떡갈비 선택,36,연 코스 / Harmony Course (상견례전용),14,,,,
catchtable_QbjUpwhzZ-TGAEhhrLI-hA,용수산 비원,True,weighted_match,275,禮節 예절 [YEJEOL],2,時林 시림 [SIRIM],2,,,,,,
catchtable_RyF5swwCcb1LJYX4x_Y9og,모던샤브하우스 센트럴시티점,True,weighted_match,1746,엑설런트 (성인),10,스페셜 (성인),6,시그니쳐 (성인),4,,,,
catchtable_3WZE4NcsIn-AbDPC6bCH1A,칸스 샤로수길점,True,weighted_match,269,스몰 다이닝 코스,142,칸스 다이닝 코스,96,타코 플레터(2~3인),31,치킨 타코,31,부채살 그릴드 타코,30
catchtable_NgAYtHXDaCyT4niYZsiVgg,롯데호텔서울 모모야마,True,weighted_match,136,디너 오마카세,28,런치 비즈니스 오마카세,28,디너 비즈니스 오마카세,28,런치 오마카세,27,모모야마,13
catchtable_z7Rae7ndQv9-IPSzpJWmTQ,아나바,True,weighted_match,281,우대갈비,32,마늘갈비,15,꽃살,9,안창살,6,치마살,2
catchtable_V6T1NQocxVuUYuIiO7QddA,뿔,True,weighted_match,121,살치살,14,토시살,11,채끝,8,안심,7,치마살,5
catchtable_DcstXs1qX12YOIfuGtz_Jw,오래갈비 방배본점,True,weighted_match,125,한돈 양념갈비,37,횡성 막장찌개,13,한돈 생갈비 (한정),13,후식 한우 함흥냉면 (후식/물),10,태백 더덕구이,7
catchtable_ICCWnFZhM1FvO6nkjW2w3g,퍼시픽 스탠다드,True,weighted_match,129,퍼시픽 크림 치즈 플래터,4,아보카도 바질 피스타치오 파스타,3,미트 파이 라자냐,3,그릴드 문어,3,항정살 & 머쉬룸 소프트 라이스,2
catchtable_JU7Gd-QbY3t57QLUR7xFEA,솔솥 한남점,True,weighted_match,491,유린기,8,스테이크솥밥,7,도미관자솥밥,5,닭갈비 솥밥,3,전복솥밥,3
catchtable_Qw9j9CxvhXwQnuZuD8LeLg,카페룩트(brunch cafe),True,weighted_match,126,라떼,5,바질 게살 파스타,1,치킨 프로마쥬,1,아보카도 에그 오픈 샌드위치,1,크럼블 치즈케이크,1
catchtable_VqSMbHVHQWLPEqJXkCU5cg,을지로손칼국수 양정본점,True,weighted_match,316,한치비빔쟁반,164,손칼국수,62,수육/문어(소),49,수육/문어(대),49,,
catchtable_ih8hgqWIiDWe8sw2SSld3Q,오초오늘의초밥,True,weighted_match,280,카이센동,25,후토마끼,18,오늘의초밥,8,제이타쿠동,5,카이센동특,1
catchtable_kMPxtYQnGbRoaOdy4Hnfdw,스시에비스,True,weighted_match,201,런치 오마카세,39,디너 오마카세,36,생선회 코스,5,,,,
catchtable_zUYslMqUnq3VLpNKQdKb_Q,와슈다이닝 슈토,True,weighted_match,278,사케,203,쉐프코스,36,디너 코스,19,,,,
catchtable_Drm4KYy-g7bcDP56e1g5Xw,대왕육,True,weighted_match,171,대왕목살 200g,62,김치찌개,10,계란찜,4,특수부위 200g,3,비빔냉면,3
catchtable_Mww8VUoJAF03iGph7oDTiw,더쉐프인젤코바,True,weighted_match,185,철판A코스,37,철판B코스,37,철판C코스,37,런치코스,16,어린이코스,15
catchtable_9F-UGjn2NAfEiKd8q9bKXg,온다,True,weighted_match,239,뽈뽀,11,단호박스프,6,프레스카,3,알리오 올리오,2,고르곤졸라,2
catchtable_05RRCMozyClYR0X7yYygXg,83해치 사상점,True,weighted_match,185,된장술밥,25,돼지껍데기 150g,14,생삼겹살 150g,9,생목살 150g,7,해치 돌판 볶음밥,6
catchtable_bgpdU5YaRTiZ6pRRI0Ol9Q,마쁘띠메종,True,weighted_match,231,,,,,,,,,,
catchtable_uKhrnA3SU-tJEK6ecG7qXg,제리브라운,True,weighted_match,1120,맥앤치즈,43,봉골레,19,트러플 로제 뇨끼,18,비프 스테이크,6,하와이안 쉬림프&포테이토,2
catchtable_awAsUXsanOv95mXAV3lY_A,플롭 안국,True,weighted_match,746,불고기어니언타코,11,갈릭바질크림치즈,8,콘치즈닭갈비,4,스위트 옥수수,4,옐로우쉬림프,4
catchtable_8wHRqLBPHeW-eWk1j7OYcw,청담 긴자블루 ,True,weighted_match,1020,디너 오마카세,7,런치 오마카세,3,프라이빗 오마카세,2,매생이 전복죽,2,특초밥,2
catchtable_5SOnulfQjEhmEQzWrh5txw,열정도쭈꾸미,True,weighted_match,154,우동사리,3,철판쭈꾸미,2,연탄쭈꾸미 삼겹구이,1,치즈사리,1,떡사리,1
catchtable_7BLOKymRhnS2eZZ7auRzLw,시시비비,True,weighted_match,160,전통주,8,가쓰오 명란 간장 계란밥,1,보리새우 미나리전,1,소주,1,매운 통마늘 양지 스지찜,1
catchtable_d-UisGmrmJuYUPevP9mSXQ,해누리분당점,True,weighted_match,365,해누리 한상,20,보리굴비 1미,16,보리굴비 도시락,16,버섯불고기전골,11,더덕마늘보쌈+고등어 도시락,8
catchtable_xx_qX-LWonEqJX41ImYz8w,런던베이글뮤지엄 도산,True,weighted_match,4456,플레인 베이글,25,꿀,19,아메리카노,14,무화과 베이글,14,블루베리 베이글,13
catchtable_2zkqza-1FNse6CAy5Ui0ag,베라 한남점,True,weighted_match,104,3가지 버섯 피자,19,피자 페어링 세트,18,마르게리타 피자,17,프리아 살시차 피자,17,꼬또&모르타델라 피자,17
catchtable_bt7P-ViR5O-sQfvZfM1IXA,청기와타운 강남역점,True,weighted_match,168,수원왕갈비,9,돼지갈비,4,양곰탕,4,토장찌개,3,빗살로스,3
catchtable_2AEt6xoDFtFXhjQGJIzGag,이치류 한남점,True,weighted_match,165,양고기 생등심,35,양고기 꽃갈비살,34,특 양고기 생살칫살,31,이치류 스프카레,28,코쇼멘,3
catchtable_UrgYS5QQPXY3lKGw9MwrgQ,유원,True,weighted_match,176,한우로스 무제한,40,,,,,,,,
catchtable_9PtSWqotK6z_Iy-nkB-BZw,우미남 동탄점,True,weighted_match,238,살치살,9,안창살,8,새우살,8,알등심,4,솥밥,4
catchtable_kjRnS8ynRaA4Zz0dpqB87A,핑크솔트 숯불구이 합정,True,weighted_match,201,기본 테이블 세팅,16,한우 버섯 불고기 전골,13,한우 안심 1++(100g),12,한우 채끝 1++(100g),11,한우 육회 비빔밥,11
catchtable_i94msvKO-Ruccjliypyeow,백목가든,True,weighted_match,102,"흑돼지 한판 (500g, 2인)",24,"흑돼지 특판 (500g, 2인)",21,백목 짬뽕,14,백목 밀면,9,백목살 *한정판매*,8
catchtable_pJRtcTiWZDdzW0Lomib5NA,아쿠아(akua),True,weighted_match,473,츠쿠네,10,도미 솥밥,6,양카츠 브리산도,6,미소 가지,3,갑오징어 튀김,2
catchtable_LDnajl5Pang_VkNyVqGNQg,밀리언스푼,True,weighted_match,182,안심 스테이크,46,밀리언스푼 프리미엄 코스,27,통연어 청양 크림 파스타,16,왕새우 비스크 파스타,10,볼로네제,5
catchtable_RtvvB05CmdFEm5HEWKusBQ,SAWARE (사와레),True,weighted_match,155,이베리코 스테이크,8,오늘의 스테이크,7,이탈리아 브래드 2종류,6,미트볼 스튜,3,문어 뽈뽀,2
catchtable_ThtFmj9zLkQd08poIcQcDw,방실 VINSEAL,True,weighted_match,204,치즈 폭탄 잠봉 그라탕(한정판매),15,화이트 라구 파스타,12,베이컨 잼 파스타,12,방실 시즈널 코스(2인),11,주인장 필살기 바나나 푸딩,11
catchtable_UtYmEmmzeUoimoQtbAEw7Q,빕스 송도점,True,weighted_match,106,성인 샐러드바(평일 런치),11,성인 샐러드바(평일 디너/주말/공휴일),11,청소년 샐러드바(평일 디너/주말/공휴일),11,취학샐러드바,11,미취학샐러드바(36개월 이상),11
catchtable_Rmllk1fX2HIThYJvrGhL4A,광안다이닝,True,weighted_match,260,3글라스 페어링 코스,102,4글라스 페어링 코스,102,코스 ( 와인 바틀 주문 ),10,,,,
catchtable_ZhlCGLBGDbRVOUSMC_Ueew,카나비 용산,True,weighted_match,575,먹물 멘보샤,23,한우 타르타르,5,봉골레 수제비,3,기네스 흑맥주 소갈비찜,2,구운 고등어 국수,2
catchtable_Bgw50CsQOfZ6xakMGLkPZg,긴자 사당점 ,True,weighted_match,122,[주말] 주말 가족 정식,15,[주말] 주말 가족 코스,12,[일품 요리] 모둠튀김,7,[저녁] 사시미 코스,6,[점심] 점심 정식,6
catchtable_lsHT1LxRFcIuEU6ftmO7YQ,사랑이 뭐길래,True,weighted_match,436,생참치김밥,6,오이무침,3,돼지수육과 김치,1,탕평채,1,돼지고기 김치찜,1
catchtable_ZUkdnPBnfcXXKNTPJmNyfA,파드,True,weighted_match,170,우대갈비와 후추소스 스테이크,22,마팔디네면 트러플 파스타,13,오리가슴살 스테이크와 라즈베리 소스,11,그릴 라디치오 샐러드,9,링귀니 네라노 파스타,5
catchtable_Uy6myvpwJSLwps6Iw97O_Q,돈까스의 집,True,weighted_match,385,생선까스,179,돈까스,140,정식,40,함박스텍,2,,
catchtable_PJzQeOwTISHJhHz1capqlQ,와인바 컨티뉴엄,True,weighted_match,127,시그니처 치즈파이,3,"제철 생선, 주키니와 여름 야채",1,"숙성 소갈비살과 제철야채, 알감자 튀김",1,"하우스 브레드, 발효버터",1,"치즈플레이트 (2종류, 4종류)",1
catchtable_8illgT66gMOznK2FMKOFng,낙원타코 타임빌라스 수원점,True,weighted_match,214,자두에이드,3,낙원파히타,2,한우대창파히타,1,치폴레 크림 파스타,1,스테이크 브리또,1
catchtable_cCh4fnt-NSk26OSxfyvXKA,뜨라또리아 샘킴,True,weighted_match,1193,런치 파스타 코스,386,라이트 디너 테이스팅 코스,268,런치 테이스팅 코스,267,디너 테이스팅 코스,264,,
catchtable_TW5euL917VPCSx5FMZu-jw,포박 본점,True,weighted_match,336,스프링롤,8,힘줄 쌀국수,7,짜조,4,업진살 쌀국수,2,파인애플 볶음밥,2
catchtable_6nAugzJY2hJH-0iXx5R9gQ,투가이즈 피자&치킨 주례개금점,True,weighted_match,103,일반,2,,,,,,,,
catchtable_hiJEleatl5X-DR7-V9poMw,불란서와이너리,True,weighted_match,293,불란서 잠봉크림 파스타,13,꽃목살 스테이크,13,한우 채끝 스테이크,13,허니 크림치즈&크래커,7,한우 본 메로우 라구 파스타,5
catchtable_ehTcw8MluvhR-aZ7ImgbDg,동래정 본점,True,weighted_match,213,동래목살,26,제주산방 비빔밀면,16,애호박 고추장 찌개,10,차돌 뚝배기된장,9,정가브리,5
catchtable_qP6Bi5E9Rsm7mtAFnbvSfw,심명,True,weighted_match,127,나가사키짬뽕,14,모듬사시미 소(20P),8,모듬사시미 중(40P),8,생선머리구이,6,수제 새우튀김(5P),3
catchtable_QsSZ1QClrQ8eqizrRniwDw,스시요로코부,True,weighted_match,1591,런치 오마카세,260,저녁 오마카세,260,콜키지,8,,,,
catchtable_124rcjYSPcrzSELQaXIhqQ,송추가마골 인어반 잠실점,True,weighted_match,266,갈비탕,4,송추갈비,4,가마골갈비,4,소왕갈비,2,능이갈비탕,1
catchtable_XMatOMw2rnGmB9m1eMDvNA,봉피양 용산점,True,weighted_match,104,봉피양 평양냉면,19,청정돈육) 돼지목심本갈비,11,봉피양 비빔냉면,7,맛보기냉면 (물/비빔),5,한우암소 양념갈비정식,5
catchtable_Onl-kzPd-r8lrmsNCvkG1A,구룡관 혜화본점 ,True,weighted_match,186,마라크림 통새우 딤섬 4pcs,50,구룡 치즈마라전골,18,구룡 중국샤브 샤브,16,운룡(雲龍) 코스 *사전 예약 주문,13,구룡연(九龍宴)코스 *사전 예약 주문,13
catchtable_khuM9eeSO5wnf3gq2-2Cow,그랜드조선부산 아리아,True,weighted_match,864,주말 및 공휴일 어린이,18,어린이,15,주말 및 공휴일 성인,13,주중(월-금) 어린이,9,주중(월-금) 성인,4
catchtable_Yq4hiJcl47SQ19rBQxzTpg,로리스 더 프라임 립 서울,True,weighted_match,513,랍스터 비스큐 파스타,83,"(Full Size) 클래식 치즈 랍스터와 샐러드, 한정수량",67,"(Half Size) 클래식 치즈 랍스터와 샐러드, 한정수량",67,미소 글레이즈 연어 스테이크,49,로리스 드라이에이징 립아이 스테이크 360g,48
catchtable_ADN9vWwE_3tpWvSDr2j60g,드포레 와인다이닝 용산,True,weighted_match,2133,뽈뽀,64,라자냐,40,비프 타르타르,14,치킨 발로틴,13,밀푀유,9
catchtable_OW_97-36o0BtPMjufyXSfQ,이야기둘,True,weighted_match,232,한우 생고기 모듬 A세트,81,한우 생고기 모듬 B세트,81,진짜 사골 대창 차돌소고기 라면,18,진짜 사골 차돌소고기 라면,17,한우 샤브샤브,9
catchtable_9vxlcSUyQXgPTYCEhHfnNQ,샤브 고청담,True,weighted_match,100,한우 버섯불고기 솥밥,56,한우 불고기,24,소고기 편백찜,6,해물 편백찜,4,한우 스키야키,2
catchtable_Dt3q3gTCXa6--opmOgY2XQ,삼동소바 안양평촌점,True,weighted_match,169,돈까스 double,19,삼동떡볶이,16,삼동냉소바,11,우동정식,9,짬뽕우동,9
catchtable_83ai3Ozem21h8w8MuDOyfA,돝고기506,True,weighted_match,578,김치찌개,13,크림볶음밥,13,계란찜,11,항정살,6,트러플 크림 볶음밥,1
catchtable_bVPatXwtgyPHUBB7BqbiIA,사당광안리 사당본점,True,weighted_match,117,생연어회 추가,27,연어 매운탕,27,대방어 대,21,대방어 중,21,육사시미 추가,18
catchtable_xvQ0HRwdtNlcGdbVQJsSpQ,WOOBEUT (우븟),True,weighted_match,343,디너 오마카세,73,,,,,,,,
catchtable_hZNqKaIXELy1c_-x9iiJLQ,약수촌,True,weighted_match,211,오리뼈탕,70,생오리,28,누룽지,18,주물럭,15,,
catchtable_XzWR4swnr4h20ZhiEFoQlg,오아시스 망원,True,weighted_match,148,크림 새우,4,오아시스 하이볼,3,봉골레 파스타,2,리코타 치즈 샐러드,2,알리오 올리오 만테까레,1
catchtable_OxZh4j3nUqZV79G6WE9Xxw,오리지널팬케이크하우스 잠실점,True,weighted_match,100,프렌치토스트,6,더치베이비,4,생과일 팬케이크,4,버터밀크 팬케이크,2,산타페 오믈렛,2
catchtable_9yD57QeUPxaAGAhK6bw21Q,해운대암소갈비집 haeundaegalbi1964,True,weighted_match,3509,생갈비,827,감자사리,423,양념갈비,366,뚝배기된장,53,등심불고기,3
catchtable_yjcRKuEZfhddpn6lNtnndQ,차고145,True,weighted_match,119,1++한우차돌관자 삼합,15,1++한우 특안심,12,유자 소고기 비빔밥,9,차돌볶음과 된장찌개,5,1++한우 채끝등심,4
catchtable_PBXoJkQeZ2rXcP1cQderCQ,젠스시,True,weighted_match,917,디너,48,런치,32,,,,,,
catchtable_UAynKqAi1DMZuoEF2vvUPw,앙탄,True,weighted_match,871,고기많이 코스(1인),157,코스 메뉴(1인),79,,,,,,
catchtable_7_7afqwRCRY-g6XuYm66Pw,슬로우야드 바베큐,True,weighted_match,490,라구,66,그릴드야채,3,새우 아라비아따,2,루꼴라 샐러드,1,새우 세비체,1
catchtable_QMqtB4KDTZxrTCa3_H5fzQ,미미옥 신용산점 ,True,weighted_match,3073,빠삭! 한돈 미나리전,403,매콤 가리비 비빔 쌀국수 반상,261,[2인분] 부채살 샤브샤브,221,[2인분] 1++ 한우 보섭살 샤브샤브,219,[2인분] 살치살 샤브샤브,212
catchtable_0eb8xOYo9MZJyuTdIsjVTg,수린,True,weighted_match,387,,,,,,,,,,
catchtable_ZR9-MSMQs6fv5kYwW0zhzg,무화화,True,weighted_match,122,사케동,4,안키모마끼,2,안심카츠,1,무화화모리스시,1,감태새우명란우동,1
catchtable_0frRSfwJvXDP3l3wW5-5xQ,도톤보리서울,True,weighted_match,465,가지튀김,5,단새우,4,명란감자치즈구이,2,청하,1,얼그레이 하이볼,1
catchtable_xAzrk3I72h3MBbdTDV-fwQ,스게,True,weighted_match,101,스게 나베,26,스게 김치나베,19,스게 모듬꼬치,19,스게 해물 볶음면,18,스게 계란말이,18
catchtable_cCoxTtXw7dxfkD2oxYRusQ,마부시,True,weighted_match,112,스페셜 카이센동,10,,,,,,,,
catchtable_IdxqN1Ct38ShbwWRvRCaUA,타비지 たびじ,True,weighted_match,187,디너 오마카세,61,콜키지,4,,,,,,
catchtable_xjXz3QAV4weVoxWpCzc0mg,하이디라오 명동점,True,weighted_match,2592,우유마라훠궈,4,삼계탕훠궈,2,청유마라훠궈(오리지널),1,,,,
catchtable_dJY6tYVc2D5paSzVdzVVBw,작은피자집,True,weighted_match,431,트리플치즈,37,하와이안,18,콤비네이션,10,베이컨포테이토,9,고르곤졸라,4
catchtable_Qx5ytJpxHhiX-MBNIKwcYw,샤브20 서면점,True,weighted_match,148,"샤브20의 시그니처닭강정(양념,간장)",9,"평일디너, 주말공휴일(고기무제한)",5,최고급 소고기 무제한/돼지고기 무제한,4,맛있고 신선한 월남쌈 무제한!,2,,
catchtable_A67_YaZPBvZV6LqKzX3XKQ,"AC키친, AC 호텔 바이 메리어트 서울 강남",True,weighted_match,307,무제한 랍스터 & 시푸드 뷔페 뷔페,117,AC 시그니쳐 케이크,8,주중런치 프라임스테이크&시푸드 뷔페,1,,,,
catchtable_J1Cab0VmNP_iztlPzs4jvg,삼정하누 역삼본점,True,weighted_match,112,한우부추김치볶음밥,10,한우 된장죽,8,한우육회비빔밥,8,한우육회막국수,8,생한우양념(한정할인 EVENT),6
catchtable_ppDUwJVhkSQ47VCSLQR0iw,이태원여인숙,True,weighted_match,532,기버터스테이크,21,기버터스테이크세트,5,명란파스타,4,매콤크림새우,2,감바스,1
catchtable_BLMwTE7xJZ_GrCl1r4mCOA,"포레스트 오늘,숲 평택비전점",True,weighted_match,405,매운쌀국수,6,왕갈비 쌀국수,4,반미,2,소고기 쌀국수,2,미트힐라이스,1
catchtable_P9uE_3t-6G6an8gTfDtWkA,토다공원,True,weighted_match,115,오코노미야키,4,오징어먹물 몬자,4,나폴리탄,2,오이타다키,1,소주,1
catchtable_a9tAIg1ZFm4PiE0jFCP9vg,마키노차야 마포점,True,weighted_match,491,뷔페1인 성인 / 주말 및 공휴일,69,뷔페1인 미취학 아동 / 주말&공휴일 디너,67,뷔페 1인 초등학생 / 주말 및 공휴일,67,뷔페1인 성인 / 평일런치,61,뷔페1인 성인 / 평일디너,61
catchtable_FpUCnAkaIdH75a_vbg0h8Q,그리운삼천포,True,weighted_match,215,📌생선구이정식,93,매일 매장에서 직접 굽는 김구이,7,📌삼천포 해물밥상,7,🎂생일축하 숯불불고기🎂,6,📌삼천포 겨울한상,4
catchtable_0KWnByoyR5n5Rz7QO06NNg,빌즈 강남,True,weighted_match,1098,빌즈 리코타 핫케이크,95,치킨 슈니첼,35,로스트 펌킨 샐러드,27,빌즈 그린 찹 샐러드,27,슈,24
catchtable_ZcYS86zErGwoER1o78uZFA,하시라ㅣHASIRA,True,weighted_match,844,,,,,,,,,,
catchtable_Dn-gVM78On5ZSZazYDWIAg,샤브인서울 압구정로데오점,True,weighted_match,653,육수 변경,147,1등급 흑돼지 목살 샤브정식,123,[런치이벤트] 1등급 흑돼지 샤브정식,121,블랙나인 와규 꽃등심 샤브정식,121,1등급 흑돼지 삼겹 샤브정식,120
catchtable_o6gUdHxfhysMKvxjuMXbkw,노보텔 앰배서더 서울 강남 더 스퀘어,True,weighted_match,786,주말 점심&저녁(성인),23,주말 점심&저녁(소인),23,주중 점심(성인),1,주중 점심(소인),1,주중 저녁(성인),1
catchtable_QPhZ3WLpkSdEcl4Bvv2jkw,네기 라이브,True,weighted_match,803,런치 코스,72,디너코스(대게),72,디너 코스 (킹크랩),72,,,,
catchtable_bZWLzRdk77Uivyykepu-gQ,일식 대서양,True,weighted_match,155,저녁) 회정식 코스,11,런치)사모님정식,8,저녁) 인도양 코스,7,런치)모듬회 정식,6,초밥,5
catchtable_bbnMSAH8v9UjospMEchZqg,스시키마에 ,True,weighted_match,123,런치오마카세,16,디너오마카세,16,,,,,,
catchtable_wG0EzIdrRsXwBivrYAk4yQ,후스후무무,True,weighted_match,110,버터동굴 피스타치오 소금빵,9,무무 당근크림 빠네,6,버터동굴 명란 소금빵,3,문어 카포나타 포카니,2,무무 티그레 3종,2
catchtable_qWAPjxWD2Q0FBxzDzJH6tQ,이치류분당정자점,True,weighted_match,217,이치류 스프카레,62,양고기 꽃갈비살,50,양고기 생등심,45,특양고기 생살칫살,34,코쇼멘,19
catchtable_1-pTSIAxhcT9laqJ-tqM4w,시라카와 텐푸라,True,weighted_match,830,가지,44,새우,35,하이볼,24,연근,23,아나고,19
catchtable_4VkFrBv-GpVhlsN9-0xgbg,스시코호시 미사,True,weighted_match,1927,런치 오마카세,367,디너 오마카세,365,,,,,,
catchtable_D9goce_7AtWzqzqhVPhYww,에도마에즈시 스시신,True,weighted_match,583,런치 오마카세,114,디너 오마카세,112,,,,,,
catchtable_HczrbXAvDan0P98hKRwZyg,오징어마을 영등포직영점,True,weighted_match,134,오징어회,27,오징어튀김,14,오징어숙회,4,생새우,3,오징어짬뽕,2
catchtable__udPp5fefPT1F-8CeRHUFw,미림양장 서초,True,weighted_match,226,마파두부,11,깐쇼새우,5,홍콩식 에그누들,4,짬뽕탕,4,가지튀김,3
catchtable_82tu4X5gKmZV8vpU4mNVzA,오십이도칼국수,True,weighted_match,108,해물통라면,20,해물통칼국수,11,거멍문어파전,7,부추전,6,생바지락통칼국수,2
catchtable_acGJcbDXfd8yHYPeziTi-A,빕스 송파 현대 가든파이브점,True,weighted_match,168,샐러드바(런치),18,샐러드바(디너/주말),18,,,,,,
catchtable_QQwTuJipSsGRx2hqbVwFSg,연남파도,True,weighted_match,579,트러플 광어 세비체,35,모츠나베,29,모듬 스시,28,오징어 먹물 크로켓,17,한우차돌 스키야키,11
catchtable_s64_9meXF_U-rpXp3_ofSQ,솔직한우 용산점,True,weighted_match,688,한우 육회 비빔 냉면,203,한우 치마살 특수부위,200,한우 안창살 특수부위,200,한우 토시살 특수부위,196,한우 제비추리 특수부위,194
catchtable_Mps5SuS4TMufeqcbWBLZmg,올드핸즈,True,weighted_match,684,토마호크 스테이크,179,티본 스테이크,169,수제 애플파이와 바닐라 아이스크림,169,어니언 스프,77,부라타 치즈 방울 토마토 샐러드,75
catchtable_hr9gUX3VpK7ZMVlNet0pPQ,킨쇼,True,weighted_match,175,하기정식,9,새우튀김,6,덴뿌라우동,3,생선 초밥,3,특상 생선 초밥,3
catchtable__IY17P2lWctNoSibHOFmTA,네기실비 신사,True,weighted_match,127,생 오징어 튀김,11,통영 찰도미 막회,7,산지직송 모듬회,3,산낙지 차돌 돌판구이,3,도미머리 소금 구이,3
catchtable_ZAdeRln1NwP1FUXFuZNQLg,미쉬매쉬 mishmash,True,weighted_match,995,주말 및 공휴일 런치 코스,122,런치코스,118,디너코스,116,,,,
catchtable_k9WGXpwmnYVC62VxC5dWAw,호야초밥참치 본점,True,weighted_match,225,연어회,2,참다랑어,1,C연어,1,B특호야,1,참치뱃살,1
catchtable_yZ4bRWQCP8Z5E5ARpFYeyg,야키토리로만 해운대 ろまん,True,weighted_match,102,츠쿠네,14,로만코스,4,명란크림파스타,3,다리살,1,야키토리 5종,1
catchtable_HKAK98AWCtSgjmCL-J2YTw,59계단 와인바,True,weighted_match,117,멜론프로슈토,2,칵테일,2,스파이시 크림 떡볶이,1,베이컨 투움바 파스타,1,모듬 치즈 플레이트,1
catchtable_eHXdTHc2qTBVdV2DeqcuIA,녁,True,weighted_match,1739,그라디언트,88,봉골레,31,라구파스타,14,스팀브레드,7,청산 갈비 리조또,7
catchtable_IN_KONj-bgu6J1oE-3IYSg,무탄 광화문점,True,weighted_match,730,고추유린기,35,전복장육냉채,3,어니언 꿔바로우,1,스테이크 트러플 자장면,1,대파 유린기,1
catchtable_M3B0Au_GLgFiVW-An52WIw,로마옥 마곡,True,weighted_match,149,전복 게우 파스타,20,트러플 크림 파스타,19,그릴드 감베리 뽀모도로 파스타,13,발사믹 글레이즈 연어 스테이크,8,크리스피 먹물 관자와 감자퓨레,5
catchtable_KzxSAbpNtqIKeS1K-xsrSg,한국의집 고호재,True,weighted_match,766,1인 다과상(봄 메뉴) + 계절차,218,1인 다과상(봄 메뉴) + 시그니처 차,123,호박 식혜 빙과,27,,,,
catchtable_5e_e1OgXkcFciteKy42zlw,괴르츠,True,weighted_match,2169,Manzo,9,Mare,7,Caprese,3,Today soup,2,,
catchtable_AQkQVhF-wknCZxdMKQFROQ,블루메쯔 광화문점,True,weighted_match,156,슈바인학센,36,굴라쉬,22,고기파이 (오리지널),22,부라타치즈 샐러드,11,바질 뽀르게따 파스타,8
catchtable_5qifEXqaBlI7WPFWqFgjQg,와일드플라워,True,weighted_match,728,숨비소리,65,트러플 들깨 궁채 파스타,3,킹프라운 비스크 파스타,2,서울 봉골레,2,구운 로메인 샐러드,2
catchtable_GUf5EkZfpfp_YGGQghP0aQ,노야 광화문 SFC점,True,weighted_match,269,노야 샤브 프리미엄 무제한 코스,59,노야 스키야키 프리미엄 무제한 코스,13,,,,,,
catchtable_t2jElq5YZq2UrKyA6pEYxA,원픽(1pig),True,weighted_match,473,픽살기,59,감자탕,31,가로막살,15,냉우동,14,원픽버거,6
catchtable_cbPikPExq9Jhff9ng3aT0A,천장어 시흥점,True,weighted_match,117,상차림,2,새우탕,2,김치뚝배기,2,민물장어 1kg,1,,
catchtable_N0rMkuj87WFUQh9RTnu5Xw,장복골 이천,True,weighted_match,374,티본 업그레이드(1인),13,와인 콜키지,12,풀블러드 와규 업그레이드(1인),7,콜키지,6,토마호크 업그레이드(1인),6
catchtable_PR-nYaUR2v_NBkMFq046Yg,멜드카세 : 곳간바이멜드,True,weighted_match,174,삼촌카세,36,,,,,,,,
catchtable_zhmXRvKi57AnTdNviDJA4Q,압구정 작정,True,weighted_match,556,루꼴라 감자전,3,매콤 낙지,1,생선 통 탕수,1,작정하고 끓인 오늘의 국,1,한우 육회 냉파스타,1
catchtable_bjD9eCZW6f1sAqwqsJxr_Q,더담우R,True,weighted_match,1304,특별한 날을 위한 S코스,185,B코스,135,A 코스,129,한우 1++ 육사시미 150g,87,한우 1++ 새우살 100g,77
catchtable__C64Mo-m0C7O6RXun6WtuQ,호낙가 본점,True,weighted_match,537,양념 우대갈비,134,무쇠 꽃게 된장술밥,67,직화 양념꽃갈비,35,생 우대갈비,23,제주 돼지 생갈비+묵은지,20
catchtable_kwWUAhYdCC-_yKdlFhB4Sw,라콘차 에비뉴엘 by 스페인클럽,True,weighted_match,295,라콘차 런치코스 - 스페인의 정오,46,라콘차 디너코스- 산세바스티안의 만찬,45,해산물 빠에야,38,오징어먹물 빠에야,34,나바라의 가을 -버섯파스타,19
catchtable_rqndDuZGjHA3d-ikafEtBg,다이닝늘 홍대점,True,weighted_match,679,살치살 스테이크,4,안심 스테이크,3,디너A코스,1,이베리코 뼈등심,1,알리오올리오 파스타,1
catchtable_PjxBCGEM_DZboTUyUrymnA,김인복의광평 강남직영점,True,weighted_match,514,골동면,29,육회한우니,10,육해비빔밥,7,양념돼지갈비,2,멜조림,2
catchtable_y20bBG_e5Eo4j3UhXLblTQ,부빙 북촌점,True,weighted_match,253,팥빙수,20,딸기빙수,12,흑임자빙수,6,무화과 빙수,3,호지차 빙수,2
catchtable_w8ZIsGmo2GTLEcYHlHWX-A,오묘 서울역점,True,weighted_match,437,오묘동,21,사바보우즈시,6,단새우니 소바,4,가라아게동,3,연어동,1
catchtable_pqN0YWB_XHmjxHsvrEvCrw,방울과꼬막,True,weighted_match,523,안주로 좋잖아 가자미 구이,64,친구네 수제 소시지와 감자사라다,28,매콤새콤 방꼬 특제소스 물쫄면,25,장안의 화제 엄마 손맛 계란 토스트,22,하우스 와인 1바틀,17
catchtable_OILMXEC-HmIFsdWWGvg_1g,무구옥,True,weighted_match,522,이북식 삼계백반,117,오징어 닭 무침,37,청국 닭도리탕 (중),17,청국 닭도리탕 (대),17,산삼배양근 추가,3
catchtable_nWoemPaBXNi4DTp_lLxS4A,지아니스나폴리 아비뉴프랑,True,weighted_match,357,봉골레,13,레지나,6,감베리 크레마,6,베수비오,4,아라비아따,3
catchtable_B9I0rwEhaOx6VstNzW5_AA,무탄 압구정 본점,True,weighted_match,310,고추유린기,57,한우 볶음 짜장면+후라이,44,[트러플x6배]스테이크 트러플 자장면,12,비밀이야 캐비아 한입 멘보샤(4P),11,자연산 칠리홍새우,9
catchtable_Qo1rGEoGC33L6EOLhrlytw,리파인 명동을지로점,True,weighted_match,459,우대갈비,40,감자전,18,육회,10,브라우니,7,크림수제비,7
catchtable_HzpSdHNW8aYVSsP4dIWCMQ,젠틀키친,True,weighted_match,169,와인,24,곤디팡팡,22,갓새우,20,판체타 된장 파스타,2,살치살 스테이크,1
catchtable_QL0hicJVDBHifpjOqvSCnw,제비집,True,weighted_match,141,기본 안주상 (인당),19,특 안주상 (인당),17,,,,,,
catchtable_ZZ5DyEdglL8qxB0sbpXPig,단디,True,weighted_match,127,단새우사시미,27,뼈매운탕,26,연어사시미,23,모둠사시미,22,참치사시미,22
catchtable__m_sMsmCCuyMuxJECaBg0Q,야키토리리 신대방직영점,True,weighted_match,100,야끼소바,4,나폴리탄,3,계란말이,2,토리라멘,2,오뎅탕,1
catchtable_XgYPo0JLOJBQombQejWNlQ,라케이브,True,weighted_match,120,와인,89,트러플 크림 치즈,6,La Cave 채끝 스테이크,4,그린 샐러드,3,이베리코 목살 바베큐 포크,3
catchtable_9VzpZRPvZjGEvhQVhJIJlQ,속시원한 명물 부산물회 (구.흑요재),True,weighted_match,119,동파육,57,마늘 넣은 봉골레,11,마라크림딤섬(3개),8,대방어사시미(1인)※2인부터주문가능,5,그외 다양한 주류 희망주류 사전주문 가능,5
catchtable_6EnNpuBnNmRsMySLHdaFrw,쌤테일,True,weighted_match,223,디너코스,38,런치코스,38,비즈니스코스,37,,,,
catchtable_8Anxng8cO0lwrzj7YG0oaQ,골드핀치 by 조이풀조이풀 GoldFinch,True,weighted_match,399,스부타,4,톤카라,4,마보도후,3,이소베마끼,2,보우즈시,2
catchtable_MOiNx79x24CCX7qN9WFc5g,스시이담 일산점,True,weighted_match,306,이담,35,후토마끼,15,일담,6,이담 특선,3,고등어 봉초밥,2
catchtable_obCAqOEkGG1P-nxXJy6Uug,주막보리밥 군포점,True,weighted_match,238,보리밥,33,쭈꾸미볶음,15,제육볶음,9,녹두전,6,코다리구이,4
catchtable_0etWyM4NU5OUX9MSfkVCFQ,스시소기,True,weighted_match,2756,디너,180,런치,130,,,,,,
catchtable_4k7HSCuQRFieVygyXghVuw,치킨버거클럽,True,weighted_match,116,더티화이트,19,이탈리안 프라이,6,맥앤치즈,6,헐크,3,고구마 프라이,2
catchtable_BrANmDdb3TckSbtuMe2Jig,신사꽃게당 본점,True,weighted_match,136,간장게장,87,1인 간장게장 세트 (1인분),50,꽃게찌개 (꽃게탕),10,꽃게찌개 with 농심,10,후식볶음밥,8
catchtable_ySTY12YcuA8ReiZFznAuZA,언오디너리,True,weighted_match,487,뇨끼,9,감바스,8,라자냐,6,뽈뽀,4,은대구 스테이크,4
catchtable_5tQcqrMCBbHCNSe3ft2l_g,스시아카,True,weighted_match,207,특선스시 14p,66,특선스시 12p,66,단품 스시,66,키키자케시 추천 도쿠리,3,키키자케시 추천 잔사케,2
catchtable_ekbWlJ5sEsVQoNaM8gNEQQ,그믐족발 문래,True,weighted_match,475,꽈리튀김족발,250,그믐족발(앞다리),82,그믐족발(뒷다리),82,매우면,43,,
catchtable_mfCvUdw78fuBWNEUVN6ABw,가양칼국수버섯매운탕,True,weighted_match,477,샤브샤브1접시200g,14,가양칼국수버섯매운탕,1,아기밥(무료),1,"주류(막걸리,소주,맥주,청하)",1,,
catchtable_6rL-i8H0ff-1gW-h6rHn4Q,팔당초계국수 본점,True,weighted_match,240,초계국수,60,들깨칼국수,2,초계비빔국수,1,도토리전병,1,온계칼국수,1
catchtable_zHjkN5ZDFnWI3t1llNAFqQ,페리지 (PERIGEE),True,weighted_match,1478,와인 페어링(6글라스),248,와인페어링(4글라스),248,테이스팅 코스,236,,,,
catchtable_NqOIuC1uXSC4D6OMfvL42A,화양연화,True,weighted_match,590,청어알밥,85,소 양념 꼬들갈비살,67,화양 전골,54,소아이본립,19,비빔육회,11
catchtable_XY_mry-KyAaluzdaWjO42Q,스시정현,True,weighted_match,895,런치 오마카세,176,디너 오마카세,173,,,,,,
catchtable_Q7RgOvZyZoofHNZTqPBRCQ,뉼리(Newly),True,weighted_match,815,봉골레,31,문어샐러드,16,안심스테이크,14,채끝스테이크,6,화이트,5
catchtable_BXkOGLWP1M3mhUvho6mOgw,놉스 광교점,True,weighted_match,117,티본 스테이크 (100g 당),51,토마호크 스테이크 (100g 당),40,포터하우스 스테이크 (100g 당),39,감바스 명란 파스타,13,아라비아따 파스타,13
catchtable_fWv7KYg5PnUl3dSJhq7QEQ,사비아,True,weighted_match,579,세가지 버섯을 곁들인 감자 뇨끼,168,채끝등심 스테이크,51,제철생선을 구워올린 방아 오일파스타,41,문어구이,31,계철재소를 곁들인 유자소스 영계구이,23
catchtable_N8QNrq0sfd__SvUobw7WPQ,올드타운 트리플스트리트점,True,weighted_match,105,모듬 숙성회,27,고등어 샤프론 파스타,10,전복 내장 파스타,7,트러플 파스타,6,제주 고사리 파스타,5
catchtable_bqKfOsHERCy5_MfEHmpEwg,상월대(구)조새호오마카세,True,weighted_match,561,디너,23,시그니처 디너,2,,,,,,
catchtable_8l78i9mwkkmoHXtQBj1Qug,428 레스토랑,True,weighted_match,661,비프 웰링턴,43,부채살 스테이크,2,치킨시저샐러드,1,버섯 리조또,1,라따뚜이 라자냐,1
catchtable_nOXoEcsVU4dqhQWtsFcCqQ,서울가든호텔 일식당 단야,True,weighted_match,255,런치초밥코스,48,디너초밥코스,48,,,,,,
catchtable_S09KyxXxBQZmg_KsFtZb1g,파주뼈칼국수 교하제면소,True,weighted_match,776,고기만두,259,비빔칼국수,219,뼈칼국수,141,,,,
catchtable_HBLHqTnkZX8G1-sp9J7WGw,하단정,True,weighted_match,134,사시미 4종 모둠,9,활고등어 사시미(고마사바),9,아보카도 명란 크림치즈,4,후토마끼(5pcs),3,비프 토마토 스튜,3
catchtable_iC65_X9nkXs9I3n53Jj0DA,미미본관,True,weighted_match,223,유린기,27,생등심 탕수육,20,해산물 누룽지탕,15,코코넛 생망고 새우 튀김,11,마파두부,10
catchtable_IY0sOHlsdhXcPH75F4O_nw,풍천가 청담점,True,weighted_match,193,항정살,5,계란찜,2,잔치국수,2,누룽지,1,장어벌떡탕,1
catchtable_s-d3P0Gwfi59Wra3ReqQxw,프랑스와 France soir,True,weighted_match,800,"Beef tartare, traditional condiments",1,"Confit duck leg, Creamy risotto, Duck jus, Rocket salad",1,,,,,,
catchtable_Y24Fazo4RIzMbZD-85Uc2Q,타다이마,True,weighted_match,186,주는대로,28,슈토 두부튀김,13,슈토파스타,6,사시미(10pc.),6,아나고 튀김,5
catchtable_x1Zk8RviU3pchXNI4jIQhw,양산도 올림픽공원점,True,weighted_match,119,장어유부초밥(2p),36,히츠마부시,13,특 히츠마부시,6,부타동(이베리코목살 덮밥),1,부타 유부초밥(2p),1
catchtable_hp1vlRd_Z3AR1DzbPcKBYg,오복수산 LG아트센터 서울점,True,weighted_match,158,카이센동,26,백합탕,3,아부리 카이센동,2,사케동,2,특별한 우니동,1
catchtable_dUlr1dOAvaZq7-2U0jsa7Q,스시도쿠 카미동 왕십리본점,True,weighted_match,434,센,55,게딱지장,16,아부리동,8,작품 지라시 카미동,5,절품 지라시 카미동,4
catchtable_CgiTE5jnlz7ohvwnbu3WQg,마담미미 Madame Mimi | 프렌치 프랑스 맛집,True,weighted_match,277,"소고기 테린과 포트 와인 레둑션 소스, 셀러리악 레무라드 샐러드",44,전통 프렌치 어니언 스프와 에멘탈 치즈,30,오늘의 생선와 전통 라타타우이,7,"소고기 안심과 트리플 구운 칩스 튀김, 오늘의 소스",5,비뉴롱 스타일 (레드와인) 버터 딸팽이 요리,4
catchtable_ibsO9Ot2YoDIIOjAgGePJg,123라운지,True,weighted_match,1691,트러플 크림 파스타,4,팟타이,4,연어구이,2,라구 볼로네제 파스타,2,찹스테이크,2
catchtable_5VCcMOiS5Q8gDBz-Izbmhw,리파인 문래점,True,weighted_match,200,감자전,17,우대갈비,14,육회,13,해물파전,8,크림수제비,5
catchtable_Gch9eKR4-d6dPee5_9TcQA,고량주관 종로 본점,True,weighted_match,998,탕수육,45,마파두부면,16,어향가지새우튀김,11,즈마우육냉반,8,탕수리지,8
catchtable_0V--4AzN7yNcRUpFL1I7vg,르번미 본점,True,weighted_match,507,분레 (토마토 해산물 쌀국수),52,새우 반미,44,팟타이(특제소스 새우볶음면),30,포크 반미(돼지고기반미),30,반미세트(돼지고기 or 새우),30
catchtable_czFj1c1eoRRKEs3ip02Rvw,파르노 서래마을 본점,True,weighted_match,415,후무스,52,샥슈카,8,오믈렛,4,화이트 라구 파스타,4,풀드포크 샌드위치,3
catchtable_dSW9a7EWzvmytTXoPPiF3Q,중식당 수녹,True,weighted_match,409,장취 1인,1,,,,,,,,
catchtable_kg2xGaKEL8mcNxxfacKHUQ,교호,True,weighted_match,215,항정살 구이,6,알배추 구이,5,아뮤즈 부쉬,3,루꼴라 프로슈토 피자,3,콩피문어 아보카도 샐러드,3
catchtable_Gz93MtlmIrQNSD_iahMvIQ,다이센스시 한국본점,True,weighted_match,1273,후토마끼,14,디너 코스,9,다이센 코스,6,사시미 스시 정식,5,런치 코스,4
catchtable_ZFr8salFcbZbiW21pUF0mQ,우시야 본점 압구정점,True,weighted_match,326,꼬리,18,우설,17,대창,6,특양,6,채끝,5
catchtable_aEmJTT8C1WoT5rFBhNZm0w,라뽀뜨 La porte,True,weighted_match,346,디너코스,60,점심코스,58,,,,,,
catchtable_gKFRr6IJB_aNTE01G7mZgA,하루 군자,True,weighted_match,247,명란치즈계란말이,1,모찌리도후,1,스키야키,1,치킨가라아게,1,후토마키,1
catchtable_S7Qh1FxFaOQZz21XF-9R0g,동방미식,True,weighted_match,181,마파두부,20,꿔바로우,13,계란볶음밥,11,고수,3,딴딴면,2
catchtable_6Dpk0tbWrvGYzWDBYU036w,더 리버사이드 호텔 카와베 테판야키,True,weighted_match,958,,,,,,,,,,
catchtable_l5jbvCMqFDn16HUbIyqA5A,불티,True,weighted_match,159,땡초계란라면,58,계란말이 추가,54,수제양념갈비(140g),28,한우 양념갈비(140g),27,물냉면 / 비빔냉면,12
catchtable_7qElyOWH4iYaJoTd5P-VAw,블랙차콜(BLACK CHARCOAL),True,weighted_match,736,,,,,,,,,,
catchtable_i2Iyu3AI5pBFe8oIwv3vYw,멜라디무어,True,weighted_match,287,여름 특별 디너코스(9코스),79,,,,,,,,
catchtable_pzNRt5aK-43EQEa9TAG8Xg,스시완,True,weighted_match,439,디너,35,런치,34,,,,,,
catchtable_UjGi3voVY_udiRBQRnPt-A,도화재,True,weighted_match,811,고사리 리조또,17,항정살 수육,15,고추장 로제 리가토니,13,묵은지 광어회,6,매생이 리조또,4
catchtable_HA5I-3dU7uMv-UYShJuRHA,동어동락 삼성본점,True,weighted_match,237,매운탕,18,모듬튀김,4,콘치즈,3,해물라면,1,줄돔회,1
catchtable_hIwzi7IcnekFwdiDR3lIrQ,곤스 gon`s,True,weighted_match,105,블랙 타이거 새우 비스큐 로제 파스타,16,참치 타다끼,7,소고기 타다끼,7,미소크림항정살구이,4,우니 홍새우 파스타,3
catchtable_w5kdJ0JUQhtfnHHSwsVswA,주신당 강남역 강남점,True,weighted_match,1400,용,170,말,141,양,137,소,129,개,67
catchtable_XSQ2lZr1vQGQzEknU3vydw,어슬 광화문,True,weighted_match,115,우렁된장 크림 리조또,1,돌문어 피스타치오 파스타,1,명태회 들기름 파스타,1,감자전,1,고사리 파스타,1
catchtable_4srTwkpdD-l7Hmh6Az_yoA,키키,True,weighted_match,149,항정,14,전복내장파스타,4,옥수수,3,명란,2,가지,2
catchtable_DDHNrsC0JhB5zvycB_svaw,타볼로 24/JW 메리어트 동대문 스퀘어 서울,True,weighted_match,611,점심 뷔페,80,저녁 뷔페,78,,,,,,
catchtable_AXa4R-SvVQvY_qtzvLfDoQ,치보 신사점,True,weighted_match,313,맥주,32,하이볼,11,히로시마야끼,6,도톤보리야끼,4,미소참깨야끼소바,4
catchtable_KDPUM6PRz-S-4iB0yDUHdQ,을왕리꾸덕집 송도직영점,True,weighted_match,164,숯불 모듬생선구이 스페셜정식,61,숯불 모듬생선구이 정식,59,숯불 모듬생선구이 특정식,55,청정제주금게 간장게장 한접시,28,300°C 직화제육,22
catchtable_M201Ig6UxXOIArecv9WCzA,호루몬,True,weighted_match,312,모츠나베,13,스키야키,6,하프코스,4,에이히레,1,치즈얏코,1
catchtable_jfo8QcFFDDaoPdLLFsu_9A,묘수 신당,True,weighted_match,320,디너 오마카세,80,,,,,,,,
catchtable_MR81RR-gzRwI9-BHBSMy2A,정띠 (gentil),True,weighted_match,869,비프웰링턴,64,세비체,18,우니보타르가파스타,3,오리가슴 스테이크,3,크림뷔릴레,1
catchtable_nbccE0Cc1ZxeraM6Jtwvnw,하우스 오브 블루,True,weighted_match,120,,,,,,,,,,
catchtable_7vwiiYprTr_VMhMrVgZa_A,히카루,True,weighted_match,124,안주조합,20,식사조합,13,,,,,,
catchtable_xz6TrvohcV06hO48EevsbA,해운대하선집 한우불고기&육회비빔밥전문점,True,weighted_match,112,LA갈비구이 추가 (6조각),14,해물순두부찌개정식,6,[한돈]돼지갈비 된장찌개 정식,6,투뿔한우불고기 + 한우육회비빔밥 정식 (2인분부터주문가능),4,한우육회비빔밥 정식(1인분주문가능),4
catchtable_TSa2bM64akmMkG05ysUeWQ,오늘의 회전초밥 동탄여울공원점,True,weighted_match,202,카이센동,17,제이타쿠동,3,회덮밥,2,후토마끼,2,카이센동(특),1
catchtable_2sdKQLxNgoTY3gaQb8DwRQ,콩카세 성수,True,weighted_match,783,와사비파스타,46,감자뇨끼,29,토마토 샐러드,21,비프 웰링턴 스테이크,3,봉골레파스타,2
catchtable_ySpRceJUz30pFD3WQz0U8A,구로마쯔 광안점,True,weighted_match,1014,런치특선,20,,,,,,,,
catchtable_KaMLWFRpcoOpfRKMvsf1dQ,대쿠이 부산점,True,weighted_match,310,쿠이 모듬 카츠,54,쿠이 카레,27,,,,,,
catchtable_PDckcyhQLl-oMMvVtKvcQA,바운드리스 by Beard,True,weighted_match,496,토마토 파스타와 스트라치아텔라 치즈,38,(생면)한우화이트라구 파스타,37,모시조개 봉골레 파스타,34,풍기 크림 파스타,31,5가지 버섯(풍기)을 이용한 파스타,29
catchtable_HPOY-BbaDiFQXWcaCGfOKw,밀라노식당 milano,True,weighted_match,1235,하몽,32,아마트리치아나,18,단호박 크림 뇨끼,10,페퍼로니 피자,6,치즈 크림 뇨끼,6
catchtable_iBzmAvJno6hAvKMOFVicMQ,The203st  ,True,weighted_match,151,자몽주스,3,,,,,,,,
catchtable_LKsoR6yMRewZo7cubphBLQ,사카바주정,True,weighted_match,327,멘치까스,7,조개나베,2,큐리타다키,1,제철 생선구이,1,이베리코타래야끼,1
catchtable_W9ayaXc0g8CKcIk7JmuwVA,면미정,True,weighted_match,381,비빔국수,29,부추전,7,멸치칼국수,2,노란콩 콩국수,2,검은콩 콩국수,2
catchtable_dFZLtE1kvlNGO31zqnyNYw,숯토리 서울신림점,True,weighted_match,120,토리닭사골오뎅탕,7,토리고로케,7,오사카장인 테바사키 Set,4,다리 1p,4,꽃새우튀김,4
catchtable_sW160rfPhqFs9d5n2YTMgQ,파에,True,weighted_match,620,[사케],38,쿤세버거,34,제철 보우즈시,18,안키모 파테 모나카 2Pcs,17,제철 생선 카르파쵸,15
catchtable_Dvxy7Uulnd_---1aFMHNAg,뉴오더클럽 연남,True,weighted_match,232,포테이토(R 13인치),48,트러플 루꼴라(R 13인치),20,페퍼로니(R 13인치),15,치킨텐더(R 13인치),10,콰트로 치즈(R 13인치),9
catchtable_K93DHRBX8IhMX07Byfg6DQ,꿉당 신사,True,weighted_match,985,KOKUMI 목살 180g,283,생 트러플 짜파게티,129,꿉살 150g,69,가브리살 150g,42,강변 외할머니 된장찌개,37
catchtable_kT3hwAuPkjQdg_yPaSgkeA,청담나인 재즈&다이닝,True,weighted_match,1566,화이트라구,5,해산물 플래터,4,티라미수,3,트러플 감자튀김,2,보따르가,1
catchtable_xd9wQ4bJCV9pz0AFCTaQ7Q,주052,True,weighted_match,842,우리술 페어링,103,주안상 코스(평일한정),49,주052 주제 (디너 코스),2,052 풍류 (런치 코스),2,,
catchtable_aej7kLCtyASMjkh9f6Bc9A,부천아귀,True,weighted_match,225,아구찜,156,국내산 생아구찜(소),76,국내산 생아구찜(중),76,국내산 생아구찜(대),76,국내산 아구탕 소,76
catchtable_0nheO6JtUHb6sWQdLteGKA,소하 다이닝 바,True,weighted_match,807,계절 다이닝 코스,210,점심 코스,69,,,,,,
catchtable_9eA8uVQfoJ-invick841-g,미유키,True,weighted_match,1261,와인 페어링,390,글라스 와인,140,,,,,,
catchtable_WfLNyLRuDZ5eeICG3qUPfg,명동숙희,True,weighted_match,323,시그니처 칵테일,162,위스키 등 잔술 (변동),37,제철 재료로 만드는 주안상 음식 (변동),9,와인류,4,,
catchtable_hCbwVDhKIrgsgUyUqkBEOg,해와달,True,weighted_match,476,,,,,,,,,,
catchtable_WldtsQrfd1WzgfcoFhW8vw,원스,True,weighted_match,5617,오리가슴살 스테이크,216,리조또,132,생선,81,해산물,77,레몬치즈케이크,64
catchtable_Bk6soatSDdOO2AMyJHTVQQ,기장끝집 일광점,True,weighted_match,691,오직전복죽,165,전복미역국,63,전복미역국(단품),58,특전복죽,10,,
catchtable_w9V1hlbNgeP3KL1Xz2Jxlg,탐복 광교점,True,weighted_match,114,갈비전골 반상,8,구이반상,4,탐복죽,3,기운차림 세트,1,탐복 초계국수(여름계절메뉴),1
catchtable_lyBVHNWAAKAMMVByzF2N4w,오마카세 오사이초밥 상암점,True,weighted_match,153,코스 초밥,36,런치 스시 오마카세,7,디너 스시 오마카세,7,추가 피스 세트,7,왕새우튀김,6
catchtable_1EANFOzHA0zKOj0xP56NOg,비요리 ,True,weighted_match,120,닭고기 토마토 나베,9,후토마끼,6,청귤 하이볼,1,바질토마토 하이볼,1,삼겹숙주볶음,1
catchtable_lvx8y2DAhGVO_4lR1B5XDw,시옹마오,True,weighted_match,419,닭다리살 튀김 볶음밥,69,어향가지 튀김,56,옹박 치킨 덮밥,43,라구 탄탄면,38,고추폭탄 유린기,15
catchtable_TgdqdvK4tx1ipytPfrFEKA,소바쥬,True,weighted_match,573,점심 코스,86,저녁코스,86,,,,,,
catchtable_ZCGmgizQMT5N_cVVfFWkNA,이치규 본점,True,weighted_match,119,규카츠 안심 (ヒレにく),33,규카츠 채끝살 (サーロイ),22,[추가] 버터,9,[추가] 안심,5,명란크림우동,4
catchtable_DFKn2HO5BPKk3FzP6agglA,비노 보스코,True,weighted_match,187,산지직송 남해안 홍합 바질와인찜,58,산지직송 브라운 양송이 트러플 크림파스타,23,평일런치 한우1등급 안심스테이크와 파스타세트(선주문추천),23,새우살과 방울토마토 로제크림 파스타,16,신선한 참나물과 세세멸치 파스타 비노 보스코스타일,14
catchtable_EoMFdSukFYqb3F1EkZuc_A,스케줄 오스테리아(OSTERIA),True,weighted_match,1317,트러플 뇨끼,7,시저 샐러드,3,화이트 라구,3,크림뷔릴레,2,라구 라자냐,1
catchtable_EL5p-Ra0hO9G0cVU88_jTg,일편등심 강남역점,True,weighted_match,132,한우 된장밥,38,한우불고기전골(평일오후 2시까지),11,한우 한마리 A,11,한우 한마리 B,11,한우등심육회 130g,11
catchtable_BqvbHvF8F_7phwoo8kJ6Eg,삼동소바 의왕직영점,True,weighted_match,123,돈까스 DOUBLE,15,우동정식,12,삼동냉소바,12,삼동떡볶이,12,얼큰우동,9
catchtable_pmM6N3AfDkQMw-Z64D-IEQ,팔복 판교,True,weighted_match,354,팔보채,7,팔복 초마,4,호부추 잡채,1,팔복 라즈지,1,류린지,1
catchtable_8XKwmwc436ffxOtmZOJv2Q,소감 마곡본점,True,weighted_match,242,채끝등심(150g),23,콜키지 프리(무료) - 테이블당 1병,22,2인 세트,12,안심(150g),8,캐비어 토마호크 (100g),8
catchtable_rW6EX9x2bFVLkuqcvnwW9Q,박수식당,True,weighted_match,369,육회김밥,9,방게양념찜,5,제철메뉴,4,맥주,4,스텔라마리스,3
catchtable_z7PepEw6dYzPacOpI-IvAQ,제로 컴플렉스,True,weighted_match,902,Lunch Course,1,,,,,,,,
catchtable_kJhh6WzgkVzGCK_ErEmRZg,영지인 연남점,True,weighted_match,106,프라이빗룸 원테이블 디너 5-6인 (1인당),48,프라이빗룸 원테이블 디너 3-4인 (1인당),48,프라이빗룸 원테이블 디너 2인 (음식포함 이용료),48,프라이빗룸 원테이블디너 7-8인 (1인당),48,프라이빗룸 원테이블 런치 4-7인 (1인당),48
catchtable_Upl2WSig2vcM9zPTlxR_tQ,샤브올데이 용인 IC점,True,weighted_match,180,다양한 샐러드바 무제한 제공!,21,주말 및 공휴일(고기무제한),11,신선한 월남쌈 무제한 제공!,3,평일점심(고기무제한),1,평일저녁(고기무제한),1
catchtable_ViTwI9d0brLHJYh3DRVDpA,머.구리(muh.guri),True,weighted_match,322,몬테크리스토,25,버거,17,쉬림프 미트볼,7,아보카도 쉬림프 토스트,4,미트볼 크림리조또,3
catchtable_UDhePpuZXL1L9mK3mtP-vQ,불끈 제철음식과 장어구이,True,weighted_match,378,불끈 특!팔팔코스,49,불끈 팔팔 코스,49,보양 오리탕,45,스테이크 돌솥,11,한우육회,6
catchtable_lTSmvEx9ADwo9W_FVqI4Sg,알천비빔국수,True,weighted_match,203,비빔국수,31,동치미 국수,24,열무국수,20,잔치국수,8,고기만두,5
catchtable_GPG4xOqjnBhSTX6OYUr21w,라페름,True,weighted_match,589,당근라페,28,라따뚜이,23,단호박 귀리 리조또,10,아보카도 파니니,7,화이트 버섯 라구 파스타,6
catchtable_HbfYXanOMnzuQm0bss7dSQ,프로젝디,True,weighted_match,121,하와이안 피자,59,페퍼로니 피자,56,트러플 머쉬룸 피자,56,앵그리 루이지 피자,55,알프레도 피자,55
catchtable_MyQ1eb1tekYFsMlT51k_FQ,심퍼티쿠시 여의도점,True,weighted_match,531,우대갈비 리조또,14,송고버섯 리조또,4,마늘빵,3,4인 세트,1,김치볶음밥 아란치니,1
catchtable_28zAlFZHbvROiX6x6uj8iA,시추안하우스 압구정점,True,weighted_match,467,탕수육,19,꿔바로우,9,라즈지,7,어향가지,6,어향동고,5
catchtable_GZxlBuCzv-mOaEr3QudL4g,지칸 삼성2호점,True,weighted_match,128,소고기 스키야키,2,오늘의 사시미,2,트러플 광어 세비체,2,디너하프오마카세,1,게살크림고로케,1
catchtable_eHWrlYrN_HF7PuH9CuNG5A,스시이네,True,weighted_match,884,주말 점심오마카세,231,저녁 오마카세,219,콜키지,28,,,,
catchtable_MderUIE28zAy1N10ZjUqfQ,명백집,True,weighted_match,563,버크셔 곰탕,51,버크셔곰탕 (특),51,,,,,,
catchtable_WuGlcTn3wa_FCspv-EyXLQ,아리랑,True,weighted_match,101,전복 양념갈비살＆한우 불고기 도시락,10,봄철꽃게 간장게장/양념개장,8,전복 양념갈비살 도시락,8,차,7,한우불낙전골,5
catchtable_2G1vUcW4WDwBWzizezcCew,겟올라잇 해운대 ,True,weighted_match,570,칵테일,102,주류,12,,,,,,
catchtable_JrkzZeTWt_oNXXjTOB4Q5w,댈러스 피자 문래본점,True,weighted_match,181,세비체 피자,4,새로,4,페퍼로니 피자,3,쉬림프 피자,3,갈릭 감자튀김,1
catchtable_loFDYoX7H-ReUFaAinTuHg,심양 정자점,True,weighted_match,167,가지튀김볶음,51,모듬꼬치,35,데리야끼 양꼬치,34,오리지날양꼬치,32,꿔바로우,21
catchtable_Ku-9wgqg3u7JRWX9p1tZJQ,소연 서초점,True,weighted_match,119,안동국시,4,떡국,3,국밥,2,콩국수,2,녹두전,1
catchtable_8ribdF66erL9bZPBuiLVaw,후추스시,True,weighted_match,305,고등어봉초밥8P,88,가족세트,13,네기도로마끼8P,12,도미머리조림,9,숙성사시미(소),8
catchtable_RlqepOwf9eIMgO1ufRJVZQ,류니끄,True,weighted_match,266,Dinner,2,Lunch,1,,,,,,
catchtable_62GqSH7tomCZ190g0r7UDA,마방집,True,weighted_match,227,한정식 (1인분),32,돼지장작불고기(한접시),22,더덕구이(한접시),13,굴비장작구이,8,보김치,7
catchtable_lF6WCvkCQFpshGKr8trTwg,원조 개성집 남양주본점,True,weighted_match,100,녹두전,15,칼국수,12,만두전골,6,만둣국,5,도토리묵,4
catchtable_KVJ6ZHsy0_T__-sp7nk1Yg,벽돌해피푸드 한남점,True,weighted_match,217,마라샹궈,42,크림새우,16,우육탕면,3,사천식 돼지고기튀김,2,마라탕면,2
catchtable_0dtv8zJkawHikQYl2wo0-Q,스시율,True,weighted_match,113,올 타임 오마카세,35,,,,,,,,
catchtable_E23tzmEMHwceE5nPeOPl5Q,바이우,True,weighted_match,953,디너 오마카세,133,런치 2부,8,런치 1부,4,,,,
catchtable_U5CIsZjBKHuahInUpDgzGQ,삼김화로구이,True,weighted_match,172,순돼지갈비,27,목살양념갈비,16,명품삼겹살,4,한우한돈C,2,한우특선모듬A,2
catchtable_bfwAAmeE-xmzgUni05bKQQ,트키 도산,True,weighted_match,122,말차 바스크 치즈케이크,77,오리지널 바스크 치즈케이크,68,초코 바스크 치즈케이크,65,트키 소프트 아이스크림,2,,
catchtable_p1GLZ7V8v8BwZORCRzFyRA,신당동 주식,True,weighted_match,158,모듬회,3,닭껍질교자,2,미나리 회무침,1,미나리 새우전,1,보쌈,1
catchtable__h_LP6ceqNPSStwS3GxgGQ,지즈 광안점,True,weighted_match,225,카레,29,카츠산도,8,명란버터,5,에비산도,5,토마토 맥주,2
catchtable_VHsrKMqBI1ryE975odc4rQ,무아,True,weighted_match,1103,주류 페어링,82,디너 -> 런치에도 예약가능,70,런치,27,＊대관＊,3,,
catchtable_0Qxv_Mr4trHU3ylmzUqFdw,센트그릴 텍사스바베큐,True,weighted_match,509,비프립 플래터,114,새터데이 플래터,44,포크 플래터,31,핫 허니 포크립 플래터,31,파티 플래터,30
catchtable_rFjVYRxWwbM7XZ5s1d6jMA,키슌(kishun),True,weighted_match,296,우니,9,고등어 봉초밥,6,항정살 미소야키,4,1인,2,에비카츠 산도,2
catchtable_f9u2Wbucfrsvwq34QAEdQA,해월,True,weighted_match,1049,런치 스시 오마카세,322,디너 해월 오마카세,124,,,,,,
catchtable_mj1t-yFX4rH6vDS79Te31w,하이디라오 홍대점,True,weighted_match,2099,토마토탕,87,새우완자,39,버섯탕,16,청유마라,10,삼선탕,4
catchtable_gaY0aqnq84Tx0EXz9PxPRw,크래버대게나라 서초점,True,weighted_match,201,대게탕 - 평일 런치 식사메뉴,45,대게 라면 - 평일 런치 식사메뉴,45,레드 킹크랩 - 비즈니스 코스(600g),33,블루 킹크랩 - 비즈니스 코스(600g),33,레드 킹크랩 - 코스(특A 1Kg),32
catchtable_DWbphngy6RVglnibajaC-w,각 서울 · GAK Seoul,True,weighted_match,226,,,,,,,,,,
catchtable_5dhPZENQqBtqgszxQPcwng,미림양장 압구정 ,True,weighted_match,252,가지튀김,16,마파두부,8,꿔바로우,6,핫팟,3,짬뽕탕,3
catchtable_QvKcf7XFI5rNMqBgwiyxrQ,샤브올데이 서울상계점,True,weighted_match,201,다양한 샐러드바 무제한 제공!,23,주말 및 공휴일(고기무제한),9,신선한 월남쌈 무제한 제공!,8,품질 좋은 소고기 무제한 제공!,3,초등학생,2
catchtable_PKhrvJ5g7BHrqM-WoKqz_w,타치바나,True,weighted_match,2110,마제소바,139,봉골레 쇼유라멘,41,니보시라멘,30,야타이 카라멘,28,치킨난반,22
catchtable_jWLMJ_9XAvR6JqJcSzwp-A,라브리크 서울,True,weighted_match,656,마르게리따,9,화이트 라구 파스타,7,피스타치오 오일 파스타,4,고르곤졸라 크림 뇨끼,2,알배추 시저 샐러드,2
catchtable_6XLmFyrpZBPCfg0lQIhaWw,압구정고깃집 THE PRIVATE,True,weighted_match,130,물냉면,2,들기름막국수,2,스팸공깃밥,1,할머니냄비밥,1,비빔냉면,1
catchtable_FrmDtqZI-zmVbwyN03tvqQ,스펙트럼 페어몬트 앰배서더 서울,True,weighted_match,158,[주말] 중식/석식 뷔페,33,[주중] 점심 뷔페,27,[주중] 석식 뷔페,27,올 인클루시브 조식,1,,
catchtable_GlnfY8ohDj-yZaWO4vDSSg,솔트랑 SALTRANG,True,weighted_match,189,감자튀김,4,밤 아이스크림,2,씨푸드 치오피노 파스타,1,매쉬드 포테이토,1,들기름 아이스크림,1
catchtable__6Cw7xO6CoGtN-8tH3f6XQ,도토리소반,True,weighted_match,372,숯불 고등어 구이,40,도토리묵,14,갈치조림,10,곤드레나물밥,10,보쌈,9
catchtable_akFM2q0sXKe6zLkrAlHKYA,스시코우,True,weighted_match,1718,디너 오마카세,364,런치 오마카세,359,일품 진로,6,,,,
catchtable_g1T1IgBGTHdgrGVbEVYLtA,타츠수산TATSU SUSAN,True,weighted_match,193,대삼치,1,모듬 숙성회 한상차림,1,삼길포 활우럭 소금구이,1,제주산 참소라,1,주문진 멍게,1
catchtable_-FaudYSBC2OSMrSMCNjiIg,스시미나미,True,weighted_match,104,런치 오마카세,3,디너 오마카세,3,,,,,,
catchtable_xYm8ZfCkYvzvO5AZ6r62OQ,로마냐 | ROMAGNA,True,weighted_match,588,라비올리,80,까르보나라,28,라자냐,22,티라미수,18,트러플 아란치니,11
catchtable_SVkOiAdGdWJmJv4AXF7L8w,오스테리아 일템포,True,weighted_match,114,프라임 등심 스테이크 300g,16,드라이에이징 프라임 T-BONE 스테이크 800g,15,그릴드 치킨 시저 샐러드,7,이탈리안 구운 관자 요리,6,마르게리타 피자,5
catchtable_PUMAUPFs-C9BAWM9mpgs6w,슈보 카가리,True,weighted_match,651,옥돔 숯불구이. 비스크소스,40,트러플 아와비 카츠 산도. 게우소스,39,은갈치 버섯말이 숯불구이. 가지퓨레,37,트러플 스키야끼. 온센다마고 [1인],33,농어. 백합 버터 술찜,6
catchtable_-Bq3qA_RHI0RwkXn9WBPDA,직화장인,True,weighted_match,413,갈치속젓볶음밥,32,된장목갈비 200g,19,사계절된장찌개,15,돈마구로모둠 510g,13,고수무침,10
catchtable_MMTragJh5Hyj9mZihdSLwQ,윤숲과자점,True,weighted_match,130,두바이쫀득쿠키(쫀득볼),12,야끼소바팡,2,소금빵,2,쿠키케이크,2,버터캐러멜토스트,1
catchtable_7vGXHhR7bZsvmwJyOj7jkw,두쓰멍,True,weighted_match,243,오리 가슴 스테이크,12,사워도우와 버터,7,양고기 토마토 스튜,4,로메스코 소스 조개 스파게티,4,"오리 콩피, 흰 강낭콩",4
catchtable_nunvU0Scp8WcyO7D6p3O4g,신승반점 현대백화점 판교점,True,weighted_match,232,짬뽕,56,탕수육,45,백짬뽕,12,가지덮밥,10,볶음밥,9
catchtable_pZn4JgufFeNJAAXe7ybPkw,미카도스시 부천시청점,True,weighted_match,198,모든 접시 균일가,15,,,,,,,,
catchtable_UtKiceKCIzHmCfD9LyhFzg,레스쁘아 (L'Espoir),True,weighted_match,143,,,,,,,,,,
catchtable_wj3BpiwY_H35EKPelxiQSQ,평택우설화,True,weighted_match,119,상견례B코스 왕양념갈비,13,상견례 A코스 왕양념갈비,13,상견례B코스 왕생갈비,10,상견례A코스 왕생갈비,10,왕 숯불양념갈비 한정식,8
catchtable_y_H5wLwFMF4MqUSIvDHRsA,송부장돼지갈비,True,weighted_match,179,돼지生오겹살,38,양념돼지갈비,15,,,,,,
catchtable_zA71H2a3mj4YbAPpd6YhiA,와이즈오렌지(The wise orange),True,weighted_match,174,라구,12,아란치니,9,샐러드,5,삼각살 스테이크,4,오리 가슴살 스테이크,3
catchtable_Q1S7WBmep448RVpMGHfxfg,사케바 신콘,True,weighted_match,236,토리마파,5,이소베마끼,4,마구로마끼,2,말차 아이스크림,2,프로슈토 어란 스파게티니,2
catchtable_P2Qu6bPato0e1VuuFLYuKg,파크 하얏트 서울 코너스톤,True,weighted_match,186,코너스톤 X 메모 파리 시그니처 디너 코스,29,스프링 5코스 시그니처 디너,28,스프링 6코스 노빌레 디너,28,스프링 4코스 런치,28,스프링 5코스 런치,28
catchtable_imV3BmLbVZs42nbZn_Z8vg,델리봉,True,weighted_match,310,디너코스,44,,,,,,,,
catchtable_twQPDWOYfWA52EG2k_1v2g,본디,True,weighted_match,444,짬뽕찌개,4,장작껍데기,2,콜키지,1,누룽지 볶음밥,1,짐빔 하이볼,1
catchtable_KmYS7l47IpMdKOmzZwExsQ,맛고 연산시청본점,True,weighted_match,122,청정 이베리코 늑간살,16,청정 이베리코 목살,10,수제 양념 돼지갈비,6,두툼 숯불 껍데기,1,제주 프리미엄 오겹살,1
catchtable_QS13jvABOZN8_nET2HxqXQ,해담채 시청점,True,weighted_match,150,주말가족특선,11,해초고등어 반상,8,해초고등어 한상,8,보리굴비 정식,6,보리굴비 반상,3
catchtable_I5loz9P9IAdwBlPbTuZDpw,시누아즈(Chinois),True,weighted_match,830,멘보샤,65,휘낭시에,31,춘권,22,중화풍 타르타르,9,티라미슈,2
catchtable_YyFBVUl3lIF687jkpAvJJg,레스토랑 알렌,True,weighted_match,1192,런치 테이스팅 코스 메뉴,188,디너 테이스팅 코스 메뉴,188,,,,,,
catchtable_hfgZi1KFn7Ln3dhq0HqgDA,피제리아 호키포키 광화문점,True,weighted_match,240,표고 블루치즈 피자,116,치즈 피자,103,소시지와 버섯 피자,102,카치오 에 페페 피자,97,페퍼로니 피자,96
catchtable_969siseXN8QLGysoUrkD5A,카토,True,weighted_match,340,큐브 스테이크(Dinner),19,크리스마스 스페셜 스테이크,15,부채살 스테이크(Dinner),14,크리스마스 풀코스 디너세트(24-25일 한정),1,,
catchtable_nHKt1RSpU-oFXG9_FsRTCQ,리파인 서울대점,True,weighted_match,212,우대갈비,22,감자전,16,육회,6,비빔국수,4,들깨비빔파스타,4
catchtable_xMLUrhBg9D9nIqm1mrzuqg,옥스라이브파이어그릴 성수,True,weighted_match,963,OX 시즌 6 룸코스,193,OX 시즌 6,45,OX시즌6 런치,45,OX 시즌6 런치 주중할인,45,OX시즌5 26년 1월 2일~4월 7일,45
catchtable_1FppTGLsjFRkUNZtO8YX_g,소수인,True,weighted_match,473,가지덴가쿠,5,모찌리도후,5,표고버섯 육회튀김,4,사바보우즈시,3,모듬사시미,1
catchtable_LxJWWO0RO4NY4d8Ui2sRzw,노야 스타필드 코엑스점,True,weighted_match,223,노야 샤브 프리미엄 무제한 코스,48,노야 스키야키 프리미엄 무제한 코스,19,,,,,,
catchtable_3q3m98zurQDBvj8AxMLOCg,샤브올데이 부산수영점,True,weighted_match,962,주말 및 공휴일(고기무제한),59,평일점심(고기무제한),30,평일저녁(고기무제한),30,미취학 아동(36개월~7세),2,,
catchtable_lz65jLJK-Z7gzpkHz6MIkQ,아민 이화,True,weighted_match,137,모로코 잘룩,11,모로코 하리라,7,이스라엘 샥슈카,7,스페인 바칼라우,4,콜키지프리,4
catchtable_qgc5oKAKxtOI-7wapZtacQ,야키토리 키혼,True,weighted_match,557,사케,55,염통,8,날개,4,대파,3,껍질,2
catchtable_vskj9Xii90timI2j42G09g,베베르카,True,weighted_match,389,화이트 라구 생면 파스타,2,솔티드 고메 버터 프렌치 토스트,1,데일리 스프,1,치킨 시저 샐러드,1,그릴드 스퀴드 앤 버터 갈릭 라이스,1
catchtable_APQ_vnZWW2q0KJxPJM6L4w,스페이스오,True,weighted_match,194,새우와 낙지젓 삼색국수,9,소갈비와 더덕구이,3,구운 알배추와 콩비지 소스,2,순살 고등어조림,1,"샤퀴테리와 치즈, 과일",1
catchtable_HIbMWrKdFx3fhpp2yfO_WA,논픽스 ,True,weighted_match,161,감바스,3,한우 스테이크,3,하우스 스테이크,2,트러플 생면파스타,2,닭다리살 구이,1
catchtable_gr9N2gZZWUEaS7jw_yBW0A,노이,True,weighted_match,380,화이트 / 스파클링 와인,34,레드와인,33,,,,,,
catchtable_10P2lBX9xStJUljoIA6Rcw,리오네,True,weighted_match,291,티라미수,12,버섯 샐러드,3,트러플 파스타,2,부라타치즈 샐러드,1,소라 그라탕,1
catchtable_Y12WM4uq5f9yTaP5LZgDAw,레타주,True,weighted_match,119,글라스와인 / 바틀 와인,51,그릴에 구운 알배추와 견과류버터소스,10,논알콜 칵테일 & 칵테일 / 하이볼,4,파리지앵 뇨끼,4,그릴에 구운 씨저 샐러드,3
catchtable_TL8etPs5bTleU9QoYfPQjA,아베크 청담,True,weighted_match,607,비프웰링턴,16,크로플,8,고구마 튀김,6,삼겹 김치 볶음밥,6,그린 치즈 뇨끼,4
catchtable_H7BJrv_Hw9muoCoZLeaP5w,스시슌,True,weighted_match,324,런치 오마카세,89,디너 오마카세,88,,,,,,
catchtable_FH5ejHyFRXEsBRIa26m48A,르부아,True,weighted_match,343,부야베스,27,타프나드 파스타,6,토마토샐러드,4,티라미수,3,초리죠 치즈파스타,1
catchtable_ImD4ff-h6zapTzc0ZpPrEg,목화원,True,weighted_match,755,고등어 봉초밥 (부산/제주고등어),81,속초 청어 사시미 (지금이 제철),73,사시미 모리아와세 2인,50,사시미 모리아와세 3인,49,사시미 모리아와세 4인,49
catchtable_NM4vOFXRdgV6J1DjVtPBnQ,엘빈에비뉴,True,weighted_match,192,칵테일,28,생일 파티룸 세트,25,리코타 치즈 샐러드 / Ricotta Cheese Salad,6,샴페인 & 꼬냑 & 스피리츠 & 리큐르,6,레드와인 & 화이트와인,5
catchtable_RXGgDGWCqSAURt8eP6Tr1w,비움 (BIUM),True,weighted_match,123,디너,8,런치,5,,,,,,
catchtable_hnBGFzhfV9APJkXr_d8vAQ,구좌리 얼크니손칼국수 분당금곡직영점,True,weighted_match,127,샤브 손 칼국수,29,고기 왕 만두,6,쫄깃한 새우만두,4,,,,
catchtable_Ic18Xr6nLOyS1QYc3mxygQ,도치피자 고기동,True,weighted_match,162,감베리 풍기 샐러드,9,시저샐러드,6,감베리 크레마,4,감베리 에 루꼴라,3,디아볼라,2
catchtable_9Ye8Lp4cEZOFv6dbyjXhgg,월화갈비,True,weighted_match,110,마늘폭탄 직화구이,17,깍두기 볶음밥,12,껍데기,8,순두부찌개 추가,4,직화 우삼겹 라면,4
catchtable_GAejI7ArJnyS6X-l1D-phw,상해루 코엑스 마곡점,True,weighted_match,147,볶음밥,10,마라두부면,3,군만두,2,게살 볶음밥,1,마파두부밥,1
catchtable_g5p_OrSI8_kTSUCubi1lNQ,닥터로빈 한남점,True,weighted_match,121,통단호박콩크림스프,16,피스타치오토마토파스타,14,대구김페스토리조또,11,봉골레 블랑,1,살치살 스테이크,1
catchtable_yPc1zzzyBXcBU_zi1KbrfA,자주한상,True,weighted_match,410,해물파전,15,굴비 반상,2,낙지볶음 반상,2,녹두빈대떡,1,한우 로스편채,1
catchtable_rG7eVQko-Q2s359ZjxYwBA,푸드 실방 FOOD sylvain,True,weighted_match,271,새우요리 방식과 형식이 자주 바뀝니다. 방문당일 문의주세요,76,"소볼살, 레드와인, 감자, 버섯",65,"참소라, 가염버터, 파슬리, 바질, 식빵",32,"아귀, 보리리조또, 바지락, 새우 머리소스",28,오늘의 요리,12
catchtable___2wghHUrj6Mh3ifIl9STw,함루 서울역점,True,weighted_match,291,장어 계란말이,57,히츠마부시 바다장어,14,히츠마부시 (1마리),12,히츠마부시 (1.5마리),12,히츠마부시 (0.5마리),12
catchtable_TkLTRoTCZMON_XyJpvtPDw,석쇳집,True,weighted_match,106,한우 뭉티기,28,숯불닭갈비 한접시,8,초 신선 육사시미,7,초신선육모듬,6,호래기(꼴뚜기) 숯불구이,6
catchtable_-dY58NRd-8bceTjORgjomw,돗가비누각,True,weighted_match,327,한우맡김차림 단일코스(1인),86,한우맡김차림(전통주페어링포함),34,,,,,,
catchtable_H-xdfPBxf_m0Sxa5vlSgIQ,김수사 신세계 강남점,True,weighted_match,2587,김수사 스시 코스,513,김수사 사시미 코스,170,,,,,,
catchtable_WqoPBpWN2KvT3TICYQ_MMA,거대돼지국밥,True,weighted_match,327,거대고기+밥 [맑은/진한],88,돼지국밥 [맑은/진한],44,밀면사리추가,17,수육中,15,수육大,15
catchtable_bEdPNSF4eQEbSC7KR6Cw8Q,스키당 스키야키 교대점,True,weighted_match,111,1인 일본식 샤브샤브,16,네기도로 2pcs,13,양송이 새우튀김,4,자몽에이드,3,레몬에이드,3
catchtable_DU4rzPKaufGKS5xlrHPX_w,크리스탈제이드 상하이 팰리스 광화문점,True,weighted_match,567,북경오리,38,새우탕 크리스피 라이스 핫팟,30,7선 해물 짬뽕,23,두부피 새우튀김 (3PCS),20,양주식 볶음밥,13
catchtable_3cSNdEyRL50KeKUYvOAJug,톤쇼우 광안점,True,weighted_match,8652,로스카츠,664,히레카츠,485,에비카츠,95,카츠산도,77,버크셔K로스카츠,48
catchtable_yWfH-MvrfO7WfEpv84Rbxw,을지 장만옥,True,weighted_match,130,마파두부,5,청경채볶음,3,산동식 마늘쫑면,2,양배추볶음,1,사천라즈지,1
catchtable_GW3szQ1aP6LQorJon7vEjA,js가든 시그니처 잠실 에비뉴엘점,True,weighted_match,219,목화솜 탕수육,4,데이지,2,양장피,2,어향가지새우,2,탄탄면,2
catchtable_kiZ9M-NrLMqu2Z4sIjvBlw,마다밀,True,weighted_match,141,미나리 레몬 크림 파스타,19,계절 한입 타파스,18,바지락 듬뿍 보리 스튜,13,봄나물 샐러드 파스타,12,냉이 된장 라이스,6
catchtable_BH2nbj3OGvwQQpPvuKsc6w,청월관 도곡점,True,weighted_match,195,샤브샤브,54,육사시미,5,우니,5,등심,4,안심,3
catchtable_xYm9RzovC-exqVEATAr7Ig,라온 아시안 다이닝 바,True,weighted_match,205,동파육,68,와인,18,하이볼,9,단단면,9,김치말이 국수,1
catchtable_pMA-VU4iqnP8UVPjRLCprw,성북동면옥집,True,weighted_match,674,진,94,미,64,회냉면,34,선,22,수육,16
catchtable_LoCS5gTofM0e4EL2Hap_OQ,오르노 합정점,True,weighted_match,378,마스카포네 스피니쉬 루꼴라,10,마르게리타,6,앤쵸비 할라피뇨 파스타,2,마리나라,2,콜키지,2
catchtable_N09kwR-PvPvf26ybNzXkwQ,올림픽 긴자,True,weighted_match,506,점심정식,4,주말가족정식,2,점심코스,2,매생이 전복죽,1,주류,1
catchtable_lY7uQOzjD5H6B6lHxvnbsQ,우곱집 잠실본점,True,weighted_match,260,한우곱창구이,71,한우곱창전골,71,우곱집 우대갈비,54,한우염통구이,26,우곱집 특양 볶음밥(1.5인분),24
catchtable_OvlLKI8w9S5FKyUMxOMMvA,이루다제면소 본점,True,weighted_match,107,냉우동,30,바지락나베우동,27,눈꽃명란크림우동,26,만두나베우동,24,불고기나베우동,24
catchtable_Aarx5YD8ulzYld_k6qKYHA,데비스 (Debbie’s) ,True,weighted_match,552,Debbie’s French Toast 데비스 프렌치토스트,121,"Dinner Course D : 2인 이상, 최소 2일전 예약 필요합니다. (콜키지 프리 )",44,Scotch Eggs 스카치 에그,27,발렌타인 데이 스페셜 코스디너,13,Debbie’s Mimosa 데비스 미모사,12
catchtable_rzvrKtyj8uYp0psY459o9w,샤브인서울 신용산 본점,True,weighted_match,1509,새로,6,하이볼,5,콜키지,3,육수변경,3,육수 변경,1
catchtable_RIbRmp_EI9XLs1eQvVxjhw,도우룸 광화문,True,weighted_match,952,와인,39,참나물 따야린,20,감자 뇨끼,4,우니 버터 링귀니,3,봉골레 링귀니,3
catchtable__GVBjT94UrNWRUOphwgDCQ,드므,True,weighted_match,184,와인,115,글라스 와인,54,고구마 브륄레,14,마라 로제 라자냐,9,트러플 크림 라자냐,9
catchtable_eb61GTbtoz9lZl8eFcd_Hw,메리가든 판교,True,weighted_match,132,새우 비스큐 오일파스타,20,랍스터 비스큐 파스타,20,항정살 부추 페스토 리조또,9,우니 파스타,7,트러플 머쉬룸 피자,7
catchtable_1m930fV_QpU4YRqy_aSl8w,팀호완 강남역점,True,weighted_match,152,망고크림새우,4,사천식 완탕,4,유린기,3,연잎밥,2,청경채,2
catchtable_7n7V6_nuQJ2-V3qsQljDXQ,노윤,True,weighted_match,118,꼬꼬뱅,19,판나코타,5,트러플 오일 파스타,3,버섯 크림 리조또,2,에스카르고,2
catchtable_sYj_-cvp9QNdfhL2zpDSwA,데이릿 용산점,True,weighted_match,281,묵은지 육회마키,10,잠봉크림누들,8,직화족발누들,6,망고겨자 치킨난반,2,페퍼로니 치즈감자전,2
catchtable_bXHyHB4uw0B86y-tLswuww,웨스틴조선서울 나인스게이트,True,weighted_match,1257,,,,,,,,,,
catchtable_i6K3TghWIcUTD1gUZ3yHog,우몽블랙 안양평촌점,True,weighted_match,128,한우소고기 솥밥 정식,30,A코스,21,B코스,20,C코스(미경산 한우),19,한우 해장라면,19
catchtable_jEnRpqluA719LQjVbqMjfQ,스시 결,True,weighted_match,814,런치 오마카세,90,디너 오마카세,89,룸 런치 오마카세,88,룸 디너 오마카세,88,,
catchtable_0GBw_XTxGSg-jgLZUyWhvg,카네다,True,weighted_match,317,메뉴 상시 변동,2,,,,,,,,
catchtable_0uASkc9MUpDuxQqQOqIU2Q,앰배서더 서울 풀만 1955 그로서리아,True,weighted_match,152,미국산 최상급 안심 스테이크 140g,8,미국산 최상급 와규 꽃갈비살 스테이크 140g,8,미국산 프라임 채끝 등심 스테이크 150g,6,루꼴라 잠봉 피자,4,고르곤졸라 피자,4
catchtable_ae6EKX0JBHK2wlcxt21Ggg,브라이틀링 키친,True,weighted_match,280,,,,,,,,,,
catchtable_jxuZQNULYAsu1uLTb6p7_A,옐로우보울(Yellow Bowl),True,weighted_match,100,치즈몬스터,12,비스큐 파스타,10,부라타치즈 샐러드,9,바질 페스토 파스타,8,레몬크림파스타,6
catchtable_pqfLZC-pnzShTDblZXkUpw,코테사키,True,weighted_match,169,스키야키,4,탄탄나베,2,야끼소바,2,난코츠 가라아게,1,혼술 사시미,1
catchtable_DVoPc98OJyXFGn3a90T94g,톰스키친,True,weighted_match,172,매콤치킨미소파스타,21,오징어 어란 파스타,19,베이컨 수란 파스타,18,곤드레 솥밥 리조또,16,포도 부라타 토마토,5
catchtable_CR-8uoRpZtMlfHTbGKVrkA,도량,True,weighted_match,3371,동파육,1629,양고기 튀김,103,팔보채,77,어향가지 튀김,54,크림새우,32
catchtable_tdVLY1ycDidUg0TjSbt6aQ,야키토리 이크 EEK,True,weighted_match,126,껍질,6,가지,3,고관절,2,안키모 숏파스타,2,염통,2
catchtable_-bK5p3ICg-FEAC-fnDi9Nw,아티스트베이커리 안국,True,weighted_match,3736,우유,173,우유크림 소금빵,26,트러플 바게트,25,아메리카노,18,레몬 소금빵,16
catchtable_gRKT659COa_3gSoqTgHu_Q,빌라쥬 드 아난티 겐지 다이닝 (KENJI DINING),True,weighted_match,180,"예약 시간에 늦으실 경우, 원활한 서비스 제공을 위해 코스가 빠르게 진행될 수 있음을 양해 부탁드립니다.",69,테이블석,2,,,,,,
catchtable_oOZfj0qTBcs2Diu_nU37tg,와라야키 사쿠,True,weighted_match,152,동파육,15,홍새우 비스큐 파스타,5,꽃게탕,4,청어덮밥,4,오이무침,3
catchtable_pLnRplci2suSiIDwO8L89Q,한쿡 N서울 타워점,True,weighted_match,1327,스페셜데이 런치 디너 - 예약 및 메뉴 안내,173,스페셜 남산 코스,150,[평일]런치스페셜코스 참숯 한우구이 비빔냉면 반상,142,프리미엄 남산 코스,141,런치 스페셜 코스 이용안내[평일만 이용],120
catchtable_gK5uPBp6feBheYuSXgX3aQ,ASTERUM 433-10,True,weighted_match,3615,쓴거,10,까눌레,4,메리골드티파티,3,하늘 고래 블루팝 요거트 스무디,2,카카오 녹턴 드리프트,1
catchtable_qd4ctuFwdGRhNJSiy6kEjw,셰프테이너,True,weighted_match,982,캐치테이블 Lunch Menu 6코스 / 1인,150,캐치테이블 Dinner 정찬 8코스 / 1인,150,캐치테이블 티본 스테이크 세트 / 2인,39,캐치테이블 티본 스테이크 세트 / 4인,39,최상급 안심 스테이크(250g),34
catchtable_U2AW0BXtzq2lwGsuFzUKWQ,화작[야키톤&니혼슈],True,weighted_match,973,화작 야키톤1인(1-2인 1bottle/3-4인 2bottle 주류필수),12,니혼슈,8,,,,,,
catchtable_hXkiPlipQaNHkRjTygA91A,쇼미더크랩 청라점,True,weighted_match,253,대게,15,킹크랩,12,랍스타,8,그린홍합,2,쉬림프,1
catchtable_JFtfV_5PKS5KOP54P3g9oA,무화서울,True,weighted_match,198,냉제육,3,오미자차,2,쌈장소스 가지튀김,1,표고가지새우,1,제육냉채,1
catchtable_BQDnbd128Z59QToGDwFU5g,오마카세 로바다세이지,True,weighted_match,327,세이지오마카세,51,,,,,,,,
catchtable_l6VgTIEUbgQg_Qp6f0OTsQ,얼스어스 서촌점,True,weighted_match,166,아메리카노,12,코르타도,2,,,,,,
catchtable_s5mmDIvqJMTmbJFVKOawqw,스시도쿠 더성수,True,weighted_match,332,절품스시,6,'뜨끈가득' 라이브 우육 스키야키,2,순도 100% 닭다리살 가라아게,1,타락의 안키모,1,스시도쿠 정품 히츠마부시,1
catchtable_0e2rm3KGc594TUz9j-sDOQ,빕스 합정역점,True,weighted_match,127,샐러드바(런치),12,샐러드바(디너/주말),12,,,,,,
catchtable_3sdOfGfGyF8v2ds1yqESXw,비스트로모브,True,weighted_match,142,가리비 관자 오일 뇨끼,14,트러플 크림 파스타,13,관자 리조또,12,24/25일 크리스마스 코스메뉴,7,한우 라구 파스타,7
catchtable_6O-BKT4RL9cSF5pwfB1DvQ,페어링룸,True,weighted_match,2216,딱새우 비스크 링귀니,8,발사믹 관자와 감자 퓨레,7,트러플 파케리 파스타,6,전복 솥밥 리조또,5,항정살 페퍼 메주파스타,4
catchtable_F96Z5HFHDxtpAN7_OO3P2Q,아메리칸 테이블,True,weighted_match,127,트러플 오일 머쉬룸 파스타,5,해산물 레몬오일 파스타,3,시금치 고르곤졸라 피자,3,스파이시 크림 베이컨 리조또,3,부라타 치즈 소세지 토마토 파스타,3
catchtable_72qzXgg_fvX9YNVFxtvnSQ,요코 동래본점,True,weighted_match,177,오코노미야끼,8,야끼소바,8,스테이크 카레,4,해물야끼우동,3,옥수수전,1
catchtable_5tCRNcLB0mqORo_6hXCsNg,낙원타코 스타필드고양점,True,weighted_match,103,한우대창파히타,12,낙원파히타,9,미트콤보파히타,9,치폴레 크림 파스타,8,스테이크 브리또,5
catchtable_rp5Eiuy7Zz3BIOsIhzPuIQ,규민초밥,True,weighted_match,129,우동,2,메로구이,2,카이센동,2,반우동,1,어린이 돈까스,1
catchtable_ul0B5CYqLCjxEfvYTTiI9g,솔른 서울,True,weighted_match,106,디너 코스,29,런치 코스,28,,,,,,
catchtable_xEsP1qjIbQNNIXX1XzO6tA,카페 타임 서울점,True,weighted_match,115,사워도우,3,프렌치 토스트,3,봉골레,2,당근 라페,1,타임 브런치 플레이트,1
catchtable_C5jntRSebbajJbw4zjjI2w,지즐 한우오마카세 선유도역점,True,weighted_match,276,한우1++ 프리미엄 특수부위 랍스터 코스,31,한우1++ 프리미엄 특수부위 코스,28,한우1++ 등심 코스,25,,,,
catchtable_F76ac2RxQ1hTnakSSuAzVA,서울집시,True,weighted_match,264,사천식 라구 파스타,18,볼케이노 감자샐러드,10,베트남식 고수 치킨 윙,9,중화풍 산초 아게다시도후,6,초리조 테이터 탓,3
catchtable_9haXboASXSTNky1Oa0avZg,에그궁,True,weighted_match,710,새우 투움바 오믈렛,4,새우 투움바 파스타,3,새우 치즈 오믈렛,2,스파이시 감베리,2,와사비오믈렛,1
catchtable_jJl2vKlgXEGSxWXI4J_4ow,우시야,True,weighted_match,913,우설,39,꼬리,19,대창,15,안심,7,채끝,6
catchtable_mueftbcWmsgCwfjjDaJyfg,스탠다드 브레드 해운대점,True,weighted_match,416,크림브륄레 프렌치토스트,3,라떼,2,브리오슈 식빵,2,에그인헬,1,얼그레이,1
catchtable_yz576CuMovr9fIlQdlzeWg,묘:우 卯優,True,weighted_match,893,카운터코스,210,룸코스,191,1++No.9 한우육회비빔밥,52,1++No.9 한우 육회,49,1++No.9 한우 육사시미,45
catchtable_Rmu_CPp6zbm74SldpXL_HQ,산타루치아,True,weighted_match,336,안심,6,단호박,4,티라미수,2,봉골레,2,쉬림프 로제,1
catchtable_mEAd74Ca3wN6qSQVfFrKaA,레스토랑 레땅,True,weighted_match,362,시즌코스,82,,,,,,,,
catchtable_aIdZmfkshZ-Z7IJpCmebsw,무무옥,True,weighted_match,246,묵은지 고추장 육회 마끼,5,도토리된장 고기국수,5,미나리 직화 닭국수,3,동파 항정 덮밥,2,차돌 들기름 국수,1
catchtable_eiSFCBbI2odwKgifyMRMwA,우마블,True,weighted_match,249,육회,16,안창살,10,눈꽃등심,7,살치살,5,특안심,3
catchtable_GeUQ-lJWuO6J5qVIC_Zlfg,KIMI,True,weighted_match,454,팀발로,42,닭,19,오렌지,9,부라타,6,생선,6
catchtable_5yNisC5tkxOHfmLvCi2q_Q,샤브올데이 인천가정점,True,weighted_match,151,주말 및 공휴일(고기무제한),13,,,,,,,,
catchtable_2XvX9z9Rg9AgcDbb-CCGzg,버누드 BurnWood,True,weighted_match,274,가지라자냐,4,대파크림 파스타,2,화이트 라구 파스타,2,한돈 항정 스테이크,1,한우타르타르와 오븐브레드,1
catchtable_B1btK41Z71YB5L7joXtqhA,초필살돼지구이 남포점,True,weighted_match,102,필살 껍데기,66,진짜 뒷고기,27,촌돼지 김치찌개,7,더블치즈계란찜,2,애호박 된장찌개,1
catchtable_hW3elzjebTRyKwtPBBAP1Q,솔직한우 잠실점,True,weighted_match,381,(런치메뉴)한우 고기곰탕,219,(런치메뉴)한우 육회 비빔냉면,150,(런치메뉴)한우 육회 비빔밥,123,한우 육회 타르,98,한우 대창 된장찌개,97
catchtable_knnqkGfnFte7kbbnZPDieg,라임 비스트로 앤 와인바,True,weighted_match,286,도토리 파스타,41,클래식 라자냐,27,명란 빠게리,12,루꼴라와 바질이 올라간 가지구이,8,바칼라,4
catchtable_r5QX23vjDT_SuPYd5oKt6g,금손1983,True,weighted_match,430,안주 맡김차림,23,금손 맡김차림,8,,,,,,
catchtable_qBGew4dA-nMcPuQO8jwQvA,청담윤 [스시&데판] 일식 오마카세 ,True,weighted_match,764,,,,,,,,,,
catchtable_30lqUktJGjxRZJD0nynJ7g,루스티코,True,weighted_match,230,고구마 튀김,9,뽀모도로,5,잠봉 부르스케타,2,라구 파파르델레,2,홍새우 파스타,2
catchtable_i-4rpslM-mJavA_l0TurNQ,멘야준 홍대점,True,weighted_match,424,시오라멘,87,쇼유라멘,31,고기밥,15,블랙쇼유라멘,8,쇼유라멘+1,2
catchtable_kCGQy9aUxE9sfBbXJMH3ww,밀리토피아 다이닝100,True,weighted_match,245,(주중/주말) 조식뷔페,25,(주중) 뷔페 소인 (런치),23,(주말) 뷔페 소인(런치/디너 동일),23,(주중) 런치 뷔페,22,(주말) 런치 뷔페,22
catchtable_2HEXoshn1yoVFw7oh41NyA,곡성 성수,True,weighted_match,102,와인 보틀,57,꽃다발 증정 샘플,22,테이블 센터피스 데코,22,곡성 런치코스 (꽃다발 증정),3,곡성 디너코스 (꽃다발 증정),3
catchtable_qBWCAaV0GFV8ok8Zts2JdA,온밥 광안점,True,weighted_match,211,고등어구이,13,연어구이,8,고추장불고기,4,간장계란밥,3,대삼치구이,2
catchtable_kT8yRczXiCC4ShVIW9hbWg,란수사 일식,True,weighted_match,142,보리굴비 정식,33,사시미코스 A,18,사시미코스 B,18,사시미코스 C,18,숙성사시미 & 해산물,12
catchtable_bBDReQboRFD1p_GvBR5eZQ,특별한초밥,True,weighted_match,172,한접시,12,한우육회물회 [시즌메뉴],9,우동,4,,,,
catchtable_TsbYC5-0pT7R9BrZjBJtBg,아루히 나나,True,weighted_match,826,7.9세트,4,5.9세트,3,,,,,,
catchtable_7AI-mIuFtQgRuyvbs9IkCA,빕스 강동아이파크더리버점,True,weighted_match,121,샐러드바(런치),6,샐러드바(디너/주말),6,,,,,,
catchtable_yAMQSrqtElMGSD67H3SGhg,Chai797 SFC점,True,weighted_match,426,딤섬,52,고기류,9,해산물,4,꿀소스 이베리코 차슈,4,스프,2
catchtable_xVyrGi7FdMgWEzKNKR0FKw,유어네이키드치즈,True,weighted_match,806,네이키드 샤퀴테리 플래터,155,네이키드 치즈 플래터,152,시즈널 치즈 플래터 (변동가),133,프리미엄 치즈 플래터,133,유네치X우미학 치-즈 깍두기 볶음밥,41
catchtable_8PCFE_IsLqGZtPtzFYog-Q,경송,True,weighted_match,265,경송마늘갈비,36,점심마늘갈비정식,33,들기름비빔메밀막국수,22,양념 왕 생갈비,21,한우육회,11
catchtable_88065ZaP9LYdSUKGlsvYpg,하이디라오 부산역점,True,weighted_match,948,닭다리 고기(150g),74,셀프소스바 (1인),57,소스지(120g),49,새우완자,34,날치알새우완자(100g),14
catchtable_0I9_qvqAgwSH2YX6Z_nEdg,샤브올데이 수원 정자점,True,weighted_match,521,주말 및 공휴일(고기무제한),40,평일점심(고기무제한),8,평일저녁(고기무제한),8,초등학생,2,,
catchtable_FWWEz1rMnab_qPk5Qp9aPw,청산1954 광안리본점,True,weighted_match,170,편백낙지보쌈,29,꿀마늘낙지보쌈,26,통낙지해물찜,20,쫄깃낙지만두,18,오독낙지볶음,17
catchtable_B5kaeVysSNxZWTFgZYH13g,우멤버,True,weighted_match,289,1++No.09 한우 트러플 아보카도 치즈 버거 세트(한우버거 2pcs & 감자튀김),42,런치 스페셜 코스(1인 15만원),38,"디너 라이트 코스(1인 10만원),",35,런치 라이트 코스(1인 10만원),35,디너 VIP 코스(1인 35만원),32
catchtable_vYyBqgG61BMDo8JZ_PCFIg,데빌스바지니코,True,weighted_match,241,Marghrita buffalo 마르게리따 부팔라,15,Marghrita 마르게리따,14,Diavola 디아볼라,9,Gamberi 감베리,8,Salsiccia 살시챠,3
catchtable_pKxrfnNBvzTXO7YZHX9EYA,피키오(PICCHIO),True,weighted_match,326,"올리브튀김, 트러플 살사",45,"감자튀김, 트러플 제스트, 하몽",34,피키오 Dinner 코스,3,올리브 보트,3,,
catchtable_kRTGmk5nbuN4THMIUwbvMQ,우뮬 연남,True,weighted_match,156,한우 1++ 7종 디너 오마카세,28,한우 1++ 5종 점심 오마카세,28,,,,,,
catchtable_tfBXxeIMgO_EauLVivL7CA,레스트,True,weighted_match,202,마스카포네 치즈 아이스크림 Mascarpone cheese Ice cream,35,포르치니 트러플 생면 뇨끼 Porcini Truffle Gnocchi,29,들기름 참나물 파스타 Perilla oil Chamnamul Pasta,17,제주 돼지 목살 스테이크 Jeju pig Boston butt steak,5,알배추 구이 Grilled cabbage,5
catchtable__GOBAZFjPMsGYDu8G1mNOg,샤브애작 온천장점,True,weighted_match,104,주말/공휴일(100분),5,초등학생,2,미취학아동,2,,,,
catchtable_JLZthvOEUij_dYa5nQ70mA,꼬르동 파스타 룸,True,weighted_match,101,버섯 크림 크럼블 생면 파스타,19,홈메이드 미트볼 라이스,12,로제 크림 생면 파스타,11,채끝 스테이크와 가니시,8,루꼴라 갈릭 쉬림프 생면 파스타,7
catchtable_19uNYs75bScYKUEBt0jxlg,스테이564,True,weighted_match,349,까르보나라,3,루꼴라 피자,2,감바스,1,바질 관자 리조또,1,고르곤졸라 피자,1
catchtable_GTHhpAgB8FC-fOaZegfu5w,볶는집,True,weighted_match,1709,계란말이,112,레몬사와,40,생맥주,11,꽃게라면,8,땡초막창,3
catchtable_ZLrX9cNEKvnDFBXYB583bg,바오하우스 광안리,True,weighted_match,110,밥,10,우육미엔,8,볶음밥,7,램커리바오,6,토마토달걀볶음,3
catchtable_kzf3RAqHvnOQWzOPzMbVFA,611 woodfire,True,weighted_match,442,디저트,58,식사,58,메인,34,스프,18,아뮤즈,10
catchtable_gXY6qPPSk1xQLD6CGIwkXQ,미림양장 전포점,True,weighted_match,183,가지튀김,14,마파두부,9,꿔바로우,8,등갈비튀김,6,멘보샤,4
catchtable_nlPE7w0oUDr-46lXm8sfJg,포맨티코,True,weighted_match,422,파인애플 볶음밥,16,비빔 쌀국수,4,2인세트(B),3,차돌 샐러드,2,수제고로케,1
catchtable_neCtSBOTti1E6s0FJkJJ7A,메리가든,True,weighted_match,307,새우 비스큐 오일 파스타,37,페페로니 피자,12,트러플 머쉬룸 피자,12,콰트로 포르마지 피자,11,스테이크 버섯크림 리조또,10
catchtable_-yK-YYSonZUnbwwAY4ySfw,샤브올데이 서울신내점,True,weighted_match,180,다양한 샐러드바 무제한 제공!,30,주말 및 공휴일(고기무제한),10,신선한 월남쌈 무제한 제공!,4,품질 좋은 소고기 무제한 제공!,3,리버스탭 무제한 제공!,2
catchtable_fBoDUImdWOvo19NyuwyrvQ,신라스테이 해운대 Cafe,True,weighted_match,303,주말 뷔페 (성인),28,주말 뷔페 (어린이),28,"주중 및 주말, 공휴일 (성인)",8,"주중 및 주말, 공휴일 (어린이)",8,주중 브런치 (성인),2
catchtable_pRe9LwYqPvfQZf0VnJTimw,글로리식당,True,weighted_match,168,글로리모듬숙성회 2인,26,해물라면,7,육회비빔밥,7,,,,
catchtable_ISOmagj4C5My10nzz6SQSQ,붓처스컷 아브뉴프랑판교점,True,weighted_match,414,한우 티본 스테이크(750g),104,함박스테이크 & 갈릭 라이스,91,프렌치 어니언 스프,15,한우 안심(200g),15,시저 샐러드,13
catchtable_JIhVLFB6PkqmaIcTO3iJ1g,코리아나호텔 사카에,True,weighted_match,288,평일런치오마카세2부ㆍ,63,토요일ㆍ공휴일ㆍ 런치오마카세,63,런치오마카세1부,62,디너오마카세A,62,디너오마카세 B,62
catchtable_PyVL2HiKyH1zIsChYQvtMA,와뱅,True,weighted_match,228,와인 오마카세,181,가지 카르파쵸,7,샤퀴테리,6,올리브,6,부르고뉴치즈 크래커,5
catchtable_uxzExLou9IX2mA0shIHtEA,빠델라 디 파파,True,weighted_match,174,감베리로쏘,2,스콜리오,2,루꼴라피자,1,프로슈토 루꼴라,1,뽀모도로,1
catchtable_9wAFnri9qtpb3tt-BHmcOA,러반로제 레스토랑,True,weighted_match,1456,🥗스테이크 샐러드,113,🍽 랍스타 씨푸드 스테이크,111,🍽 비프 안심 스테이크,103,🍽 양갈비 스테이크,96,🎀 봉골레 파스타,58
catchtable_heNQzXudOCwJC_yOf6Joqw,얼스어스 연남점,True,weighted_match,121,베리베리 베스트로베리 크림치즈 케이크,46,"그래, 놀라지마 이거 케이크야",26,한 피스만 따악 해치오구 갈게요? 케이크.,26,베리베리 베스트로베리 요거트케이크,5,,
catchtable_8TSnNJFhKOSx7cnK942_Sg,프라테르frater,True,weighted_match,852,은대구 파스타,130,관자,76,어란 파스타,15,감자튀김,10,월간 스페셜 파스타,5
catchtable_O2qpYYtyik3i0JpDuNWF9Q,스시 아리가,True,weighted_match,1519,(런치) 카운터 오마카세,189,(디너) 카운터 오마카세,189,(디너) 테이블룸 사시미코스,107,(런치) 테이블룸 코스,90,,
catchtable_S76IxuEqzmOuMiZuvz_b1w,꿉당 성수점,True,weighted_match,678,분자,3,열라면 투움바,2,맥주,1,KOKUMI 쌀밥,1,음료,1
catchtable_Wr-nX2owgG0J9VTMcII3Dw,윈덤그랜드부산 더 브릿지,True,weighted_match,379,[주말] 런치 성인 1인,4,런치 어린이 1인,3,디너 어린이 1인,3,[주중] 런치 성인 1인,1,[주중]디너 성인 1인,1
catchtable_ZhPsGnUBHdLvHOn1ASf54Q,고메램 신사,True,weighted_match,324,고추명란밥,3,된장찌개,2,관자,1,고메 세트,1,쿠로마유 비빔면,1
catchtable_d-NHUNNGML4BEoQULHtv7g,단상,True,weighted_match,1515,문어튀김,68,성게알 냉 카펠리니,21,B코스,11,A코스,10,항정살튀김,8
catchtable_sATLnY4UHPfiBA90viI41g,솥두껍 양재본점,True,weighted_match,181,삼겹,22,미나리,12,목살,6,더덕,5,공기밥,1
catchtable_zH_YViXGJCzeyhTVJFyJ5A,고메정식당 교대본점,True,weighted_match,154,돼지 고기 김치찌개,72,리코타 치즈 과일샐러드,17,15일 드라이에이징 숙성 삼겹살,12,15일 드라이에이징 이베리코 숙성 목살,9,해장 라면,7
catchtable_O0AvaTcq426fBPuLn2v9FA,부산에 뜬 장어,True,weighted_match,107,장어덮밥,9,양념더덕구이,6,특장어덮밥,5,장어탕,4,백합탕,2
catchtable_N-3SZfRvuhRc_kyh7RGk0w,강화손칼국수 본점,True,weighted_match,163,부추전,65,김치만두(4알),42,바지락칼국수,40,얼큰바지락칼국수(2인이상),35,고기만두(4알),21
catchtable_tikbtRHU625mvtwL6t7KWw,포이집 (POIZIP),True,weighted_match,121,DRY 하이볼,25,방아페스토 파스타,18,와인,11,캔디드 넛츠 플래터,8,포이집 삼합플래터,5
catchtable_-t6Rln0RnaMkQ9etzAx1Qg,치티,True,weighted_match,496,블랙트러플 크림 뇨끼 (Black truffle gnocchi),129,해산물 파스타,118,홍새우 비스큐 파스타,114,아란치니 (Arancini) (5pcs),26,문어 튀김 (Fried octopus) (2pcs),20
catchtable_-xQAnZ5KlmzQ7w23tmDy0Q,탭샵바 여의도점,True,weighted_match,119,그릴드 오이스터,4,항정살 구이와 알배추쌈,4,엔초비 파스타,3,김치 볶음밥,2,모엣 & 샹동 페어링 메뉴,1
catchtable_1jHFnLOk0qNzoORRkRzUXQ,그곁,False,kiwi_fallback,242,사장,92,방문,77,전통주,56,페어,39,설명,39
catchtable_JfJVIbu7AhNRWzIrace1gA,퍼시몬_용산(persimmon_ys),False,kiwi_fallback,246,방문,87,와인,55,사장,49,파스타,40,셰프,28
catchtable_Pwq8V7YTbrfdyn5hdFFNkA,프레고피자,False,kiwi_fallback,120,피자,121,웨이팅,39,방문,38,화덕,30,도우,26
catchtable_iU7kumuMNGrd7g7Jvd9N4w,재인,False,kiwi_fallback,105,케이크,26,무화과,15,픽업,14,딸기,13,감사,12
catchtable_ohDY0C6RHwaYmqnVUKP11g,상남스시,False,kiwi_fallback,1270,예약,324,방문,261,스시,236,가격,220,가성비,149
catchtable_HCYRWxy0B5nGyPk5csO10Q,고메스퀘어 해운대벡스코점,False,kiwi_fallback,169,초밥,74,뷔페,47,종류,46,방문,43,다양,35
catchtable_b-7HUk9BEbLEuKVuo7iq0g,조선 팰리스 강남 더 그레이트 홍연,False,kiwi_fallback,1568,코스,303,방문,247,만족,167,딤섬,158,시간,139
catchtable_XfXfiMa_Rwc4bG91XgauLg,마담갓포,False,kiwi_fallback,949,방문,524,사장,394,생일,244,감사,208,기념일,184
catchtable_V5BGw8p0P0kR6iGIud1QcA,가네끼스시,False,kiwi_fallback,1809,방문,624,셰프,343,스시,338,만족,314,감사,273
catchtable_ZbwW5jXTYk-Fhu0WjDJxWg,사치문-오마카세,False,kiwi_fallback,190,방문,68,만족,39,사시미,38,쉐프,34,설명,27
catchtable_CWJ6BmiK36SyTtc1RKKpxA,스시보라,False,kiwi_fallback,892,방문,369,오마카세,241,다음,156,만족,153,가격,150
catchtable_IVSsTITqKeA04UCHDLhRHw,해율만두전골,False,kiwi_fallback,227,만두,49,방문,47,커피,44,버섯,34,만족,28
catchtable_EOe-qvcCkrAn96jT3JJ1XA,식당민홍,False,kiwi_fallback,282,방문,95,코스,62,오마카세,52,만족,45,주류,45
catchtable_LAQz7H-I6BzUVYXaa7IKWA,올라 의왕 아울렛점,False,kiwi_fallback,161,방문,33,파스타,25,모임,18,가족,17,예약,16
catchtable_jGK3tmb7QgCP4Z9rluxtYw,소배,False,kiwi_fallback,126,방문,46,와인,29,예약,21,부산,21,파스타,17
catchtable_oN-txklHIVwa6QnXnaf9LQ,버커스 송도 트리플스트리트점,False,kiwi_fallback,138,바베큐,46,방문,44,고기,35,소스,32,타코,21
catchtable_WzWQCuZuZyzZvC3YPG-Xmw,Tinto,False,kiwi_fallback,343,와인,217,방문,62,사장,53,비프웰링턴,36,가격,33
catchtable_HP_p--hFyHmn6njsHY6F5A,스시미즈미,False,kiwi_fallback,230,방문,75,오마카세,65,쉐프,43,설명,37,다음,36
catchtable_OOBxc7nHYfIF1rqAa2t0hg,Barboo (바부),False,kiwi_fallback,849,와인,298,방문,265,파스타,117,다음,97,창가,88
catchtable_XXv_8SdX2wTc4m8aI_605Q,스시이치에,False,kiwi_fallback,409,방문,120,오마카세,104,사장,100,스시,86,가격,86
catchtable_mh7Q5Sek1KT-9cWTaOTESg,바르미 스시샤브 반포점,False,kiwi_fallback,328,방문,62,가성비,47,모임,46,고기,46,시간,45
catchtable_zckIRsfQTTsL-1rVmxezyg,에쌍스,False,kiwi_fallback,1106,와인,256,방문,243,프렌치,134,느낌,104,스테이크,98
catchtable_eqOyIc79y6NaVAp9AOU1qQ,레브어,False,kiwi_fallback,848,와인,472,방문,289,소스,146,파스타,114,프렌치,108
catchtable_knordifOnAdLXChm3bUwMQ,카페 레이어드 연남점 (예약 픽업),False,kiwi_fallback,148,케이크,149,생일,39,친구,35,케익,26,레터,26
catchtable_N4BZetLhU5sFfplCGlzetA,드뷰문래,False,kiwi_fallback,408,와인,261,방문,123,사장,77,친구,70,파스타,49
catchtable_N2xwHDpf8mklA7nSZXfPVg,계절 키세츠스시,False,kiwi_fallback,407,방문,137,오마카세,84,가격,75,사장,62,스시,55
catchtable_mEnoyK4O2PtOnXqnftcLVg,Level: 0 레벨제로,False,kiwi_fallback,133,경험,105,공간,84,다이닝,62,페어,56,방문,56
catchtable_31Y4zM8otcrwWl7-Tq0IyA,스시기요세,False,kiwi_fallback,313,스시,112,방문,85,셰프,55,오마카세,49,만족,40
catchtable_O5X0iFacrBWPM6Y0QkC8Aw,스시산원 (선릉본점),False,kiwi_fallback,638,방문,158,스시,117,만족,100,오마카세,86,쉐프,78
catchtable_31kpSd6YsjX_6wAmU0DPWA,올음,False,kiwi_fallback,421,방문,143,전통주,118,사장,101,오마카세,89,설명,82
catchtable_xaBIkpOtxwNw0PO8T-dfKA,스시아토,False,kiwi_fallback,946,방문,310,오마카세,187,가격,173,만족,156,스시,151
catchtable_sO1D7SjlwQQuqhyK2o2mPg,우라야,False,kiwi_fallback,138,꼬치,43,방문,40,일본,36,야키토리,34,코스,16
catchtable_niSRTvYeknFYiqbFzkvbmg,팔발라,False,kiwi_fallback,645,방문,138,예약,130,테라스,118,파스타,82,와인,61
catchtable_83O6Q6hQuLL0yUMjLsIoNA,미가키,False,kiwi_fallback,157,사장,51,방문,43,초밥,26,고등어,21,다음,19
catchtable_Sy17bF2uR9CTCaCtNOlTZA,𝐌𝐞𝐫𝐫𝐨𝐢𝐫 [메루아],False,kiwi_fallback,231,파스타,123,와인,118,방문,64,소스,32,정도,31
catchtable_Vqd-azHaYpLM_Mir1OKJOQ,스시마츠모토,False,kiwi_fallback,450,스시,150,방문,94,마츠모토,87,샤리,57,셰프,53
catchtable_wR04-lALvSXzKz7F9q6hCQ,BUVONS 뷔봉,False,kiwi_fallback,197,와인,150,방문,59,시간,31,프랑스,28,만족,21
catchtable_FonK8M_pvkCSb_3XmVCXFw,스시노칸도 옥길점,False,kiwi_fallback,121,초밥,53,사장,29,아이,18,방문,17,맛집,16
catchtable_Iyfk0T6SUQ3khK3__wmPFw,신도랩 2.0,False,kiwi_fallback,148,스테이크,55,방문,44,고기,37,와인,34,시간,25
catchtable_E5YYNHIkt2iPE41PzFO9kw,kitcho  킷쵸,False,kiwi_fallback,514,와인,203,방문,156,사당,79,만족,67,파스타,50
catchtable_BC2mpxcynL_V7mZkhIsxtg,정지 더 키친,False,kiwi_fallback,184,방문,47,뇨끼,35,재료,33,파스타,30,샐러드,23
catchtable_hAGaERXmYh9dkgszj_LFqQ,파올로데마리아,False,kiwi_fallback,164,방문,45,파스타,35,이탈리안,23,이탈리아,23,감사,20
catchtable_nX941omv4pzsdYMrrdKnsw,고디바크레페 신세계강남점,False,kiwi_fallback,576,크림,167,초코,129,웨이팅,128,시간,92,주문,79
catchtable_gwYa8tx68Y9Yy_QsOWmOZw,세이류,False,kiwi_fallback,2446,예약,1141,방문,851,스시,461,만족,373,셰프,363
catchtable_Jf9yRNTP9IY0j-0CEMtWng,Campo,False,kiwi_fallback,483,와인,234,파스타,147,방문,133,만족,58,시간,50
catchtable_6wXh4Db3fBmVzSFm1E2YWg,피테일 PTALE,False,kiwi_fallback,780,방문,323,파스타,269,만족,108,스테이크,102,감사,101
catchtable_wfHqAymDROggLoGCdzBQ4Q,취양,False,kiwi_fallback,276,방문,113,고기,80,쉐프,74,시간,60,감사,52
catchtable_tStGhvTLVb8AUqViTHv2Nw, '파티셰리 키친205'(신세계강남점 스위트파크 지하1층),False,kiwi_fallback,183,케이크,92,딸기,84,웨이팅,46,대기,34,크림,30
catchtable_IJp-utV3CjCeBe4tMIrF3g,동양,False,kiwi_fallback,329,방문,102,오뎅,81,사케,71,어묵,69,예약,60
catchtable_pCJQ_dYRrAbYubdLFbWUvw,카페 하이웨스트 현대백화점 판교점(예약 픽업),False,kiwi_fallback,1246,케이크,684,생일,267,레터,262,주문,181,감사,143
catchtable_U6-uL_L8_eQi8mIwhEBw_w,비스트로 앤트로,False,kiwi_fallback,733,와인,264,방문,204,설명,100,만족,83,감사,66
catchtable_PW0o7hax7DsDgXvp_uunpw,시오미스시,False,kiwi_fallback,977,방문,324,오마카세,234,가격,198,만족,147,가성비,147
catchtable_AJd30XDx2rR2_CI6c-vyqw,카페 하이웨스트 익선점 (예약 픽업),False,kiwi_fallback,2067,케이크,1657,생일,476,친구,406,주문,312,다음,303
catchtable_Yp1yCquxW0KcxhiCywvQPw,스시코호시,False,kiwi_fallback,1495,방문,499,스시,364,만족,275,오마카세,246,감사,190
catchtable_k0lRVmpwTmz2Ls2mw8ocSg,리틀오스,False,kiwi_fallback,169,샌드위치,40,방문,38,브런치,36,커피,32,웨이팅,29
catchtable_4XyZgfrbfwtd7OqKykHZlA,비스트로 유비노,False,kiwi_fallback,228,방문,76,피자,49,와인,41,동네,41,파스타,39
catchtable_plmxqyYhZqPWv0Ow0XNU1w,홀썸,False,kiwi_fallback,112,재료,36,방문,26,건강,15,정성,12,시간,12
catchtable_a_WjsEBLreGjoh84gQc6BQ,스시이세이 잠실롯데점,False,kiwi_fallback,2116,방문,614,쉐프,477,오마카세,477,셰프,397,설명,341
catchtable_Y3qnq-yvDkIvYs-GHEnj3A,스시신카이,False,kiwi_fallback,1637,방문,513,셰프,471,스시,356,예약,345,카이,327
catchtable_XhkVbBdpf7qeBTJ76rbivw,아펙트(Afekt),False,kiwi_fallback,240,와인,143,방문,78,사장,35,뇨끼,35,파스타,28
catchtable_vmbRKLQMlWYcD2-5lketpA,하레마,False,kiwi_fallback,1357,방문,419,부산,356,스시,283,만족,182,샤리,150
catchtable_ztwAXikydqrvLU-BuPUmVQ,스시젠,False,kiwi_fallback,620,방문,203,만족,93,오마카세,86,감사,74,스시,74
catchtable_st6xtbxV_BORO1x2uQdrdQ,뽈뽀,False,kiwi_fallback,387,방문,124,와인,120,재료,107,코스,68,정성,56
catchtable_UDhS2FpnnWiBxB0wG6malg,베지위켄드,False,kiwi_fallback,364,방문,93,채소,89,건강,80,느낌,37,브런치,31
catchtable_xX7Fb5UFHj6ebsKQtD6o8g,동삼정,False,kiwi_fallback,105,방문,25,시간,14,김밥,13,안주,11,다음,9
catchtable_8XCdKTjw6Rks-Mi7q4k7_Q,방방,False,kiwi_fallback,1162,와인,519,방문,299,테라스,157,예약,132,시간,108
catchtable_3F5yUfPSFYL-RXkRU1X5Lw,트리드 (trid),False,kiwi_fallback,1773,방문,677,전복,386,예약,327,만족,303,와인,287
catchtable_1K6AyHZp6BHhqHkgvzm6BA,책바 Chaeg Bar,False,kiwi_fallback,245,방문,87,공간,67,시간,66,칵테일,66,혼자,41
catchtable_bOWn4AJeqiAj2FGmR9zcdw,허교수스시,False,kiwi_fallback,229,방문,94,쉐프,46,오마카세,44,만족,34,감사,34
catchtable_pGih42wVA4jTkQr2GuaNKQ,리브로,False,kiwi_fallback,379,공연,221,재즈,169,와인,116,방문,94,파스타,67
catchtable_vAipiOq3_1D8U8N4LXsRmw,카페 레이어드 연남점 (당일 픽업),False,kiwi_fallback,116,케이크,92,친구,24,예약,24,생일,22,만족,16
catchtable_2tE4Z-yLml_zEsLS17k2qg,카페 하이웨스트 현대백화점 판교점 (당일 픽업),False,kiwi_fallback,313,케이크,171,예약,83,생일,63,구매,47,레터,37
catchtable_kSIgN4mfv8ri48Nw8KIQoQ,카페 하이웨스트 익선점 (당일 픽업),False,kiwi_fallback,727,케이크,618,생일,217,친구,167,예약,167,매장,107
catchtable_tHhjBWy_cAeDOoebmCxkYw,서울몽,False,kiwi_fallback,250,방문,76,사장,44,이자카야,25,서울,22,친구,20
catchtable_xszsajp3sYp-qkK9_hBWsg,서촌 프렌치,False,kiwi_fallback,405,코스,130,방문,100,시간,76,정성,52,감사,47
catchtable_ZGNgjCyMuxU-JCTq_YLa0A,구루메 스시,False,kiwi_fallback,624,방문,192,만족,87,오마카세,78,설명,76,가격,73
catchtable_3bJa2BArvS1fkJYGoCb5gg,FRAMER,False,kiwi_fallback,552,방문,199,와인,147,테라스,115,친구,88,파스타,76
catchtable_nzwE5Qm8BUPdjIktC1xWmQ,스시사,False,kiwi_fallback,618,방문,144,셰프,119,샤리,96,느낌,67,재료,66
